{"type":"FeatureCollection","features":[{"type":"Feature","geometry":{"type":"Point","coordinates":[-102.301852,21.88768]},"properties":{"id":"MX-AGU-0003","nombre":"Aguascalientes II","portfolio":"MTP","estado":"AGU","municipio":"Aguascalientes"}},{"type":"Feature","geometry":{"type":"Point","coordinates":[-102.25206667,21.889725]},"properties":{"id":"MX-AGU-0006","nombre":"El Ejote","portfolio":"MTP","estado":"AGU","municipio":"Aguascalientes"}},{"type":"Feature","geometry":{"type":"Point","coordinates":[-102.26975,21.9033944]},"properties":{"id":"MX-AGU-0007","nombre":"Zona Militar","portfolio":"MTP","estado":"AGU","municipio":"Aguascalientes"}},{"type":"Feature","geometry":{"type":"Point","coordinates":[-102.2775599,21.9408667]},"properties":{"id":"MX-AGU-0008","nombre":"Pozo Bravo","portfolio":"MTP","estado":"AGU","municipio":"Aguascalientes"}},{"type":"Feature","geometry":{"type":"Point","coordinates":[-102.30563889,21.84545]},"properties":{"id":"MX-AGU-0009","nombre":"Cine Mexicano","portfolio":"MTP","estado":"AGU","municipio":"Aguascalientes"}},{"type":"Feature","geometry":{"type":"Point","coordinates":[-102.292583,21.863111]},"properties":{"id":"MX-AGU-0011","nombre":"Hospital General","portfolio":"MTP","estado":"AGU","municipio":"Aguascalientes"}},{"type":"Feature","geometry":{"type":"Point","coordinates":[-102.7154599,21.8425249]},"properties":{"id":"MX-AGU-0012","nombre":"Guayabas","portfolio":"MTP","estado":"AGU","municipio":"Calvillo"}},{"type":"Feature","geometry":{"type":"Point","coordinates":[-102.29331,21.8947805]},"properties":{"id":"MX-AGU-0016","nombre":"Petróleos","portfolio":"MTP","estado":"AGU","municipio":"Aguascalientes"}},{"type":"Feature","geometry":{"type":"Point","coordinates":[-102.29679,21.9676139]},"properties":{"id":"MX-AGU-0020","nombre":"Paseos","portfolio":"MTP","estado":"AGU","municipio":"TBD"}},{"type":"Feature","geometry":{"type":"Point","coordinates":[-102.2546722,21.87046944]},"properties":{"id":"MX-AGU-0021","nombre":"El Cedazo","portfolio":"MTP","estado":"AGU","municipio":"Aguascalientes"}},{"type":"Feature","geometry":{"type":"Point","coordinates":[-102.00595,22.0248111]},"properties":{"id":"MX-AGU-0024","nombre":"El Novillo","portfolio":"MTP","estado":"AGU","municipio":"Aguascalientes"}},{"type":"Feature","geometry":{"type":"Point","coordinates":[-102.3416806,22.17925]},"properties":{"id":"MX-AGU-0025","nombre":"Pabellón de Hidalgo","portfolio":"MTP","estado":"AGU","municipio":"Aguascalientes"}},{"type":"Feature","geometry":{"type":"Point","coordinates":[-102.2343333,22.3472222]},"properties":{"id":"MX-AGU-0026","nombre":"San Jacinto","portfolio":"MTP","estado":"AGU","municipio":"Aguascalientes"}},{"type":"Feature","geometry":{"type":"Point","coordinates":[-102.260536,21.976262]},"properties":{"id":"MX-AGU-5001","nombre":"Villas De San Felipe","portfolio":"MTP","estado":"AGU","municipio":"San Francisco de los Romo"}},{"type":"Feature","geometry":{"type":"Point","coordinates":[-100.33282,20.59417]},"properties":{"id":"MX-AGU-5002","nombre":"El Mirador","portfolio":"MTP","estado":"QUE","municipio":"La Cañada"}},{"type":"Feature","geometry":{"type":"Point","coordinates":[-102.338071,21.927423]},"properties":{"id":"MX-AGU-5004","nombre":"Los Pocitos","portfolio":"MTP","estado":"AGU","municipio":"Aguascalientes"}},{"type":"Feature","geometry":{"type":"Point","coordinates":[-102.314433,21.949672]},"properties":{"id":"MX-AGU-5005","nombre":"Alcazar","portfolio":"MTP","estado":"AGU","municipio":"Jesús María"}},{"type":"Feature","geometry":{"type":"Point","coordinates":[-102.288585,21.999382]},"properties":{"id":"MX-AGU-5006","nombre":"Jesus Gomez","portfolio":"MTP","estado":"AGU","municipio":"Jesús María"}},{"type":"Feature","geometry":{"type":"Point","coordinates":[-102.32086111,21.835528]},"properties":{"id":"MX-AGU-5007","nombre":"Club De Golf","portfolio":"MTP","estado":"AGU","municipio":"Aguascalientes"}},{"type":"Feature","geometry":{"type":"Point","coordinates":[-102.335452,21.926702]},"properties":{"id":"MX-AGU-5008","nombre":"La Herradura","portfolio":"MTP","estado":"AGU","municipio":"Aguascalientes"}},{"type":"Feature","geometry":{"type":"Point","coordinates":[-102.3168,21.897876]},"properties":{"id":"MX-AGU-5010","nombre":"Aguascalientes","portfolio":"CAPSA","estado":"AGU","municipio":"Aguascalientes"}},{"type":"Feature","geometry":{"type":"Point","coordinates":[-102.25465556,21.932725]},"properties":{"id":"MX-AGU-5011","nombre":"Vela","portfolio":"CAPSA","estado":"AGU","municipio":"Aguascalientes"}},{"type":"Feature","geometry":{"type":"Point","coordinates":[-102.270538,21.930385]},"properties":{"id":"MX-AGU-5012","nombre":"Benz","portfolio":"CAPSA","estado":"AGU","municipio":"Aguascalientes"}},{"type":"Feature","geometry":{"type":"Point","coordinates":[-102.237297,21.884254]},"properties":{"id":"MX-AGU-5013","nombre":"Maldonado","portfolio":"CAPSA","estado":"AGU","municipio":"Aguascalientes"}},{"type":"Feature","geometry":{"type":"Point","coordinates":[-102.293008,21.914045]},"properties":{"id":"MX-AGU-5071","nombre":"Mega Comercial","portfolio":"MTP","estado":"AGU","municipio":"Aguascalientes"}},{"type":"Feature","geometry":{"type":"Point","coordinates":[-102.282219,21.9145]},"properties":{"id":"MX-AGU-5072","nombre":"Villa Teresa","portfolio":"MTP","estado":"AGU","municipio":"Aguascalientes"}},{"type":"Feature","geometry":{"type":"Point","coordinates":[-102.315829,21.860504]},"properties":{"id":"MX-AGU-5073","nombre":"Isla San Marcos","portfolio":"MTP","estado":"AGU","municipio":"Aguascalientes"}},{"type":"Feature","geometry":{"type":"Point","coordinates":[-102.26605,21.8945861]},"properties":{"id":"MX-AGU-5079","nombre":"Santa Anita","portfolio":"MTP","estado":"AGU","municipio":"TBD"}},{"type":"Feature","geometry":{"type":"Point","coordinates":[-102.27284,21.8507278]},"properties":{"id":"MX-AGU-5080","nombre":"Del Parque","portfolio":"MTP","estado":"AGU","municipio":"Aguascalientes"}},{"type":"Feature","geometry":{"type":"Point","coordinates":[-102.3125167,21.87732222]},"properties":{"id":"MX-AGU-5081","nombre":"Del Valle","portfolio":"MTP","estado":"AGU","municipio":"TBD"}},{"type":"Feature","geometry":{"type":"Point","coordinates":[-102.28006944,21.87869444]},"properties":{"id":"MX-AGU-5082","nombre":"Lopez Mateos","portfolio":"MTP","estado":"AGU","municipio":"TBD"}},{"type":"Feature","geometry":{"type":"Point","coordinates":[-102.30914,21.8838889]},"properties":{"id":"MX-AGU-5083","nombre":"Emiliano Zapata","portfolio":"MTP","estado":"AGU","municipio":"TBD"}},{"type":"Feature","geometry":{"type":"Point","coordinates":[-102.30147222,21.86634444]},"properties":{"id":"MX-AGU-5084","nombre":"El Dorado","portfolio":"MTP","estado":"AGU","municipio":"TBD"}},{"type":"Feature","geometry":{"type":"Point","coordinates":[-102.274867,21.823215]},"properties":{"id":"MX-AGU-5088","nombre":"Villa Sur","portfolio":"MTP","estado":"AGU","municipio":"Aguascalientes"}},{"type":"Feature","geometry":{"type":"Point","coordinates":[-102.27705,21.91449444]},"properties":{"id":"MX-AGU-5089","nombre":"La Rioja","portfolio":"MTP","estado":"AGU","municipio":"TBD"}},{"type":"Feature","geometry":{"type":"Point","coordinates":[-102.3049,21.928044]},"properties":{"id":"MX-AGU-5090","nombre":"La Troje","portfolio":"MTP","estado":"AGU","municipio":"nan"}},{"type":"Feature","geometry":{"type":"Point","coordinates":[-102.25192,21.91631]},"properties":{"id":"MX-AGU-5091","nombre":"Lomas De Oriente","portfolio":"MTP","estado":"AGU","municipio":"TBD"}},{"type":"Feature","geometry":{"type":"Point","coordinates":[-102.249906,21.8419]},"properties":{"id":"MX-AGU-5093","nombre":"Fundadores","portfolio":"MTP","estado":"AGU","municipio":"Aguascalientes"}},{"type":"Feature","geometry":{"type":"Point","coordinates":[-102.276631,21.897197]},"properties":{"id":"MX-AGU-5094","nombre":"Poetas","portfolio":"MTP","estado":"AGU","municipio":"Aguascalientes"}},{"type":"Feature","geometry":{"type":"Point","coordinates":[-102.288814,21.879044]},"properties":{"id":"MX-AGU-5095","nombre":"Del Llanito","portfolio":"MTP","estado":"AGU","municipio":"TBD"}},{"type":"Feature","geometry":{"type":"Point","coordinates":[-102.255525,21.897953]},"properties":{"id":"MX-AGU-5096","nombre":"Villa Bonita","portfolio":"MTP","estado":"AGU","municipio":"Aguascalientes"}},{"type":"Feature","geometry":{"type":"Point","coordinates":[-102.24319,21.858222]},"properties":{"id":"MX-AGU-5097","nombre":"Plantas Medicinales","portfolio":"MTP","estado":"AGU","municipio":"Aguascalientes"}},{"type":"Feature","geometry":{"type":"Point","coordinates":[-102.24075,21.850661]},"properties":{"id":"MX-AGU-5098","nombre":"Mujeres Ilustres","portfolio":"MTP","estado":"AGU","municipio":"Aguascalientes"}},{"type":"Feature","geometry":{"type":"Point","coordinates":[-102.29116,21.88916]},"properties":{"id":"MX-AGU-5099","nombre":"Museo","portfolio":"MTP","estado":"AGU","municipio":"Aguascalientes"}},{"type":"Feature","geometry":{"type":"Point","coordinates":[-115.4088889,32.6705556]},"properties":{"id":"MX-BCN-0000","nombre":"MSC Mexicali","portfolio":"MTP","estado":"BCN","municipio":"Mexicali"}},{"type":"Feature","geometry":{"type":"Point","coordinates":[-116.916167,32.4701943]},"properties":{"id":"MX-BCN-0001","nombre":"Insurgentes","portfolio":"MTP","estado":"BCN","municipio":"Tijuana"}},{"type":"Feature","geometry":{"type":"Point","coordinates":[-116.968611,32.4713889]},"properties":{"id":"MX-BCN-0003","nombre":"Casa Alcanter Gonzalez","portfolio":"MTP","estado":"BCN","municipio":"Tijuana"}},{"type":"Feature","geometry":{"type":"Point","coordinates":[-117.085389,32.5218056]},"properties":{"id":"MX-BCN-0006","nombre":"Taller Arte y Diseño","portfolio":"MTP","estado":"BCN","municipio":"Tijuana"}},{"type":"Feature","geometry":{"type":"Point","coordinates":[-115.30531,32.421023]},"properties":{"id":"MX-BCN-0009","nombre":"Cerro Prieto","portfolio":"MTP","estado":"BCN","municipio":"Mexicali"}},{"type":"Feature","geometry":{"type":"Point","coordinates":[-115.3727778,32.6052778]},"properties":{"id":"MX-BCN-0010","nombre":"Villa Florida","portfolio":"MTP","estado":"BCN","municipio":"Mexicali"}},{"type":"Feature","geometry":{"type":"Point","coordinates":[-114.8885806,31.08890278]},"properties":{"id":"MX-BCN-0019","nombre":"La Cabaña","portfolio":"MTP","estado":"BCN","municipio":"Mexicali"}},{"type":"Feature","geometry":{"type":"Point","coordinates":[-117.037873,32.493306]},"properties":{"id":"MX-BCN-0022","nombre":"EDC 4","portfolio":"MTP","estado":"BCN","municipio":"Tijuana"}},{"type":"Feature","geometry":{"type":"Point","coordinates":[-116.873761,32.527028]},"properties":{"id":"MX-BCN-0029","nombre":"Las Golondrinas","portfolio":"MTP","estado":"BCN","municipio":"Tijuana"}},{"type":"Feature","geometry":{"type":"Point","coordinates":[-115.94181,30.5625556]},"properties":{"id":"MX-BCN-0031","nombre":"Valladolid","portfolio":"MTP","estado":"BCN","municipio":"nan"}},{"type":"Feature","geometry":{"type":"Point","coordinates":[-117.112572,32.4646139]},"properties":{"id":"MX-BCN-0033","nombre":"Carrizalejo/Punta Bandera","portfolio":"MTP","estado":"BCN","municipio":"Baja California Norte"}},{"type":"Feature","geometry":{"type":"Point","coordinates":[-116.931537,32.48036]},"properties":{"id":"MX-BCN-0034","nombre":"Constitución","portfolio":"MTP","estado":"BCN","municipio":"Baja California Norte"}},{"type":"Feature","geometry":{"type":"Point","coordinates":[-116.655597,32.565728]},"properties":{"id":"MX-BCN-0035","nombre":"Encanto Norte","portfolio":"MTP","estado":"BCN","municipio":"Baja California Norte"}},{"type":"Feature","geometry":{"type":"Point","coordinates":[-116.963796,32.498394]},"properties":{"id":"MX-BCN-0036","nombre":"IMSS Clinica 20","portfolio":"MTP","estado":"BCN","municipio":"Baja California Norte"}},{"type":"Feature","geometry":{"type":"Point","coordinates":[-116.938025,32.3937583]},"properties":{"id":"MX-BCN-0037","nombre":"Las Delicias V2","portfolio":"MTP","estado":"BCN","municipio":"Baja California Norte"}},{"type":"Feature","geometry":{"type":"Point","coordinates":[-115.929333,32.567056]},"properties":{"id":"MX-BCN-5003","nombre":"Laguna Salada","portfolio":"MTP","estado":"BCN","municipio":"Tecate"}},{"type":"Feature","geometry":{"type":"Point","coordinates":[-115.404667,32.604333]},"properties":{"id":"MX-BCN-5004","nombre":"Solidaridad MXL","portfolio":"MTP","estado":"BCN","municipio":"Mexicali"}},{"type":"Feature","geometry":{"type":"Point","coordinates":[-115.370187,32.573302]},"properties":{"id":"MX-BCN-5005","nombre":"Valle De Puebla","portfolio":"MTP","estado":"BCN","municipio":"Mexicali"}},{"type":"Feature","geometry":{"type":"Point","coordinates":[-116.905996,32.488589]},"properties":{"id":"MX-BCN-5006","nombre":"Presidentes","portfolio":"MTP","estado":"BCN","municipio":"Tijuana"}},{"type":"Feature","geometry":{"type":"Point","coordinates":[-115.521611,32.627194]},"properties":{"id":"MX-BCN-5007","nombre":"Municipio Libre","portfolio":"MTP","estado":"BCN","municipio":"Mexicali"}},{"type":"Feature","geometry":{"type":"Point","coordinates":[-115.523884,32.643756]},"properties":{"id":"MX-BCN-5008","nombre":"Gasca","portfolio":"MTP","estado":"BCN","municipio":"Mexicali"}},{"type":"Feature","geometry":{"type":"Point","coordinates":[-115.366056,32.588028]},"properties":{"id":"MX-BCN-5009","nombre":"Villas De Coronado","portfolio":"MTP","estado":"BCN","municipio":"Mexicali"}},{"type":"Feature","geometry":{"type":"Point","coordinates":[-117.014931,32.509583]},"properties":{"id":"MX-BCN-5010","nombre":"Chapultepec II","portfolio":"MTP","estado":"BCN","municipio":"Tijuana"}},{"type":"Feature","geometry":{"type":"Point","coordinates":[-115.312472,32.559833]},"properties":{"id":"MX-BCN-5011","nombre":"Cuernavaca","portfolio":"MTP","estado":"BCN","municipio":"Mexicali"}},{"type":"Feature","geometry":{"type":"Point","coordinates":[-116.573129,31.877451]},"properties":{"id":"MX-BCN-5013","nombre":"Gomez Morin","portfolio":"MTP","estado":"BCN","municipio":"Ensenada"}},{"type":"Feature","geometry":{"type":"Point","coordinates":[-116.87161111,32.46363888]},"properties":{"id":"MX-BCN-5014","nombre":"Florido","portfolio":"MTP","estado":"BCN","municipio":"Tijuana"}},{"type":"Feature","geometry":{"type":"Point","coordinates":[-116.663898,31.86656211]},"properties":{"id":"MX-BCN-5017","nombre":"Cicese","portfolio":"MTP","estado":"BCN","municipio":"Ensenada"}},{"type":"Feature","geometry":{"type":"Point","coordinates":[-117.1012,32.521114]},"properties":{"id":"MX-BCN-5018","nombre":"Predio Betancur","portfolio":"MTP","estado":"BCN","municipio":"Tijuana"}},{"type":"Feature","geometry":{"type":"Point","coordinates":[-115.424701,32.612481]},"properties":{"id":"MX-BCN-5021","nombre":"Granjas Nuevas","portfolio":"MTP","estado":"BCN","municipio":"Mexicali"}},{"type":"Feature","geometry":{"type":"Point","coordinates":[-116.916061,32.534842]},"properties":{"id":"MX-BCN-5027","nombre":"Cemex","portfolio":"MTP","estado":"BCN","municipio":"Tijuana"}},{"type":"Feature","geometry":{"type":"Point","coordinates":[-115.434844,32.626958]},"properties":{"id":"MX-BCN-5030","nombre":"Universidad","portfolio":"MTP","estado":"BCN","municipio":"Mexicali"}},{"type":"Feature","geometry":{"type":"Point","coordinates":[-115.50328889,32.65476389]},"properties":{"id":"MX-BCN-5031","nombre":"Loma Linda","portfolio":"MTP","estado":"BCN","municipio":"Mexicali"}},{"type":"Feature","geometry":{"type":"Point","coordinates":[-116.872825,32.437304]},"properties":{"id":"MX-BCN-5033","nombre":"Valle Bonito","portfolio":"MTP","estado":"BCN","municipio":"Tijuana"}},{"type":"Feature","geometry":{"type":"Point","coordinates":[-115.466833,32.634608]},"properties":{"id":"MX-BCN-5037","nombre":"Aztecas","portfolio":"MTP","estado":"BCN","municipio":"Mexicali"}},{"type":"Feature","geometry":{"type":"Point","coordinates":[-116.72816667,32.40786111]},"properties":{"id":"MX-BCN-5038","nombre":"Ciudad Valle De Las Palmas","portfolio":"MTP","estado":"BCN","municipio":"Tijuana"}},{"type":"Feature","geometry":{"type":"Point","coordinates":[-116.4930111,32.18720556]},"properties":{"id":"MX-BCN-5041","nombre":"Heroes Del Desierto","portfolio":"CAPSA","estado":"BCN","municipio":"Ensenada"}},{"type":"Feature","geometry":{"type":"Point","coordinates":[-116.819438,32.471279]},"properties":{"id":"MX-BCN-5044","nombre":"Tijuana 1329","portfolio":"CAPSA","estado":"BCN","municipio":"Tijuana"}},{"type":"Feature","geometry":{"type":"Point","coordinates":[-115.452842,32.641835]},"properties":{"id":"MX-BCN-5045","nombre":"Reubicacion Los Pinos","portfolio":"CAPSA","estado":"BCN","municipio":"Mexicali"}},{"type":"Feature","geometry":{"type":"Point","coordinates":[-116.730081,32.400326]},"properties":{"id":"MX-BCN-5046","nombre":"Valle De Las Palmas GEO","portfolio":"CAPSA","estado":"BCN","municipio":"Tijuana"}},{"type":"Feature","geometry":{"type":"Point","coordinates":[-115.444516,32.656523]},"properties":{"id":"MX-BCN-5048","nombre":"Estadio Casas GEO","portfolio":"CAPSA","estado":"BCN","municipio":"Mexicali"}},{"type":"Feature","geometry":{"type":"Point","coordinates":[-115.43966667,32.61891389]},"properties":{"id":"MX-BCN-5049","nombre":"Castellon","portfolio":"CAPSA","estado":"BCN","municipio":"Mexicali"}},{"type":"Feature","geometry":{"type":"Point","coordinates":[-115.40658889,32.59456111]},"properties":{"id":"MX-BCN-5052","nombre":"Industrial Calafia","portfolio":"CAPSA","estado":"BCN","municipio":"Mexicali"}},{"type":"Feature","geometry":{"type":"Point","coordinates":[-115.39960556,32.61864444]},"properties":{"id":"MX-BCN-5054","nombre":"Paseo Del Palmar","portfolio":"CAPSA","estado":"BCN","municipio":"Mexicali"}},{"type":"Feature","geometry":{"type":"Point","coordinates":[-116.94762222,32.47269444]},"properties":{"id":"MX-BCN-5055","nombre":"Haitianos","portfolio":"CAPSA","estado":"BCN","municipio":"Tijuana"}},{"type":"Feature","geometry":{"type":"Point","coordinates":[-115.41231944,32.65204722]},"properties":{"id":"MX-BCN-5056","nombre":"Cetys Rivera","portfolio":"CAPSA","estado":"BCN","municipio":"Mexicali"}},{"type":"Feature","geometry":{"type":"Point","coordinates":[-116.938095,32.394161]},"properties":{"id":"MX-BCN-5057","nombre":"Las Delicias V2","portfolio":"CAPSA","estado":"BCN","municipio":"Tijuana"}},{"type":"Feature","geometry":{"type":"Point","coordinates":[-115.8898,31.610758]},"properties":{"id":"MX-BCN-5058","nombre":"Heroes De La Independencia","portfolio":"MTP","estado":"BCN","municipio":"Ensenada"}},{"type":"Feature","geometry":{"type":"Point","coordinates":[-115.111717,32.289206]},"properties":{"id":"MX-BCN-5060","nombre":"Guadalupe Victoria","portfolio":"MTP","estado":"BCN","municipio":"Mexicali"}},{"type":"Feature","geometry":{"type":"Point","coordinates":[-117.07082222,32.50205278]},"properties":{"id":"MX-BCN-5061","nombre":"Las Flores","portfolio":"MTP","estado":"BCN","municipio":"Tijuana"}},{"type":"Feature","geometry":{"type":"Point","coordinates":[-116.814853,32.473558]},"properties":{"id":"MX-BCN-5062","nombre":"Los Laureles","portfolio":"MTP","estado":"BCN","municipio":"Tijuana"}},{"type":"Feature","geometry":{"type":"Point","coordinates":[-116.6847,31.88595278]},"properties":{"id":"MX-BCN-5063","nombre":"Colinas Del Mar","portfolio":"CAPSA","estado":"BCS","municipio":"Ensenada"}},{"type":"Feature","geometry":{"type":"Point","coordinates":[-115.359825,32.579061]},"properties":{"id":"MX-BCN-5064","nombre":"Aurrera Sureste WLM-0247","portfolio":"MTP","estado":"BCN","municipio":"Mexicali"}},{"type":"Feature","geometry":{"type":"Point","coordinates":[-117.02794683,32.54251083]},"properties":{"id":"MX-BCN-5065","nombre":"Garita Tijuana","portfolio":"MTP","estado":"BCN","municipio":"Tijuana"}},{"type":"Feature","geometry":{"type":"Point","coordinates":[-115.384317,32.650554]},"properties":{"id":"MX-BCN-5066","nombre":"San Pedro","portfolio":"MTP","estado":"BCN","municipio":"MEXICALI"}},{"type":"Feature","geometry":{"type":"Point","coordinates":[-116.93667222,32.43835833]},"properties":{"id":"MX-BCN-5067","nombre":"Villa Del Alamo","portfolio":"MTP","estado":"BCN","municipio":"Tijuana"}},{"type":"Feature","geometry":{"type":"Point","coordinates":[-116.85389722,32.46361389]},"properties":{"id":"MX-BCN-5068","nombre":"Las Abejas","portfolio":"MTP","estado":"BCN","municipio":"Tijuana"}},{"type":"Feature","geometry":{"type":"Point","coordinates":[-116.93191667,32.49793056]},"properties":{"id":"MX-BCN-5069","nombre":"Macroplaza","portfolio":"MTP","estado":"BCN","municipio":"Tijuana"}},{"type":"Feature","geometry":{"type":"Point","coordinates":[-115.37655833,32.59334444]},"properties":{"id":"MX-BCN-5070","nombre":"Mezquital","portfolio":"MTP","estado":"BCN","municipio":"Mexicali"}},{"type":"Feature","geometry":{"type":"Point","coordinates":[-116.911099,32.480307]},"properties":{"id":"MX-BCN-5072","nombre":"Los Alpes","portfolio":"MTP","estado":"BCN","municipio":"Tijuana"}},{"type":"Feature","geometry":{"type":"Point","coordinates":[-115.4528611,32.64244444]},"properties":{"id":"MX-BCN-5074","nombre":"Residencial FOVISSSTE","portfolio":"CAPSA","estado":"BCN","municipio":"Mexicali"}},{"type":"Feature","geometry":{"type":"Point","coordinates":[-116.60695556,31.83614444]},"properties":{"id":"MX-BCN-5075","nombre":"Acapulco","portfolio":"MTP","estado":"BCN","municipio":"Ensenada"}},{"type":"Feature","geometry":{"type":"Point","coordinates":[-116.99381,32.51947]},"properties":{"id":"MX-BCN-5076","nombre":"Buena Vista","portfolio":"MTP","estado":"BCN","municipio":"Tijuana"}},{"type":"Feature","geometry":{"type":"Point","coordinates":[-117.02104722,32.273325]},"properties":{"id":"MX-BCN-5077","nombre":"Calafia Rosarito II","portfolio":"MTP","estado":"BCN","municipio":"Rosarito Beach"}},{"type":"Feature","geometry":{"type":"Point","coordinates":[-115.42374167,32.59415556]},"properties":{"id":"MX-BCN-5078","nombre":"California","portfolio":"MTP","estado":"BCN","municipio":"Mexicali"}},{"type":"Feature","geometry":{"type":"Point","coordinates":[-115.498,32.613583]},"properties":{"id":"MX-BCN-5079","nombre":"Canal 3","portfolio":"MTP","estado":"BCN","municipio":"Mexicali"}},{"type":"Feature","geometry":{"type":"Point","coordinates":[-114.866318,32.631169]},"properties":{"id":"MX-BCN-5080","nombre":"Cd Morelos","portfolio":"MTP","estado":"BCN","municipio":"Mexicali"}},{"type":"Feature","geometry":{"type":"Point","coordinates":[-115.47433056,32.62672222]},"properties":{"id":"MX-BCN-5081","nombre":"Centro Cívico TMM","portfolio":"MTP","estado":"BCN","municipio":"Mexicali"}},{"type":"Feature","geometry":{"type":"Point","coordinates":[-116.596278,31.879972]},"properties":{"id":"MX-BCN-5082","nombre":"Costa Dorada","portfolio":"MTP","estado":"BCN","municipio":"Ensenada"}},{"type":"Feature","geometry":{"type":"Point","coordinates":[-116.696083,31.900583]},"properties":{"id":"MX-BCN-5084","nombre":"El Sauzal","portfolio":"MTP","estado":"BCN","municipio":"Ensenada"}},{"type":"Feature","geometry":{"type":"Point","coordinates":[-117.04155833,32.52072778]},"properties":{"id":"MX-BCN-5085","nombre":"Hidalgo","portfolio":"MTP","estado":"BCN","municipio":"Tijuana"}},{"type":"Feature","geometry":{"type":"Point","coordinates":[-117.072556,32.486833]},"properties":{"id":"MX-BCN-5086","nombre":"Jibarito","portfolio":"MTP","estado":"BCN","municipio":"Tijuana"}},{"type":"Feature","geometry":{"type":"Point","coordinates":[-115.096844,32.28827]},"properties":{"id":"MX-BCN-5087","nombre":"Km 43","portfolio":"MTP","estado":"BCN","municipio":"Mexicali"}},{"type":"Feature","geometry":{"type":"Point","coordinates":[-114.998795,32.193765]},"properties":{"id":"MX-BCN-5088","nombre":"Km 57","portfolio":"MTP","estado":"BCN","municipio":"Mexicali"}},{"type":"Feature","geometry":{"type":"Point","coordinates":[-117.009139,32.439417]},"properties":{"id":"MX-BCN-5089","nombre":"La Gloria","portfolio":"MTP","estado":"BCN","municipio":"Tijuana"}},{"type":"Feature","geometry":{"type":"Point","coordinates":[-117.01751111,32.53947778]},"properties":{"id":"MX-BCN-5091","nombre":"Libertad PB","portfolio":"MTP","estado":"BCN","municipio":"Tijuana"}},{"type":"Feature","geometry":{"type":"Point","coordinates":[-116.889175,32.55311667]},"properties":{"id":"MX-BCN-5092","nombre":"Magisterial","portfolio":"MTP","estado":"BCN","municipio":"Tijuana"}},{"type":"Feature","geometry":{"type":"Point","coordinates":[-116.880325,32.50656667]},"properties":{"id":"MX-BCN-5093","nombre":"Matamoros","portfolio":"MTP","estado":"BCN","municipio":"Tijuana"}},{"type":"Feature","geometry":{"type":"Point","coordinates":[-116.985917,32.464833]},"properties":{"id":"MX-BCN-5094","nombre":"MSC Pacífico","portfolio":"MTP","estado":"BCN","municipio":"Tijuana"}},{"type":"Feature","geometry":{"type":"Point","coordinates":[-117.044167,32.483889]},"properties":{"id":"MX-BCN-5095","nombre":"Obrera","portfolio":"MTP","estado":"BCN","municipio":"Tijuana"}},{"type":"Feature","geometry":{"type":"Point","coordinates":[-116.980278,32.528056]},"properties":{"id":"MX-BCN-5096","nombre":"Otay","portfolio":"MTP","estado":"BCN","municipio":"Tijuana"}},{"type":"Feature","geometry":{"type":"Point","coordinates":[-115.387778,32.597778]},"properties":{"id":"MX-BCN-5097","nombre":"Palaco","portfolio":"MTP","estado":"BCN","municipio":"Mexicali"}},{"type":"Feature","geometry":{"type":"Point","coordinates":[-115.573694,32.628306]},"properties":{"id":"MX-BCN-5098","nombre":"Progreso","portfolio":"MTP","estado":"BCN","municipio":"Mexicali"}},{"type":"Feature","geometry":{"type":"Point","coordinates":[-115.513944,32.6365]},"properties":{"id":"MX-BCN-5099","nombre":"Pueblo Nuevo","portfolio":"MTP","estado":"BCN","municipio":"Mexicali"}},{"type":"Feature","geometry":{"type":"Point","coordinates":[-117.076944,32.381389]},"properties":{"id":"MX-BCN-5101","nombre":"Rosarito II","portfolio":"MTP","estado":"BCN","municipio":"Rosarito Beach"}},{"type":"Feature","geometry":{"type":"Point","coordinates":[-114.844022,31.019446]},"properties":{"id":"MX-BCN-5102","nombre":"San Felipe","portfolio":"MTP","estado":"BCN","municipio":"Mexicali"}},{"type":"Feature","geometry":{"type":"Point","coordinates":[-115.514361,32.660889]},"properties":{"id":"MX-BCN-5103","nombre":"Santa Clara","portfolio":"MTP","estado":"BCN","municipio":"Mexicali"}},{"type":"Feature","geometry":{"type":"Point","coordinates":[-117.057917,32.404194]},"properties":{"id":"MX-BCN-5104","nombre":"Tejas","portfolio":"MTP","estado":"BCN","municipio":"Rosarito Beach"}},{"type":"Feature","geometry":{"type":"Point","coordinates":[-116.002056,30.700444]},"properties":{"id":"MX-BCN-5105","nombre":"Vicente Guerrero","portfolio":"MTP","estado":"BCN","municipio":"Ensenada"}},{"type":"Feature","geometry":{"type":"Point","coordinates":[-116.945194,32.477833]},"properties":{"id":"MX-BCN-5106","nombre":"Villa Floresta","portfolio":"MTP","estado":"BCN","municipio":"Tijuana"}},{"type":"Feature","geometry":{"type":"Point","coordinates":[-117.04991111,32.34970556]},"properties":{"id":"MX-BCN-5107","nombre":"Rosarito III","portfolio":"MTP","estado":"BCN","municipio":"Rosarito Beach"}},{"type":"Feature","geometry":{"type":"Point","coordinates":[-115.47,32.595822]},"properties":{"id":"MX-BCN-5108","nombre":"Hacienda Del Bosque","portfolio":"MTP","estado":"BCN","municipio":"Mexicali"}},{"type":"Feature","geometry":{"type":"Point","coordinates":[-116.991213,32.539238]},"properties":{"id":"MX-BCN-5110","nombre":"Vallarta","portfolio":"MTP","estado":"BCN","municipio":"Tijuana"}},{"type":"Feature","geometry":{"type":"Point","coordinates":[-115.3714,32.6033]},"properties":{"id":"MX-BCN-5115","nombre":"Champoton","portfolio":"MTP","estado":"BCN","municipio":"Mexicali"}},{"type":"Feature","geometry":{"type":"Point","coordinates":[-115.463998,32.657963]},"properties":{"id":"MX-BCN-5116","nombre":"Herreros","portfolio":"MTP","estado":"BCN","municipio":"Mexicali"}},{"type":"Feature","geometry":{"type":"Point","coordinates":[-116.868652,32.493861]},"properties":{"id":"MX-BCN-5117","nombre":"Las Californias","portfolio":"MTP","estado":"BCN","municipio":"Tijuana"}},{"type":"Feature","geometry":{"type":"Point","coordinates":[-116.880311,32.486721]},"properties":{"id":"MX-BCN-5118","nombre":"Mayapan","portfolio":"MTP","estado":"BCN","municipio":"Tijuana"}},{"type":"Feature","geometry":{"type":"Point","coordinates":[-116.983458,32.512132]},"properties":{"id":"MX-BCN-5119","nombre":"Salomon","portfolio":"MTP","estado":"BCN","municipio":"Tijuana"}},{"type":"Feature","geometry":{"type":"Point","coordinates":[-117.037872,32.493305]},"properties":{"id":"MX-BCN-5120","nombre":"Montijo","portfolio":"MTP","estado":"BCN","municipio":"Tijuana"}},{"type":"Feature","geometry":{"type":"Point","coordinates":[-117.022789,32.445223]},"properties":{"id":"MX-BCN-5121","nombre":"Rosarito","portfolio":"MTP","estado":"BCN","municipio":"Tijuana"}},{"type":"Feature","geometry":{"type":"Point","coordinates":[-117.020251,32.503447]},"properties":{"id":"MX-BCN-5122","nombre":"Bautista","portfolio":"MTP","estado":"BCN","municipio":"Tijuana"}},{"type":"Feature","geometry":{"type":"Point","coordinates":[-116.992159,32.521934]},"properties":{"id":"MX-BCN-5123","nombre":"Revillagigedo","portfolio":"MTP","estado":"BCN","municipio":"Tijuana"}},{"type":"Feature","geometry":{"type":"Point","coordinates":[-117.047224,32.503531]},"properties":{"id":"MX-BCN-5124","nombre":"Rampa Televisoras","portfolio":"MTP","estado":"BCN","municipio":"Tijuana"}},{"type":"Feature","geometry":{"type":"Point","coordinates":[-116.866306,32.498472]},"properties":{"id":"MX-BCN-5125","nombre":"Fiduzet","portfolio":"MTP","estado":"BCN","municipio":"Tijuana"}},{"type":"Feature","geometry":{"type":"Point","coordinates":[-115.549676,32.654173]},"properties":{"id":"MX-BCN-5126","nombre":"Fronteriza","portfolio":"MTP","estado":"BCN","municipio":"Mexicali"}},{"type":"Feature","geometry":{"type":"Point","coordinates":[-115.416569,32.546144]},"properties":{"id":"MX-BCN-5127","nombre":"Granjas Cecilia","portfolio":"MTP","estado":"BCN","municipio":"Mexicali"}},{"type":"Feature","geometry":{"type":"Point","coordinates":[-116.9130778,32.51724444]},"properties":{"id":"MX-BCN-5128","nombre":"Quinta Marsella","portfolio":"MTP","estado":"BCN","municipio":"Tijuana"}},{"type":"Feature","geometry":{"type":"Point","coordinates":[-117.080687,32.505541]},"properties":{"id":"MX-BCN-5129","nombre":"Rancho Macias","portfolio":"MTP","estado":"BCN","municipio":"Tijuana"}},{"type":"Feature","geometry":{"type":"Point","coordinates":[-116.958359,32.459523]},"properties":{"id":"MX-BCN-5130","nombre":"Amador","portfolio":"MTP","estado":"BCN","municipio":"Tijuana"}},{"type":"Feature","geometry":{"type":"Point","coordinates":[-115.492775,32.605347]},"properties":{"id":"MX-BCN-5131","nombre":"Bordo","portfolio":"MTP","estado":"BCN","municipio":"Mexicali"}},{"type":"Feature","geometry":{"type":"Point","coordinates":[-115.32865,32.613358]},"properties":{"id":"MX-BCN-5132","nombre":"Zapata II","portfolio":"MTP","estado":"BCN","municipio":"Mexicali"}},{"type":"Feature","geometry":{"type":"Point","coordinates":[-115.316621,32.644873]},"properties":{"id":"MX-BCN-5133","nombre":"Becerril","portfolio":"MTP","estado":"BCN","municipio":"Mexicali"}},{"type":"Feature","geometry":{"type":"Point","coordinates":[-117.00865,32.434013]},"properties":{"id":"MX-BCN-5134","nombre":"Herradura","portfolio":"MTP","estado":"BCN","municipio":"Tijuana"}},{"type":"Feature","geometry":{"type":"Point","coordinates":[-116.881856,32.476246]},"properties":{"id":"MX-BCN-5136","nombre":"Chiapanecos","portfolio":"MTP","estado":"BCN","municipio":"Tijuana"}},{"type":"Feature","geometry":{"type":"Point","coordinates":[-116.930036,32.521973]},"properties":{"id":"MX-BCN-5138","nombre":"Guasave","portfolio":"MTP","estado":"BCN","municipio":"Tijuana"}},{"type":"Feature","geometry":{"type":"Point","coordinates":[-117.0055,32.501694]},"properties":{"id":"MX-BCN-5140","nombre":"Agua Caliente","portfolio":"MTP","estado":"BCN","municipio":"Tijuana"}},{"type":"Feature","geometry":{"type":"Point","coordinates":[-116.889341,32.553507]},"properties":{"id":"MX-BCN-5148","nombre":"Rancho Escondido","portfolio":"MTP","estado":"BCN","municipio":"TIJUANA"}},{"type":"Feature","geometry":{"type":"Point","coordinates":[-116.971061,32.478573]},"properties":{"id":"MX-BCN-5149","nombre":"Rancho El Suspiro","portfolio":"MTP","estado":"BCN","municipio":"TIJUANA"}},{"type":"Feature","geometry":{"type":"Point","coordinates":[-116.894291,32.524263]},"properties":{"id":"MX-BCN-5153","nombre":"Cañon Del Padre","portfolio":"MTP","estado":"BCN","municipio":"TBD"}},{"type":"Feature","geometry":{"type":"Point","coordinates":[-116.86678889,32.507225]},"properties":{"id":"MX-BCN-5220","nombre":"Villa Fontana II","portfolio":"MTP","estado":"BCN","municipio":"Tijuana"}},{"type":"Feature","geometry":{"type":"Point","coordinates":[-115.439515,32.598268]},"properties":{"id":"MX-BCN-5221","nombre":"Montejano II","portfolio":"MTP","estado":"BCN","municipio":"Mexicali"}},{"type":"Feature","geometry":{"type":"Point","coordinates":[-115.192547,32.409232]},"properties":{"id":"MX-BCN-5222","nombre":"Ejido Nuevo Leon","portfolio":"MTP","estado":"BCN","municipio":"Mexicali"}},{"type":"Feature","geometry":{"type":"Point","coordinates":[-115.362866,32.547498]},"properties":{"id":"MX-BCN-5223","nombre":"Maseca","portfolio":"MTP","estado":"BCN","municipio":"Mexicali"}},{"type":"Feature","geometry":{"type":"Point","coordinates":[-116.58573056,31.79071944]},"properties":{"id":"MX-BCN-5224","nombre":"Villas Del Mar","portfolio":"MTP","estado":"BCN","municipio":"Ensenada"}},{"type":"Feature","geometry":{"type":"Point","coordinates":[-115.068962,32.418307]},"properties":{"id":"MX-BCN-5225","nombre":"Ejido Toluca","portfolio":"MTP","estado":"BCN","municipio":"Mexicali"}},{"type":"Feature","geometry":{"type":"Point","coordinates":[-115.307213,32.46654]},"properties":{"id":"MX-BCN-5226","nombre":"Ejido Michoacan De Ocampo","portfolio":"MTP","estado":"BCN","municipio":"Mexicali"}},{"type":"Feature","geometry":{"type":"Point","coordinates":[-116.579082,32.495626]},"properties":{"id":"MX-BCN-5227","nombre":"Ejido Cerro Azul","portfolio":"MTP","estado":"BCN","municipio":"Tecate"}},{"type":"Feature","geometry":{"type":"Point","coordinates":[-116.9728056,32.44498333]},"properties":{"id":"MX-BCN-5230","nombre":"Vista Hermosa","portfolio":"MTP","estado":"BCN","municipio":"Tijuana"}},{"type":"Feature","geometry":{"type":"Point","coordinates":[-117.04,32.46608611]},"properties":{"id":"MX-BCN-5231","nombre":"Colinas Del Sol","portfolio":"MTP","estado":"BCN","municipio":"Tijuana"}},{"type":"Feature","geometry":{"type":"Point","coordinates":[-116.643946,32.540004]},"properties":{"id":"MX-BCN-5241","nombre":"Lomas De Santa Anita","portfolio":"MTP","estado":"BCN","municipio":"Tecate"}},{"type":"Feature","geometry":{"type":"Point","coordinates":[-109.728722,23.0299443]},"properties":{"id":"MX-BCS-0001","nombre":"San Jose Del Cabo","portfolio":"MTP","estado":"BCS","municipio":"Los Cabos"}},{"type":"Feature","geometry":{"type":"Point","coordinates":[-109.864806,22.9290832]},"properties":{"id":"MX-BCS-0002","nombre":"Cabo San Lucas","portfolio":"MTP","estado":"BCS","municipio":"Los Cabos"}},{"type":"Feature","geometry":{"type":"Point","coordinates":[-110.57222,24.0588889]},"properties":{"id":"MX-BCS-0004","nombre":"Km. 35","portfolio":"MTP","estado":"BCS","municipio":"La Paz"}},{"type":"Feature","geometry":{"type":"Point","coordinates":[-109.939111,22.8818639]},"properties":{"id":"MX-BCS-0005","nombre":"Mirador","portfolio":"MTP","estado":"BCS","municipio":"Los Cabos"}},{"type":"Feature","geometry":{"type":"Point","coordinates":[-109.935297,22.9392556]},"properties":{"id":"MX-BCS-0006","nombre":"Las Palmas","portfolio":"MTP","estado":"BCS","municipio":"Los Cabos"}},{"type":"Feature","geometry":{"type":"Point","coordinates":[-109.9285923,22.9498651]},"properties":{"id":"MX-BCS-0011","nombre":"Fuente Cabos","portfolio":"MTP","estado":"BCS","municipio":"Cabo San Lucas"}},{"type":"Feature","geometry":{"type":"Point","coordinates":[-110.33793,24.10276]},"properties":{"id":"MX-BCS-5002","nombre":"Los Bledales II","portfolio":"MTP","estado":"BCS","municipio":"La Paz"}},{"type":"Feature","geometry":{"type":"Point","coordinates":[-112.26980278,27.33918611]},"properties":{"id":"MX-BCS-5003","nombre":"Santa Rosalia II","portfolio":"MTP","estado":"BCS","municipio":"Mulegé"}},{"type":"Feature","geometry":{"type":"Point","coordinates":[-111.35106,26.02014]},"properties":{"id":"MX-BCS-5004","nombre":"Infonavit Loreto","portfolio":"MTP","estado":"BCS","municipio":"Loreto"}},{"type":"Feature","geometry":{"type":"Point","coordinates":[-111.7398,25.1733]},"properties":{"id":"MX-BCS-5005","nombre":"Subestacion","portfolio":"MTP","estado":"BCS","municipio":"Comondú"}},{"type":"Feature","geometry":{"type":"Point","coordinates":[-107.46612222,24.81521667]},"properties":{"id":"MX-BCS-5008","nombre":"Bella Vista","portfolio":"MTP","estado":"SIN","municipio":"Culiacán"}},{"type":"Feature","geometry":{"type":"Point","coordinates":[-110.33348889,24.26111667]},"properties":{"id":"MX-BCS-5009","nombre":"Pichilingue","portfolio":"MTP","estado":"BCS","municipio":"La Paz"}},{"type":"Feature","geometry":{"type":"Point","coordinates":[-110.290917,24.137722]},"properties":{"id":"MX-BCS-5010","nombre":"20 De Noviembre","portfolio":"MTP","estado":"BCS","municipio":"La Paz"}},{"type":"Feature","geometry":{"type":"Point","coordinates":[-110.29494722,24.11568889]},"properties":{"id":"MX-BCS-5014","nombre":"Parque Industrial","portfolio":"MTP","estado":"BCS","municipio":"La Paz"}},{"type":"Feature","geometry":{"type":"Point","coordinates":[-110.31384167,24.16176389]},"properties":{"id":"MX-BCS-5015","nombre":"La Paz","portfolio":"CAPSA","estado":"BCS","municipio":"La Paz"}},{"type":"Feature","geometry":{"type":"Point","coordinates":[-110.30103056,24.21807778]},"properties":{"id":"MX-BCS-5016","nombre":"Fiesta Inn La Paz Bcs","portfolio":"CAPSA","estado":"BCS","municipio":"La Paz"}},{"type":"Feature","geometry":{"type":"Point","coordinates":[-116.901542,32.549003]},"properties":{"id":"MX-BCS-5017","nombre":"Sor Juana","portfolio":"CAPSA","estado":"BCN","municipio":"Tijuana"}},{"type":"Feature","geometry":{"type":"Point","coordinates":[-109.91131944,22.90019444]},"properties":{"id":"MX-BCS-5018","nombre":"Blanco","portfolio":"CAPSA","estado":"BCS","municipio":"Cabo San Lucas"}},{"type":"Feature","geometry":{"type":"Point","coordinates":[-98.92611111,19.56062222]},"properties":{"id":"MX-BCS-5019","nombre":"San Salvador Atenco","portfolio":"CAPSA","estado":"MEX","municipio":"San Salvador Atenco"}},{"type":"Feature","geometry":{"type":"Point","coordinates":[-109.89844444,22.90144444]},"properties":{"id":"MX-BCS-5020","nombre":"Playa Medano","portfolio":"CAPSA","estado":"BCS","municipio":"San José del Cabo"}},{"type":"Feature","geometry":{"type":"Point","coordinates":[-109.925725,22.93797222]},"properties":{"id":"MX-BCS-5023","nombre":"Las Tinajas","portfolio":"CAPSA","estado":"BCS","municipio":"San José del Cabo"}},{"type":"Feature","geometry":{"type":"Point","coordinates":[-109.9608333,22.90291667]},"properties":{"id":"MX-BCS-5028","nombre":"Estadio Don Koll","portfolio":"CAPSA","estado":"BCS","municipio":"Cabo San Lucas"}},{"type":"Feature","geometry":{"type":"Point","coordinates":[-109.791526,22.969657]},"properties":{"id":"MX-BCS-5029","nombre":"El Chileno II","portfolio":"CAPSA","estado":"BCS","municipio":"San José del Cabo"}},{"type":"Feature","geometry":{"type":"Point","coordinates":[-109.934585,22.894895]},"properties":{"id":"MX-BCS-5031","nombre":"Cabo Wabo","portfolio":"CAPSA","estado":"BCS","municipio":"Cabo San Lucas"}},{"type":"Feature","geometry":{"type":"Point","coordinates":[-109.91278611,22.87636944]},"properties":{"id":"MX-BCS-5032","nombre":"Finisterra","portfolio":"CAPSA","estado":"BCS","municipio":"Cabo San Lucas"}},{"type":"Feature","geometry":{"type":"Point","coordinates":[-109.8949861,22.8998]},"properties":{"id":"MX-BCS-5033","nombre":"Villa Estancia","portfolio":"CAPSA","estado":"BCS","municipio":"San José del Cabo"}},{"type":"Feature","geometry":{"type":"Point","coordinates":[-109.864024,22.904686]},"properties":{"id":"MX-BCS-5034","nombre":"El Tezal V2","portfolio":"CAPSA","estado":"BCS","municipio":"San José del Cabo"}},{"type":"Feature","geometry":{"type":"Point","coordinates":[-109.82791944,22.92228889]},"properties":{"id":"MX-BCS-5035","nombre":"Fiesta Americana V2","portfolio":"CAPSA","estado":"BCS","municipio":"Los Cabos"}},{"type":"Feature","geometry":{"type":"Point","coordinates":[-110.33046944,24.12614167]},"properties":{"id":"MX-BCS-5036","nombre":"Indeco La Paz","portfolio":"CAPSA","estado":"BCS","municipio":"La Paz"}},{"type":"Feature","geometry":{"type":"Point","coordinates":[-109.91260833,22.87619167]},"properties":{"id":"MX-BCS-5037","nombre":"Capella Iusa","portfolio":"CAPSA","estado":"BCS","municipio":"Cabo San Lucas"}},{"type":"Feature","geometry":{"type":"Point","coordinates":[-110.27047778,24.0231]},"properties":{"id":"MX-BCS-5038","nombre":"Calafia","portfolio":"MTP","estado":"BCS","municipio":"La Paz"}},{"type":"Feature","geometry":{"type":"Point","coordinates":[-110.30782222,24.13908611]},"properties":{"id":"MX-BCS-5039","nombre":"Petrolera","portfolio":"MTP","estado":"BCS","municipio":"La Paz"}},{"type":"Feature","geometry":{"type":"Point","coordinates":[-109.72632222,23.09914444]},"properties":{"id":"MX-BCS-5040","nombre":"Villa Cadiz","portfolio":"CAPSA","estado":"BCS","municipio":"San José del Cabo"}},{"type":"Feature","geometry":{"type":"Point","coordinates":[-109.9306194,22.87581111]},"properties":{"id":"MX-BCS-5041","nombre":"Pueblo Bonito Sunset","portfolio":"CAPSA","estado":"BCS","municipio":"San José del Cabo"}},{"type":"Feature","geometry":{"type":"Point","coordinates":[-110.3167278,24.14993611]},"properties":{"id":"MX-BCS-5043","nombre":"Altamirano","portfolio":"CAPSA","estado":"BCS","municipio":"La Paz"}},{"type":"Feature","geometry":{"type":"Point","coordinates":[-110.3166694,24.12568889]},"properties":{"id":"MX-BCS-5044","nombre":"Donceles V2","portfolio":"CAPSA","estado":"BCS","municipio":"La Paz"}},{"type":"Feature","geometry":{"type":"Point","coordinates":[-109.903889,22.889444]},"properties":{"id":"MX-BCS-5060","nombre":"Pueblo Bonito Rose","portfolio":"MTP","estado":"BCS","municipio":"San José del Cabo"}},{"type":"Feature","geometry":{"type":"Point","coordinates":[-109.73332778,23.10065278]},"properties":{"id":"MX-BCS-5061","nombre":"Las Villas","portfolio":"MTP","estado":"BCS","municipio":"San José del Cabo"}},{"type":"Feature","geometry":{"type":"Point","coordinates":[-109.96759167,22.90793333]},"properties":{"id":"MX-BCS-5062","nombre":"Paseo Pacifico","portfolio":"MTP","estado":"BCS","municipio":"San José del Cabo"}},{"type":"Feature","geometry":{"type":"Point","coordinates":[-109.73905556,23.11923611]},"properties":{"id":"MX-BCS-5064","nombre":"Puerto Nuevo","portfolio":"MTP","estado":"BCS","municipio":"San José del Cabo"}},{"type":"Feature","geometry":{"type":"Point","coordinates":[-109.94416,22.947798]},"properties":{"id":"MX-BCS-5066","nombre":"Cabo Las Palmas","portfolio":"MTP","estado":"BCS","municipio":"Cabo San Lucas"}},{"type":"Feature","geometry":{"type":"Point","coordinates":[-109.929976,22.906558]},"properties":{"id":"MX-BCS-5068","nombre":"Misiones Santa Fe","portfolio":"MTP","estado":"BCS","municipio":"San José del Cabo"}},{"type":"Feature","geometry":{"type":"Point","coordinates":[-109.7165194,23.07047778]},"properties":{"id":"MX-BCS-5071","nombre":"Playas Bcs","portfolio":"CAPSA","estado":"BCS","municipio":"San José del Cabo"}},{"type":"Feature","geometry":{"type":"Point","coordinates":[-109.69824167,23.05733333]},"properties":{"id":"MX-BCS-5073","nombre":"Cerro De La Cruz","portfolio":"MTP","estado":"BCS","municipio":"B.C.S."}},{"type":"Feature","geometry":{"type":"Point","coordinates":[-110.327056,24.127]},"properties":{"id":"MX-BCS-5074","nombre":"La Ley","portfolio":"MTP","estado":"BCS","municipio":"La Paz"}},{"type":"Feature","geometry":{"type":"Point","coordinates":[-110.30882778,24.15127778]},"properties":{"id":"MX-BCS-5075","nombre":"MSC La Paz Sres Vac","portfolio":"MTP","estado":"BCS","municipio":"La Paz"}},{"type":"Feature","geometry":{"type":"Point","coordinates":[-90.524883,19.8430778]},"properties":{"id":"MX-CAM-0006","nombre":"Gobernadores I","portfolio":"MTP","estado":"CAM","municipio":"Campeche"}},{"type":"Feature","geometry":{"type":"Point","coordinates":[-91.12854,18.02191]},"properties":{"id":"MX-CAM-0010","nombre":"El Naranjo","portfolio":"MTP","estado":"CAM","municipio":"Campeche"}},{"type":"Feature","geometry":{"type":"Point","coordinates":[-90.66914,18.07539]},"properties":{"id":"MX-CAM-0011","nombre":"Esmeralda Vieja","portfolio":"MTP","estado":"CAM","municipio":"Campeche"}},{"type":"Feature","geometry":{"type":"Point","coordinates":[-90.18212,20.31746]},"properties":{"id":"MX-CAM-0012","nombre":"La Concepción","portfolio":"MTP","estado":"CAM","municipio":"Campeche"}},{"type":"Feature","geometry":{"type":"Point","coordinates":[-90.812119,17.887882]},"properties":{"id":"MX-CAM-0013","nombre":"Las Golondrinas","portfolio":"MTP","estado":"CAM","municipio":"Campeche"}},{"type":"Feature","geometry":{"type":"Point","coordinates":[-90.54372,17.91438]},"properties":{"id":"MX-CAM-0014","nombre":"Las Tortugas","portfolio":"MTP","estado":"CAM","municipio":"Campeche"}},{"type":"Feature","geometry":{"type":"Point","coordinates":[-91.21645,18.34081]},"properties":{"id":"MX-CAM-0015","nombre":"Ojo de Agua","portfolio":"MTP","estado":"CAM","municipio":"Campeche"}},{"type":"Feature","geometry":{"type":"Point","coordinates":[-90.447,17.86607]},"properties":{"id":"MX-CAM-0016","nombre":"Santa Gertrudis","portfolio":"MTP","estado":"CAM","municipio":"Campeche"}},{"type":"Feature","geometry":{"type":"Point","coordinates":[-90.409056,19.919022]},"properties":{"id":"MX-CAM-0017","nombre":"San Francisco Koben","portfolio":"MTP","estado":"CAM","municipio":"Campeche"}},{"type":"Feature","geometry":{"type":"Point","coordinates":[-90.47554,18.13959]},"properties":{"id":"MX-CAM-0018","nombre":"Nuevo Comalcalco","portfolio":"MTP","estado":"CAM","municipio":"Campeche"}},{"type":"Feature","geometry":{"type":"Point","coordinates":[-91.23217,18.18708]},"properties":{"id":"MX-CAM-0019","nombre":"Vicente","portfolio":"MTP","estado":"CAM","municipio":"Campeche"}},{"type":"Feature","geometry":{"type":"Point","coordinates":[-90.142167,20.407972]},"properties":{"id":"MX-CAM-0020","nombre":"Nunkiní","portfolio":"MTP","estado":"CAM","municipio":"Campeche"}},{"type":"Feature","geometry":{"type":"Point","coordinates":[-90.053179,20.373351]},"properties":{"id":"MX-CAM-5001","nombre":"Calkini Centro","portfolio":"MTP","estado":"CAM","municipio":"Calkiní"}},{"type":"Feature","geometry":{"type":"Point","coordinates":[-90.837975,19.23466667]},"properties":{"id":"MX-CAM-5002","nombre":"Campeche Playa","portfolio":"CAPSA","estado":"CAM","municipio":"Champotón"}},{"type":"Feature","geometry":{"type":"Point","coordinates":[-91.62555556,18.73444444]},"properties":{"id":"MX-CAM-5003","nombre":"Holandes","portfolio":"CAPSA","estado":"CAM","municipio":"Carmen"}},{"type":"Feature","geometry":{"type":"Point","coordinates":[-90.56416667,19.82805556]},"properties":{"id":"MX-CAM-5004","nombre":"Pescadores","portfolio":"CAPSA","estado":"CAM","municipio":"Campeche"}},{"type":"Feature","geometry":{"type":"Point","coordinates":[-90.534325,19.83039167]},"properties":{"id":"MX-CAM-5005","nombre":"Campeche","portfolio":"CAPSA","estado":"CAM","municipio":"Campeche"}},{"type":"Feature","geometry":{"type":"Point","coordinates":[-91.82530278,18.64185]},"properties":{"id":"MX-CAM-5006","nombre":"Cd Del Carmen","portfolio":"CAPSA","estado":"CAM","municipio":"Carmen"}},{"type":"Feature","geometry":{"type":"Point","coordinates":[-91.834872,18.637519]},"properties":{"id":"MX-CAM-5020","nombre":"Centro Carmen","portfolio":"MTP","estado":"CAM","municipio":"Ciudad del Carmen"}},{"type":"Feature","geometry":{"type":"Point","coordinates":[-90.534997,19.8408611]},"properties":{"id":"MX-CAM-5021","nombre":"Baluartes","portfolio":"MTP","estado":"CAM","municipio":"Campeche"}},{"type":"Feature","geometry":{"type":"Point","coordinates":[-90.486839,19.84627]},"properties":{"id":"MX-CAM-5023","nombre":"Tula","portfolio":"MTP","estado":"CAM","municipio":"Campeche"}},{"type":"Feature","geometry":{"type":"Point","coordinates":[-106.383827,31.654951]},"properties":{"id":"MX-CHH-0002","nombre":"MSC Las Torres","portfolio":"MTP","estado":"CHH","municipio":"Ciudad Juárez"}},{"type":"Feature","geometry":{"type":"Point","coordinates":[-106.52001,31.750116]},"properties":{"id":"MX-CHH-0003","nombre":"Insurgentes","portfolio":"MTP","estado":"CHH","municipio":"Ciudad Juárez"}},{"type":"Feature","geometry":{"type":"Point","coordinates":[-106.47311,31.698507]},"properties":{"id":"MX-CHH-0004","nombre":"Nahoas","portfolio":"MTP","estado":"CHH","municipio":"Ciudad Juárez"}},{"type":"Feature","geometry":{"type":"Point","coordinates":[-106.10053,28.6595583]},"properties":{"id":"MX-CHH-0009","nombre":"MSC Las Americas","portfolio":"MTP","estado":"CHH","municipio":"Chihuahua"}},{"type":"Feature","geometry":{"type":"Point","coordinates":[-106.02194,28.60305]},"properties":{"id":"MX-CHH-0010","nombre":"Villa Juarez","portfolio":"MTP","estado":"CHH","municipio":"Chihuahua"}},{"type":"Feature","geometry":{"type":"Point","coordinates":[-106.13242,28.7101083]},"properties":{"id":"MX-CHH-0011","nombre":"Colon","portfolio":"MTP","estado":"CHH","municipio":"Chihuahua"}},{"type":"Feature","geometry":{"type":"Point","coordinates":[-106.11286,28.5894194]},"properties":{"id":"MX-CHH-0012","nombre":"Esperanza","portfolio":"MTP","estado":"CHH","municipio":"Chihuahua"}},{"type":"Feature","geometry":{"type":"Point","coordinates":[-106.85747,28.4045028]},"properties":{"id":"MX-CHH-0013","nombre":"Cuauhtemoc","portfolio":"MTP","estado":"CHH","municipio":"Cuauhtemoc"}},{"type":"Feature","geometry":{"type":"Point","coordinates":[-105.47853,28.1987222]},"properties":{"id":"MX-CHH-0014","nombre":"Delicias","portfolio":"MTP","estado":"CHH","municipio":"Delicias"}},{"type":"Feature","geometry":{"type":"Point","coordinates":[-105.46444,28.1661111]},"properties":{"id":"MX-CHH-0015","nombre":"Francisco Villa","portfolio":"MTP","estado":"CHH","municipio":"Delicias"}},{"type":"Feature","geometry":{"type":"Point","coordinates":[-105.66288,26.916]},"properties":{"id":"MX-CHH-0016","nombre":"Parral Cerro","portfolio":"MTP","estado":"CHH","municipio":"Hidalgo Del Parral"}},{"type":"Feature","geometry":{"type":"Point","coordinates":[-106.8702,28.7583889]},"properties":{"id":"MX-CHH-0018","nombre":"Rubio","portfolio":"MTP","estado":"CHH","municipio":"Cuauhtemoc"}},{"type":"Feature","geometry":{"type":"Point","coordinates":[-106.423527,31.65894]},"properties":{"id":"MX-CHH-0022","nombre":"Granjero","portfolio":"MTP","estado":"CHH","municipio":"Ciudad Juárez"}},{"type":"Feature","geometry":{"type":"Point","coordinates":[-106.34300278,31.57157778]},"properties":{"id":"MX-CHH-0023","nombre":"Del Cedro","portfolio":"MTP","estado":"CHH","municipio":"Ciudad Juárez"}},{"type":"Feature","geometry":{"type":"Point","coordinates":[-106.45221,31.663061]},"properties":{"id":"MX-CHH-0026","nombre":"Portillo","portfolio":"MTP","estado":"CHH","municipio":"Ciudad Juárez"}},{"type":"Feature","geometry":{"type":"Point","coordinates":[-106.466214,31.728508]},"properties":{"id":"MX-CHH-0027","nombre":"Carta Blanca","portfolio":"MTP","estado":"CHH","municipio":"Ciudad Juárez"}},{"type":"Feature","geometry":{"type":"Point","coordinates":[-106.48602,31.7029416]},"properties":{"id":"MX-CHH-0028","nombre":"Puerto Principe","portfolio":"MTP","estado":"CHH","municipio":"Ciudad Juárez"}},{"type":"Feature","geometry":{"type":"Point","coordinates":[-106.39723,31.6546361]},"properties":{"id":"MX-CHH-0029","nombre":"Nuevo Juarez","portfolio":"MTP","estado":"CHH","municipio":"Ciudad Juárez"}},{"type":"Feature","geometry":{"type":"Point","coordinates":[-106.1084,28.69807]},"properties":{"id":"MX-CHH-0031","nombre":"Revolucion","portfolio":"MTP","estado":"CHH","municipio":"Chihuahua"}},{"type":"Feature","geometry":{"type":"Point","coordinates":[-106.08137,28.66271]},"properties":{"id":"MX-CHH-0033","nombre":"Tec Chihuahua","portfolio":"MTP","estado":"CHH","municipio":"Chihuahua"}},{"type":"Feature","geometry":{"type":"Point","coordinates":[-106.13464,28.575945]},"properties":{"id":"MX-CHH-0034","nombre":"Oziel Guillen","portfolio":"MTP","estado":"CHH","municipio":"Chihuahua"}},{"type":"Feature","geometry":{"type":"Point","coordinates":[-106.116402,28.7437]},"properties":{"id":"MX-CHH-0035","nombre":"Antorcha","portfolio":"MTP","estado":"CHH","municipio":"Chihuahua"}},{"type":"Feature","geometry":{"type":"Point","coordinates":[-106.0815,28.60412]},"properties":{"id":"MX-CHH-0037","nombre":"Los Pinos","portfolio":"MTP","estado":"CHH","municipio":"Chihuahua"}},{"type":"Feature","geometry":{"type":"Point","coordinates":[-106.90553,28.747444]},"properties":{"id":"MX-CHH-0038","nombre":"Alvaro Obregon","portfolio":"MTP","estado":"CHH","municipio":"Cuauhtemoc"}},{"type":"Feature","geometry":{"type":"Point","coordinates":[-105.29291,27.972261]},"properties":{"id":"MX-CHH-0039","nombre":"Conchos","portfolio":"MTP","estado":"CHH","municipio":"Saucillo"}},{"type":"Feature","geometry":{"type":"Point","coordinates":[-105.43094,28.18385]},"properties":{"id":"MX-CHH-0040","nombre":"Laderas","portfolio":"MTP","estado":"CHH","municipio":"Delicias"}},{"type":"Feature","geometry":{"type":"Point","coordinates":[-105.64206,26.93329]},"properties":{"id":"MX-CHH-0041","nombre":"Tecnologico","portfolio":"MTP","estado":"CHH","municipio":"Hidalgo Del Parral"}},{"type":"Feature","geometry":{"type":"Point","coordinates":[-105.67222,26.9497222]},"properties":{"id":"MX-CHH-0042","nombre":"Heroes","portfolio":"MTP","estado":"CHH","municipio":"Hidalgo Del Parral"}},{"type":"Feature","geometry":{"type":"Point","coordinates":[-106.2593799,31.518]},"properties":{"id":"MX-CHH-0043","nombre":"San Agustin","portfolio":"MTP","estado":"CHH","municipio":"Ciudad Juárez"}},{"type":"Feature","geometry":{"type":"Point","coordinates":[-106.030915,28.612871]},"properties":{"id":"MX-CHH-0045","nombre":"Marmol","portfolio":"MTP","estado":"CHH","municipio":"Chihuahua"}},{"type":"Feature","geometry":{"type":"Point","coordinates":[-105.48972,28.2722222]},"properties":{"id":"MX-CHH-0046","nombre":"Meoqui","portfolio":"MTP","estado":"CHH","municipio":"Chihuahua"}},{"type":"Feature","geometry":{"type":"Point","coordinates":[-106.47573,28.314194]},"properties":{"id":"MX-CHH-0048","nombre":"Santa Rosa","portfolio":"MTP","estado":"CHH","municipio":"Chihuahua"}},{"type":"Feature","geometry":{"type":"Point","coordinates":[-105.147543,26.734377]},"properties":{"id":"MX-CHH-0049","nombre":"Jose Esteban Coronado","portfolio":"MTP","estado":"CHH","municipio":"Chihuahua"}},{"type":"Feature","geometry":{"type":"Point","coordinates":[-107.93496,30.533443]},"properties":{"id":"MX-CHH-0050","nombre":"Leona Vicario","portfolio":"MTP","estado":"CHH","municipio":"Chihuahua"}},{"type":"Feature","geometry":{"type":"Point","coordinates":[-107.604694,31.4695]},"properties":{"id":"MX-CHH-0051","nombre":"Trios","portfolio":"MTP","estado":"CHH","municipio":"Chihuahua"}},{"type":"Feature","geometry":{"type":"Point","coordinates":[-105.86677,28.61886]},"properties":{"id":"MX-CHH-0052","nombre":"Santa Eulalia II","portfolio":"MTP","estado":"CHH","municipio":"nan"}},{"type":"Feature","geometry":{"type":"Point","coordinates":[-106.408889,31.6633333]},"properties":{"id":"MX-CHH-0053","nombre":"Centeno","portfolio":"MTP","estado":"CHH","municipio":"Cd. Juárez"}},{"type":"Feature","geometry":{"type":"Point","coordinates":[-107.470203,28.934696]},"properties":{"id":"MX-CHH-0055","nombre":"Adolfo Ruiz Cortines","portfolio":"MTP","estado":"CHH","municipio":"Chihuahua"}},{"type":"Feature","geometry":{"type":"Point","coordinates":[-107.251782,28.756381]},"properties":{"id":"MX-CHH-0056","nombre":"Bachíniva","portfolio":"MTP","estado":"CHH","municipio":"Chihuahua"}},{"type":"Feature","geometry":{"type":"Point","coordinates":[-107.380708,28.601032]},"properties":{"id":"MX-CHH-0057","nombre":"Calera","portfolio":"MTP","estado":"CHH","municipio":"Chihuahua"}},{"type":"Feature","geometry":{"type":"Point","coordinates":[-108.053333,27.294444]},"properties":{"id":"MX-CHH-0058","nombre":"Cerocahui","portfolio":"MTP","estado":"CHH","municipio":"Chihuahua"}},{"type":"Feature","geometry":{"type":"Point","coordinates":[-105.511727,28.385994]},"properties":{"id":"MX-CHH-0059","nombre":"Col. Felipe Ángeles","portfolio":"MTP","estado":"CHH","municipio":"Chihuahua"}},{"type":"Feature","geometry":{"type":"Point","coordinates":[-105.601526,28.325011]},"properties":{"id":"MX-CHH-0060","nombre":"Consuelo","portfolio":"MTP","estado":"CHH","municipio":"Chihuahua"}},{"type":"Feature","geometry":{"type":"Point","coordinates":[-107.386846,29.450313]},"properties":{"id":"MX-CHH-0061","nombre":"Las Cruces","portfolio":"MTP","estado":"CHH","municipio":"Chihuahua"}},{"type":"Feature","geometry":{"type":"Point","coordinates":[-106.3923134,31.6780167]},"properties":{"id":"MX-CHH-0062","nombre":"Misión de los Lagos","portfolio":"MTP","estado":"CHH","municipio":"Chihuahua"}},{"type":"Feature","geometry":{"type":"Point","coordinates":[-106.995017,28.458532]},"properties":{"id":"MX-CHH-0063","nombre":"Nopabechic","portfolio":"MTP","estado":"CHH","municipio":"Chihuahua"}},{"type":"Feature","geometry":{"type":"Point","coordinates":[-105.542765,28.456949]},"properties":{"id":"MX-CHH-0064","nombre":"Potrero del llano","portfolio":"MTP","estado":"CHH","municipio":"Chihuahua"}},{"type":"Feature","geometry":{"type":"Point","coordinates":[-106.332395,26.885887]},"properties":{"id":"MX-CHH-0065","nombre":"Ranchito de San Juan","portfolio":"MTP","estado":"CHH","municipio":"Chihuahua"}},{"type":"Feature","geometry":{"type":"Point","coordinates":[-107.48125,28.35267]},"properties":{"id":"MX-CHH-0066","nombre":"Tacuba","portfolio":"MTP","estado":"CHH","municipio":"Chihuahua"}},{"type":"Feature","geometry":{"type":"Point","coordinates":[-107.830724,29.013382]},"properties":{"id":"MX-CHH-0067","nombre":"Temosachi","portfolio":"MTP","estado":"CHH","municipio":"Chihuahua"}},{"type":"Feature","geometry":{"type":"Point","coordinates":[-105.99168889,28.66976111]},"properties":{"id":"MX-CHH-4001","nombre":"Al Super","portfolio":"MTP","estado":"CHH","municipio":"Chihuahua"}},{"type":"Feature","geometry":{"type":"Point","coordinates":[-106.37864,31.617166]},"properties":{"id":"MX-CHH-5002","nombre":"El Sur","portfolio":"MTP","estado":"CHH","municipio":"Ciudad Juárez"}},{"type":"Feature","geometry":{"type":"Point","coordinates":[-105.404475,26.954098]},"properties":{"id":"MX-CHH-5004","nombre":"Valle De Allende","portfolio":"MTP","estado":"CHH","municipio":"Valle de Allende"}},{"type":"Feature","geometry":{"type":"Point","coordinates":[-105.46479,28.234652]},"properties":{"id":"MX-CHH-5005","nombre":"Rio San Pedro","portfolio":"MTP","estado":"CHH","municipio":"Ciudad Delicias"}},{"type":"Feature","geometry":{"type":"Point","coordinates":[-105.682149,26.933146]},"properties":{"id":"MX-CHH-5006","nombre":"Frontera","portfolio":"MTP","estado":"CHH","municipio":"Hidalgo Del Parral"}},{"type":"Feature","geometry":{"type":"Point","coordinates":[-106.496093,31.146144]},"properties":{"id":"MX-CHH-5007","nombre":"Nueva Aduana","portfolio":"MTP","estado":"CHH","municipio":"Ahumada"}},{"type":"Feature","geometry":{"type":"Point","coordinates":[-106.044474,28.636147]},"properties":{"id":"MX-CHH-5008","nombre":"Pacheco","portfolio":"MTP","estado":"CHH","municipio":"Chihuahua"}},{"type":"Feature","geometry":{"type":"Point","coordinates":[-106.112173,28.66945]},"properties":{"id":"MX-CHH-5009","nombre":"Granjas","portfolio":"MTP","estado":"CHH","municipio":"Chihuahua"}},{"type":"Feature","geometry":{"type":"Point","coordinates":[-106.406485,31.601275]},"properties":{"id":"MX-CHH-5010","nombre":"Universidad Tecnologica","portfolio":"MTP","estado":"CHH","municipio":"Ciudad Juárez"}},{"type":"Feature","geometry":{"type":"Point","coordinates":[-106.018351,28.632919]},"properties":{"id":"MX-CHH-5012","nombre":"Centra","portfolio":"MTP","estado":"CHH","municipio":"Chihuahua"}},{"type":"Feature","geometry":{"type":"Point","coordinates":[-106.0699167,28.66288889]},"properties":{"id":"MX-CHH-5013","nombre":"Paz","portfolio":"MTP","estado":"CHH","municipio":"Chihuahua"}},{"type":"Feature","geometry":{"type":"Point","coordinates":[-106.07888889,28.67622222]},"properties":{"id":"MX-CHH-5014","nombre":"Tec De Monterrey","portfolio":"MTP","estado":"CHH","municipio":"Chihuahua"}},{"type":"Feature","geometry":{"type":"Point","coordinates":[-106.43750833,31.65357778]},"properties":{"id":"MX-CHH-5015","nombre":"Oasis","portfolio":"MTP","estado":"CHH","municipio":"Ciudad Juárez"}},{"type":"Feature","geometry":{"type":"Point","coordinates":[-106.05477778,28.65430556]},"properties":{"id":"MX-CHH-5017","nombre":"Tiradores","portfolio":"MTP","estado":"CHH","municipio":"Chihuahua"}},{"type":"Feature","geometry":{"type":"Point","coordinates":[-106.14105556,28.68486111]},"properties":{"id":"MX-CHH-5018","nombre":"Cumbres","portfolio":"MTP","estado":"CHH","municipio":"Chihuahua"}},{"type":"Feature","geometry":{"type":"Point","coordinates":[-106.532278,31.745164]},"properties":{"id":"MX-CHH-5019","nombre":"La Paz","portfolio":"MTP","estado":"CHH","municipio":"Ciudad Juárez"}},{"type":"Feature","geometry":{"type":"Point","coordinates":[-106.361175,31.60765556]},"properties":{"id":"MX-CHH-5020","nombre":"Parque Industrial Salvarcar","portfolio":"MTP","estado":"CHH","municipio":"Ciudad Juárez"}},{"type":"Feature","geometry":{"type":"Point","coordinates":[-106.608952,31.61103]},"properties":{"id":"MX-CHH-5022","nombre":"Entronque Santa Teresa","portfolio":"MTP","estado":"CHH","municipio":"Ciudad Juárez"}},{"type":"Feature","geometry":{"type":"Point","coordinates":[-105.96333333,28.576]},"properties":{"id":"MX-CHH-5023","nombre":"Puerta Chihuhua","portfolio":"MTP","estado":"CHH","municipio":"Chihuahua"}},{"type":"Feature","geometry":{"type":"Point","coordinates":[-107.06886111,26.81511111]},"properties":{"id":"MX-CHH-5025","nombre":"Guachochi","portfolio":"MTP","estado":"CHH","municipio":"Guachochi"}},{"type":"Feature","geometry":{"type":"Point","coordinates":[-108.14705556,29.19377778]},"properties":{"id":"MX-CHH-5032","nombre":"Madera","portfolio":"MTP","estado":"CHH","municipio":"Madera"}},{"type":"Feature","geometry":{"type":"Point","coordinates":[-106.463692,31.759617]},"properties":{"id":"MX-CHH-5033","nombre":"Chamizal","portfolio":"MTP","estado":"CHH","municipio":"Ciudad Juárez"}},{"type":"Feature","geometry":{"type":"Point","coordinates":[-104.41722222,29.54741667]},"properties":{"id":"MX-CHH-5036","nombre":"Libre Comercio","portfolio":"MTP","estado":"CHH","municipio":"Ojinaga"}},{"type":"Feature","geometry":{"type":"Point","coordinates":[-106.7726083,30.31389722]},"properties":{"id":"MX-CHH-5037","nombre":"Alamos De Peña","portfolio":"MTP","estado":"CHH","municipio":"Ahumada"}},{"type":"Feature","geometry":{"type":"Point","coordinates":[-107.46816667,28.53938889]},"properties":{"id":"MX-CHH-5038","nombre":"Basuchil","portfolio":"MTP","estado":"CHH","municipio":"Vicente Guerrero"}},{"type":"Feature","geometry":{"type":"Point","coordinates":[-106.88398056,30.15496389]},"properties":{"id":"MX-CHH-5039","nombre":"Benito Juarez","portfolio":"MTP","estado":"CHH","municipio":"San Buenaventura"}},{"type":"Feature","geometry":{"type":"Point","coordinates":[-106.80055556,29.92030556]},"properties":{"id":"MX-CHH-5040","nombre":"Ejido Constitucion","portfolio":"MTP","estado":"CHH","municipio":"San Buenaventura"}},{"type":"Feature","geometry":{"type":"Point","coordinates":[-106.9616667,29.94077222]},"properties":{"id":"MX-CHH-5041","nombre":"Flores Magon","portfolio":"MTP","estado":"CHH","municipio":"San Buenaventura"}},{"type":"Feature","geometry":{"type":"Point","coordinates":[-107.43791667,31.50363889]},"properties":{"id":"MX-CHH-5042","nombre":"La Pradera","portfolio":"MTP","estado":"CHH","municipio":"Ascensión"}},{"type":"Feature","geometry":{"type":"Point","coordinates":[-105.6708056,27.192325]},"properties":{"id":"MX-CHH-5043","nombre":"Sapien","portfolio":"MTP","estado":"CHH","municipio":"Hidalgo del Parral"}},{"type":"Feature","geometry":{"type":"Point","coordinates":[-105.881797,28.593613]},"properties":{"id":"MX-CHH-5044","nombre":"Aquiles Serdán","portfolio":"MTP","estado":"CHH","municipio":"Santa Eulalia"}},{"type":"Feature","geometry":{"type":"Point","coordinates":[-106.203,28.81143889]},"properties":{"id":"MX-CHH-5045","nombre":"Caseta Sacramento","portfolio":"CAPSA","estado":"CHH","municipio":"Chihuahua"}},{"type":"Feature","geometry":{"type":"Point","coordinates":[-105.98430556,28.66641667]},"properties":{"id":"MX-CHH-5046","nombre":"Burócrata","portfolio":"CAPSA","estado":"CHH","municipio":"Chihuahua"}},{"type":"Feature","geometry":{"type":"Point","coordinates":[-106.376616,31.716217]},"properties":{"id":"MX-CHH-5047","nombre":"Champs Elysees","portfolio":"CAPSA","estado":"CHH","municipio":"Ciudad Juárez"}},{"type":"Feature","geometry":{"type":"Point","coordinates":[-106.378677,31.582506]},"properties":{"id":"MX-CHH-5048","nombre":"Tierra Nueva","portfolio":"CAPSA","estado":"CHH","municipio":"Ciudad Juárez"}},{"type":"Feature","geometry":{"type":"Point","coordinates":[-106.406061,31.625533]},"properties":{"id":"MX-CHH-5049","nombre":"Los Alcaldes","portfolio":"CAPSA","estado":"CHH","municipio":"Ciudad Juárez"}},{"type":"Feature","geometry":{"type":"Point","coordinates":[-106.34963,31.549505]},"properties":{"id":"MX-CHH-5050","nombre":"Alcala","portfolio":"CAPSA","estado":"CHH","municipio":"Ciudad Juárez"}},{"type":"Feature","geometry":{"type":"Point","coordinates":[-106.344103,31.572532]},"properties":{"id":"MX-CHH-5051","nombre":"Parajes","portfolio":"CAPSA","estado":"CHH","municipio":"Ciudad Juárez"}},{"type":"Feature","geometry":{"type":"Point","coordinates":[-106.348997,31.593974]},"properties":{"id":"MX-CHH-5052","nombre":"Medio Oriente","portfolio":"CAPSA","estado":"CHH","municipio":"Ciudad Juárez"}},{"type":"Feature","geometry":{"type":"Point","coordinates":[-106.16903056,28.781225]},"properties":{"id":"MX-CHH-5053","nombre":"Riberas","portfolio":"CAPSA","estado":"CHH","municipio":"Chihuahua"}},{"type":"Feature","geometry":{"type":"Point","coordinates":[-106.47271944,31.70169722]},"properties":{"id":"MX-CHH-5054","nombre":"Mesoamerica","portfolio":"CAPSA","estado":"CHH","municipio":"Ciudad Juárez"}},{"type":"Feature","geometry":{"type":"Point","coordinates":[-106.324787,31.604251]},"properties":{"id":"MX-CHH-5055","nombre":"Riverside","portfolio":"CAPSA","estado":"CHH","municipio":"Ciudad Juárez"}},{"type":"Feature","geometry":{"type":"Point","coordinates":[-106.1484278,28.69278056]},"properties":{"id":"MX-CHH-5057","nombre":"Puerta Del Valle","portfolio":"CAPSA","estado":"CHH","municipio":"Chihuahua"}},{"type":"Feature","geometry":{"type":"Point","coordinates":[-106.12775,28.66136111]},"properties":{"id":"MX-CHH-5058","nombre":"Marte","portfolio":"CAPSA","estado":"CHH","municipio":"Chihuahua"}},{"type":"Feature","geometry":{"type":"Point","coordinates":[-106.1324083,28.63566111]},"properties":{"id":"MX-CHH-5059","nombre":"El Pedregal","portfolio":"CAPSA","estado":"CHH","municipio":"Chihuahua"}},{"type":"Feature","geometry":{"type":"Point","coordinates":[-106.05118889,28.64730556]},"properties":{"id":"MX-CHH-5060","nombre":"Cerro Del Coronel","portfolio":"CAPSA","estado":"CHH","municipio":"Chihuahua"}},{"type":"Feature","geometry":{"type":"Point","coordinates":[-106.41691111,31.74790833]},"properties":{"id":"MX-CHH-5061","nombre":"Muro","portfolio":"CAPSA","estado":"CHH","municipio":"Ciudad Juárez"}},{"type":"Feature","geometry":{"type":"Point","coordinates":[-106.15613889,28.59591667]},"properties":{"id":"MX-CHH-5062","nombre":"Isabella","portfolio":"CAPSA","estado":"CHH","municipio":"Chihuahua"}},{"type":"Feature","geometry":{"type":"Point","coordinates":[-106.38237222,31.619875]},"properties":{"id":"MX-CHH-5063","nombre":"Hospital Naranja","portfolio":"CAPSA","estado":"CHH","municipio":"Ciudad Juárez"}},{"type":"Feature","geometry":{"type":"Point","coordinates":[-106.12415556,28.73773611]},"properties":{"id":"MX-CHH-5064","nombre":"Sosa Vera","portfolio":"CAPSA","estado":"CHH","municipio":"Chihuahua"}},{"type":"Feature","geometry":{"type":"Point","coordinates":[-106.12515278,28.64651944]},"properties":{"id":"MX-CHH-5065","nombre":"Libreria","portfolio":"CAPSA","estado":"CHH","municipio":"Chihuahua"}},{"type":"Feature","geometry":{"type":"Point","coordinates":[-105.9568556,28.62937222]},"properties":{"id":"MX-CHH-5066","nombre":"Las Vistas","portfolio":"MTP","estado":"CHH","municipio":"Santa Eulalia"}},{"type":"Feature","geometry":{"type":"Point","coordinates":[-106.1127167,27.97092778]},"properties":{"id":"MX-CHH-5068","nombre":"Satevo","portfolio":"MTP","estado":"CHH","municipio":"San Francisco Javier de Satevó"}},{"type":"Feature","geometry":{"type":"Point","coordinates":[-106.9484139,29.999825]},"properties":{"id":"MX-CHH-5069","nombre":"Sueco","portfolio":"MTP","estado":"CHH","municipio":"Buenaventura"}},{"type":"Feature","geometry":{"type":"Point","coordinates":[-92.63394167,16.73084722]},"properties":{"id":"MX-CHH-5070","nombre":"Barrio Sur","portfolio":"CAPSA","estado":"CHP","municipio":"San Cristóbal De Las Casas"}},{"type":"Feature","geometry":{"type":"Point","coordinates":[-106.64919,30.56305]},"properties":{"id":"MX-CHH-5071","nombre":"Carrizal","portfolio":"MTP","estado":"CHH","municipio":"Villa Ahumada"}},{"type":"Feature","geometry":{"type":"Point","coordinates":[-106.06061111,27.70880556]},"properties":{"id":"MX-CHH-5072","nombre":"Velduque","portfolio":"MTP","estado":"CHH","municipio":"Valle De Zaragoza"}},{"type":"Feature","geometry":{"type":"Point","coordinates":[-105.874617,28.607585]},"properties":{"id":"MX-CHH-5073","nombre":"Mina Santo Domingo","portfolio":"MTP","estado":"CHH","municipio":"Aquiles Serdán"}},{"type":"Feature","geometry":{"type":"Point","coordinates":[-106.51338889,31.71205556]},"properties":{"id":"MX-CHH-5076","nombre":"Camino Real","portfolio":"MTP","estado":"CHH","municipio":"Ciudad Juárez"}},{"type":"Feature","geometry":{"type":"Point","coordinates":[-106.37590833,31.58017778]},"properties":{"id":"MX-CHH-5077","nombre":"Campo Grande","portfolio":"MTP","estado":"CHH","municipio":"Ciudad Juárez"}},{"type":"Feature","geometry":{"type":"Point","coordinates":[-105.678425,27.06805278]},"properties":{"id":"MX-CHH-5078","nombre":"Villegas","portfolio":"MTP","estado":"CHH","municipio":"Hidalgo Del Parral"}},{"type":"Feature","geometry":{"type":"Point","coordinates":[-105.18383,27.7935]},"properties":{"id":"MX-CHH-5079","nombre":"La Cruz","portfolio":"MTP","estado":"CHH","municipio":"La Cruz"}},{"type":"Feature","geometry":{"type":"Point","coordinates":[-106.43258333,31.67866667]},"properties":{"id":"MX-CHH-5080","nombre":"La Cuesta","portfolio":"MTP","estado":"CHH","municipio":"Ciudad Juárez"}},{"type":"Feature","geometry":{"type":"Point","coordinates":[-106.35588889,31.58463889]},"properties":{"id":"MX-CHH-5081","nombre":"Volcanes","portfolio":"MTP","estado":"CHH","municipio":"Ciudad Juárez"}},{"type":"Feature","geometry":{"type":"Point","coordinates":[-106.11275,28.70755556]},"properties":{"id":"MX-CHH-5082","nombre":"Arriaga","portfolio":"MTP","estado":"CHH","municipio":"CHIHUAHUA"}},{"type":"Feature","geometry":{"type":"Point","coordinates":[-106.45816667,31.69244444]},"properties":{"id":"MX-CHH-5084","nombre":"Parque Gema","portfolio":"MTP","estado":"CHH","municipio":"Ciudad Juárez"}},{"type":"Feature","geometry":{"type":"Point","coordinates":[-106.34411667,31.60333611]},"properties":{"id":"MX-CHH-5085","nombre":"Chavira","portfolio":"MTP","estado":"CHH","municipio":"Ciudad Juárez"}},{"type":"Feature","geometry":{"type":"Point","coordinates":[-106.0996306,28.73735]},"properties":{"id":"MX-CHH-5089","nombre":"Palmillas","portfolio":"MTP","estado":"CHH","municipio":"Chihuahua"}},{"type":"Feature","geometry":{"type":"Point","coordinates":[-106.0691222,28.62184167]},"properties":{"id":"MX-CHH-5090","nombre":"Carlos Fuero","portfolio":"MTP","estado":"CHH","municipio":"Chihuahua"}},{"type":"Feature","geometry":{"type":"Point","coordinates":[-106.066658,28.654283]},"properties":{"id":"MX-CHH-5091","nombre":"Papelera","portfolio":"MTP","estado":"CHH","municipio":"Chihuahua"}},{"type":"Feature","geometry":{"type":"Point","coordinates":[-106.362008,31.610872]},"properties":{"id":"MX-CHH-5092","nombre":"Troncoso","portfolio":"MTP","estado":"CHH","municipio":"Ciudad Juárez"}},{"type":"Feature","geometry":{"type":"Point","coordinates":[-106.365087,31.683904]},"properties":{"id":"MX-CHH-5093","nombre":"Laredo","portfolio":"MTP","estado":"CHH","municipio":"Ciudad Juárez"}},{"type":"Feature","geometry":{"type":"Point","coordinates":[-105.665915,26.938028]},"properties":{"id":"MX-CHH-5094","nombre":"La Prieta","portfolio":"MTP","estado":"CHH","municipio":"Hidalgo Del Parral"}},{"type":"Feature","geometry":{"type":"Point","coordinates":[-107.919345,30.416608]},"properties":{"id":"MX-CHH-5095","nombre":"Pacifico","portfolio":"MTP","estado":"CHH","municipio":"Nuevo Casas Grandes"}},{"type":"Feature","geometry":{"type":"Point","coordinates":[-106.1215778,28.62609444]},"properties":{"id":"MX-CHH-5096","nombre":"Reyes","portfolio":"CAPSA","estado":"CHH","municipio":"Chihuahua"}},{"type":"Feature","geometry":{"type":"Point","coordinates":[-105.3951667,28.14938889]},"properties":{"id":"MX-CHH-5097","nombre":"Maria Bonita","portfolio":"MTP","estado":"CHH","municipio":"Ciudad Delicias"}},{"type":"Feature","geometry":{"type":"Point","coordinates":[-106.1231333,28.65283333]},"properties":{"id":"MX-CHH-5098","nombre":"Tecnologia","portfolio":"CAPSA","estado":"CHH","municipio":"Chihuahua"}},{"type":"Feature","geometry":{"type":"Point","coordinates":[-106.3946898,31.66332383]},"properties":{"id":"MX-CHH-5099","nombre":"Plaza Del Reloj","portfolio":"MTP","estado":"CHH","municipio":"Ciudad Juárez"}},{"type":"Feature","geometry":{"type":"Point","coordinates":[-106.094325,28.5963111]},"properties":{"id":"MX-CHH-5100","nombre":"Noventa","portfolio":"CAPSA","estado":"CHH","municipio":"Chihuahua"}},{"type":"Feature","geometry":{"type":"Point","coordinates":[-106.466722,31.720631]},"properties":{"id":"MX-CHH-5102","nombre":"Sanders","portfolio":"MTP","estado":"CHH","municipio":"Ciudad Juárez"}},{"type":"Feature","geometry":{"type":"Point","coordinates":[-106.404792,31.580244]},"properties":{"id":"MX-CHH-5103","nombre":"Praderas Del Sol","portfolio":"MTP","estado":"CHH","municipio":"Ciudad Juárez"}},{"type":"Feature","geometry":{"type":"Point","coordinates":[-106.508,31.283]},"properties":{"id":"MX-CHH-5106","nombre":"Ahumada Juarez","portfolio":"MTP","estado":"CHH","municipio":"Ciudad Juárez"}},{"type":"Feature","geometry":{"type":"Point","coordinates":[-106.478964,31.338528]},"properties":{"id":"MX-CHH-5107","nombre":"Samalayuca","portfolio":"MTP","estado":"CHH","municipio":"Ciudad Juárez"}},{"type":"Feature","geometry":{"type":"Point","coordinates":[-106.274383,31.541961]},"properties":{"id":"MX-CHH-5108","nombre":"Obregon Norte","portfolio":"MTP","estado":"CHH","municipio":"Ciudad Juárez"}},{"type":"Feature","geometry":{"type":"Point","coordinates":[-106.378048,31.651052]},"properties":{"id":"MX-CHH-5109","nombre":"Valle Del Cedro","portfolio":"MTP","estado":"CHH","municipio":"Ciudad Juárez"}},{"type":"Feature","geometry":{"type":"Point","coordinates":[-106.519222,31.764178]},"properties":{"id":"MX-CHH-5110","nombre":"El Paso","portfolio":"MTP","estado":"CHH","municipio":"Ciudad Juárez"}},{"type":"Feature","geometry":{"type":"Point","coordinates":[-106.4878806,31.68661667]},"properties":{"id":"MX-CHH-5111","nombre":"Palo Chino","portfolio":"MTP","estado":"CHH","municipio":"Ciudad Juárez"}},{"type":"Feature","geometry":{"type":"Point","coordinates":[-106.361028,31.544514]},"properties":{"id":"MX-CHH-5112","nombre":"Mancebos","portfolio":"MTP","estado":"CHH","municipio":"Ciudad Juárez"}},{"type":"Feature","geometry":{"type":"Point","coordinates":[-106.558911,31.774428]},"properties":{"id":"MX-CHH-5113","nombre":"Puerto De Anapra","portfolio":"MTP","estado":"CHH","municipio":"Ciudad Juárez"}},{"type":"Feature","geometry":{"type":"Point","coordinates":[-106.495208,31.717147]},"properties":{"id":"MX-CHH-5115","nombre":"Pinotepa","portfolio":"MTP","estado":"CHH","municipio":"Ciudad Juárez"}},{"type":"Feature","geometry":{"type":"Point","coordinates":[-106.444517,31.730397]},"properties":{"id":"MX-CHH-5116","nombre":"Montesori","portfolio":"MTP","estado":"CHH","municipio":"Ciudad Juárez"}},{"type":"Feature","geometry":{"type":"Point","coordinates":[-106.162071,28.712691]},"properties":{"id":"MX-CHH-5117","nombre":"Villa San Lorenzo","portfolio":"MTP","estado":"CHH","municipio":"Chihuahua"}},{"type":"Feature","geometry":{"type":"Point","coordinates":[-106.34568056,31.55209167]},"properties":{"id":"MX-CHH-5118","nombre":"Senderos De Oziel","portfolio":"MTP","estado":"CHH","municipio":"Ciudad Juárez"}},{"type":"Feature","geometry":{"type":"Point","coordinates":[-106.39596111,31.62619722]},"properties":{"id":"MX-CHH-5119","nombre":"Mitla","portfolio":"MTP","estado":"CHH","municipio":"Ciudad Juárez"}},{"type":"Feature","geometry":{"type":"Point","coordinates":[-108.0820417,30.32260278]},"properties":{"id":"MX-CHH-5120","nombre":"Colonia Juarez","portfolio":"MTP","estado":"CHH","municipio":"Casas Grandes"}},{"type":"Feature","geometry":{"type":"Point","coordinates":[-106.91341667,28.46311111]},"properties":{"id":"MX-CHH-5121","nombre":"Campo 4","portfolio":"MTP","estado":"CHH","municipio":"Cuauhtémoc"}},{"type":"Feature","geometry":{"type":"Point","coordinates":[-107.0569056,28.37228889]},"properties":{"id":"MX-CHH-5122","nombre":"Cienega","portfolio":"MTP","estado":"CHH","municipio":"Cuauhtémoc"}},{"type":"Feature","geometry":{"type":"Point","coordinates":[-105.42688056,28.42183889]},"properties":{"id":"MX-CHH-5123","nombre":"Julimes","portfolio":"MTP","estado":"CHH","municipio":"Julimes"}},{"type":"Feature","geometry":{"type":"Point","coordinates":[-105.42661111,28.33393056]},"properties":{"id":"MX-CHH-5124","nombre":"Las Morenas","portfolio":"MTP","estado":"CHH","municipio":"Pedro Meoqui"}},{"type":"Feature","geometry":{"type":"Point","coordinates":[-105.7485,27.36286111]},"properties":{"id":"MX-CHH-5125","nombre":"Manchado","portfolio":"MTP","estado":"CHH","municipio":"Valle de Zaragoza"}},{"type":"Feature","geometry":{"type":"Point","coordinates":[-106.362708,31.646506]},"properties":{"id":"MX-CHH-5167","nombre":"Salvacar","portfolio":"MTP","estado":"CHH","municipio":"Ciudad Juárez"}},{"type":"Feature","geometry":{"type":"Point","coordinates":[-106.388242,31.69476]},"properties":{"id":"MX-CHH-5168","nombre":"Barraza","portfolio":"MTP","estado":"CHH","municipio":"Ciudad Juárez"}},{"type":"Feature","geometry":{"type":"Point","coordinates":[-106.436442,31.651094]},"properties":{"id":"MX-CHH-5169","nombre":"Boquilla","portfolio":"MTP","estado":"CHH","municipio":"Ciudad Juárez"}},{"type":"Feature","geometry":{"type":"Point","coordinates":[-106.118201,28.692901]},"properties":{"id":"MX-CHH-5170","nombre":"Guereca","portfolio":"MTP","estado":"CHH","municipio":"Chihuahua"}},{"type":"Feature","geometry":{"type":"Point","coordinates":[-106.063944,28.622119]},"properties":{"id":"MX-CHH-5171","nombre":"Urueta","portfolio":"MTP","estado":"CHH","municipio":"Chihuahua"}},{"type":"Feature","geometry":{"type":"Point","coordinates":[-106.43043,31.646448]},"properties":{"id":"MX-CHH-5172","nombre":"Cien Fuegos","portfolio":"MTP","estado":"CHH","municipio":"Ciudad Juárez"}},{"type":"Feature","geometry":{"type":"Point","coordinates":[-105.4821,28.2017]},"properties":{"id":"MX-CHH-5173","nombre":"Pop Delicias","portfolio":"MTP","estado":"CHH","municipio":"Ciudad Delicias"}},{"type":"Feature","geometry":{"type":"Point","coordinates":[-106.515929,31.722479]},"properties":{"id":"MX-CHH-5174","nombre":"Celebes","portfolio":"MTP","estado":"CHH","municipio":"Ciudad Juárez"}},{"type":"Feature","geometry":{"type":"Point","coordinates":[-106.073996,28.636229]},"properties":{"id":"MX-CHH-5175","nombre":"Parque Rotario","portfolio":"MTP","estado":"CHH","municipio":"Chihuahua"}},{"type":"Feature","geometry":{"type":"Point","coordinates":[-106.48667,31.70513]},"properties":{"id":"MX-CHH-5176","nombre":"Ixcateopan","portfolio":"MTP","estado":"CHH","municipio":"Ciudad Juárez"}},{"type":"Feature","geometry":{"type":"Point","coordinates":[-106.411194,31.67241]},"properties":{"id":"MX-CHH-5177","nombre":"Sahuayo","portfolio":"MTP","estado":"CHH","municipio":"Ciudad Juárez"}},{"type":"Feature","geometry":{"type":"Point","coordinates":[-106.34402,31.62889]},"properties":{"id":"MX-CHH-5178","nombre":"Jacales","portfolio":"MTP","estado":"CHH","municipio":"Ciudad Juárez"}},{"type":"Feature","geometry":{"type":"Point","coordinates":[-105.980119,28.764594]},"properties":{"id":"MX-CHH-5179","nombre":"Aldama II","portfolio":"MTP","estado":"CHH","municipio":"Aldama"}},{"type":"Feature","geometry":{"type":"Point","coordinates":[-106.45675,31.662972]},"properties":{"id":"MX-CHH-5180","nombre":"Sarabia","portfolio":"MTP","estado":"CHH","municipio":"Ciudad Juárez"}},{"type":"Feature","geometry":{"type":"Point","coordinates":[-106.131053,28.756736]},"properties":{"id":"MX-CHH-5182","nombre":"Real","portfolio":"MTP","estado":"CHH","municipio":"Chihuahua"}},{"type":"Feature","geometry":{"type":"Point","coordinates":[-106.444215,31.689758]},"properties":{"id":"MX-CHH-5186","nombre":"Magneto","portfolio":"MTP","estado":"CHH","municipio":"Ciudad Juárez"}},{"type":"Feature","geometry":{"type":"Point","coordinates":[-106.365,31.598]},"properties":{"id":"MX-CHH-5187","nombre":"Teresa Mendiola","portfolio":"MTP","estado":"CHH","municipio":"Ciudad Juárez"}},{"type":"Feature","geometry":{"type":"Point","coordinates":[-106.46372778,31.63136389]},"properties":{"id":"MX-CHH-5188","nombre":"Del Safari","portfolio":"MTP","estado":"CHH","municipio":"Ciudad Juárez"}},{"type":"Feature","geometry":{"type":"Point","coordinates":[-106.10422,28.727364]},"properties":{"id":"MX-CHH-5189","nombre":"Nuevo Triunfo","portfolio":"MTP","estado":"CHH","municipio":"Chihuahua"}},{"type":"Feature","geometry":{"type":"Point","coordinates":[-93.1237,16.7495]},"properties":{"id":"MX-CHP-0003","nombre":"San Pascualito","portfolio":"MTP","estado":"CHP","municipio":"Tuxta Gutierrez"}},{"type":"Feature","geometry":{"type":"Point","coordinates":[-92.117773,16.237938]},"properties":{"id":"MX-CHP-0004","nombre":"Yalchivol","portfolio":"MTP","estado":"CHP","municipio":"Comitán"}},{"type":"Feature","geometry":{"type":"Point","coordinates":[-92.2826369,14.878492]},"properties":{"id":"MX-CHP-0005","nombre":"Maya Quiche","portfolio":"MTP","estado":"CHP","municipio":"Tapachula"}},{"type":"Feature","geometry":{"type":"Point","coordinates":[-93.1821942,16.7398917]},"properties":{"id":"MX-CHP-0008","nombre":"Mactumatza","portfolio":"MTP","estado":"CHP","municipio":"Chiapas"}},{"type":"Feature","geometry":{"type":"Point","coordinates":[-92.25555278,14.90521389]},"properties":{"id":"MX-CHP-0019","nombre":"Barrio Nuevo","portfolio":"MTP","estado":"CHP","municipio":"Tapachula de Córdova"}},{"type":"Feature","geometry":{"type":"Point","coordinates":[-93.081921,16.755405]},"properties":{"id":"MX-CHP-0020","nombre":"MSC Tuxtla","portfolio":"MTP","estado":"CHP","municipio":"Tuxtla Gutiérrez"}},{"type":"Feature","geometry":{"type":"Point","coordinates":[-92.475851,17.00346]},"properties":{"id":"MX-CHP-0021","nombre":"Pantelhó","portfolio":"MTP","estado":"CHP","municipio":"Chiapas"}},{"type":"Feature","geometry":{"type":"Point","coordinates":[-93.485889,17.473278]},"properties":{"id":"MX-CHP-0022","nombre":"Plan de Ayala","portfolio":"MTP","estado":"CHP","municipio":"Chiapas"}},{"type":"Feature","geometry":{"type":"Point","coordinates":[-92.29204,15.13882]},"properties":{"id":"MX-CHP-0023","nombre":"Mexiquito","portfolio":"MTP","estado":"CHP","municipio":"Chiapas"}},{"type":"Feature","geometry":{"type":"Point","coordinates":[-91.80295,17.08401]},"properties":{"id":"MX-CHP-0024","nombre":"Pamal Navil","portfolio":"MTP","estado":"CHP","municipio":"Chiapas"}},{"type":"Feature","geometry":{"type":"Point","coordinates":[-91.72558,16.71546]},"properties":{"id":"MX-CHP-0025","nombre":"Tierra Blanca","portfolio":"MTP","estado":"CHP","municipio":"Chiapas"}},{"type":"Feature","geometry":{"type":"Point","coordinates":[-92.14906,17.24868]},"properties":{"id":"MX-CHP-0026","nombre":"Ignacio Allende","portfolio":"MTP","estado":"CHP","municipio":"Chiapas"}},{"type":"Feature","geometry":{"type":"Point","coordinates":[-92.60914,15.72161]},"properties":{"id":"MX-CHP-0027","nombre":"San Nicolás Plan de Ayutla","portfolio":"MTP","estado":"CHP","municipio":"Guerrero"}},{"type":"Feature","geometry":{"type":"Point","coordinates":[-90.70385,16.195873]},"properties":{"id":"MX-CHP-0028","nombre":"Tierra y Libertad","portfolio":"MTP","estado":"CHP","municipio":"Chiapas"}},{"type":"Feature","geometry":{"type":"Point","coordinates":[-91.18795,16.98102]},"properties":{"id":"MX-CHP-0029","nombre":"Nuevo Mariscal","portfolio":"MTP","estado":"CHP","municipio":"Chiapas"}},{"type":"Feature","geometry":{"type":"Point","coordinates":[-91.94094,17.39522]},"properties":{"id":"MX-CHP-0030","nombre":"La Aurora","portfolio":"MTP","estado":"CHP","municipio":"Chiapas"}},{"type":"Feature","geometry":{"type":"Point","coordinates":[-92.35948,15.93993]},"properties":{"id":"MX-CHP-0031","nombre":"El Retiro","portfolio":"MTP","estado":"CHP","municipio":"Chiapas"}},{"type":"Feature","geometry":{"type":"Point","coordinates":[-92.25601,15.89712]},"properties":{"id":"MX-CHP-0032","nombre":"El Raizal","portfolio":"MTP","estado":"CHP","municipio":"Chiapas"}},{"type":"Feature","geometry":{"type":"Point","coordinates":[-92.20528,16.52523]},"properties":{"id":"MX-CHP-0033","nombre":"Natiltón","portfolio":"MTP","estado":"CHP","municipio":"Chiapas"}},{"type":"Feature","geometry":{"type":"Point","coordinates":[-91.76765,17.53075]},"properties":{"id":"MX-CHP-0034","nombre":"San Agustin","portfolio":"MTP","estado":"CHP","municipio":"Chiapas"}},{"type":"Feature","geometry":{"type":"Point","coordinates":[-92.210709,17.534249]},"properties":{"id":"MX-CHP-0035","nombre":"San Andres","portfolio":"MTP","estado":"CHP","municipio":"Chiapas"}},{"type":"Feature","geometry":{"type":"Point","coordinates":[-93.82339,17.15482]},"properties":{"id":"MX-CHP-0036","nombre":"Palestina","portfolio":"MTP","estado":"CHP","municipio":"Chiapas"}},{"type":"Feature","geometry":{"type":"Point","coordinates":[-92.27872,17.15608]},"properties":{"id":"MX-CHP-0037","nombre":"Pantelha","portfolio":"MTP","estado":"CHP","municipio":"Chiapas"}},{"type":"Feature","geometry":{"type":"Point","coordinates":[-93.05011,17.32404]},"properties":{"id":"MX-CHP-0038","nombre":"San Miguel","portfolio":"MTP","estado":"CHP","municipio":"Chiapas"}},{"type":"Feature","geometry":{"type":"Point","coordinates":[-92.93603,16.1041]},"properties":{"id":"MX-CHP-0039","nombre":"El Alto Buenavista","portfolio":"MTP","estado":"CHP","municipio":"Chiapas"}},{"type":"Feature","geometry":{"type":"Point","coordinates":[-93.27429,17.28475]},"properties":{"id":"MX-CHP-0040","nombre":"Francisco Leon","portfolio":"MTP","estado":"CHP","municipio":"Chiapas"}},{"type":"Feature","geometry":{"type":"Point","coordinates":[-92.887406,15.77102]},"properties":{"id":"MX-CHP-0041","nombre":"Plan De La Libertad","portfolio":"MTP","estado":"CHP","municipio":"Chiapas"}},{"type":"Feature","geometry":{"type":"Point","coordinates":[-93.91544,16.2697]},"properties":{"id":"MX-CHP-0042","nombre":"Nicolas Bravo","portfolio":"MTP","estado":"CHP","municipio":"Chiapas"}},{"type":"Feature","geometry":{"type":"Point","coordinates":[-91.60466,16.4129]},"properties":{"id":"MX-CHP-0043","nombre":"San Francisco El Naranjo","portfolio":"MTP","estado":"CHP","municipio":"Chiapas"}},{"type":"Feature","geometry":{"type":"Point","coordinates":[-91.597131,16.537889]},"properties":{"id":"MX-CHP-0044","nombre":"San Arturo Las Flores","portfolio":"MTP","estado":"CHP","municipio":"Chiapas"}},{"type":"Feature","geometry":{"type":"Point","coordinates":[-93.51887,16.89687]},"properties":{"id":"MX-CHP-0045","nombre":"Nuevo San Juan Chamula","portfolio":"MTP","estado":"CHP","municipio":"Chiapas"}},{"type":"Feature","geometry":{"type":"Point","coordinates":[-92.83053,16.9587]},"properties":{"id":"MX-CHP-0046","nombre":"Chuchilton","portfolio":"MTP","estado":"CHP","municipio":"Chiapas"}},{"type":"Feature","geometry":{"type":"Point","coordinates":[-91.59859,17.0218]},"properties":{"id":"MX-CHP-0047","nombre":"Lacandon","portfolio":"MTP","estado":"CHP","municipio":"Chiapas"}},{"type":"Feature","geometry":{"type":"Point","coordinates":[-92.65743,17.03518]},"properties":{"id":"MX-CHP-0048","nombre":"Sisim","portfolio":"MTP","estado":"CHP","municipio":"Chiapas"}},{"type":"Feature","geometry":{"type":"Point","coordinates":[-93.3101,17.2979]},"properties":{"id":"MX-CHP-0049","nombre":"San Jose Maspac","portfolio":"MTP","estado":"CHP","municipio":"Chiapas"}},{"type":"Feature","geometry":{"type":"Point","coordinates":[-90.58727,16.187]},"properties":{"id":"MX-CHP-0050","nombre":"Nueva Reforma","portfolio":"MTP","estado":"CHP","municipio":"Chiapas"}},{"type":"Feature","geometry":{"type":"Point","coordinates":[-92.85278,17.19768]},"properties":{"id":"MX-CHP-0051","nombre":"Pueblo Nuevo","portfolio":"MTP","estado":"CHP","municipio":"Chiapas"}},{"type":"Feature","geometry":{"type":"Point","coordinates":[-92.6259,15.23928]},"properties":{"id":"MX-CHP-0052","nombre":"Escuintla","portfolio":"MTP","estado":"CHP","municipio":"Chiapas"}},{"type":"Feature","geometry":{"type":"Point","coordinates":[-91.63284,17.00502]},"properties":{"id":"MX-CHP-0053","nombre":"Zaragoza","portfolio":"MTP","estado":"CHP","municipio":"Chiapas"}},{"type":"Feature","geometry":{"type":"Point","coordinates":[-92.43931,15.67753]},"properties":{"id":"MX-CHP-0054","nombre":"Las Flores","portfolio":"MTP","estado":"CHP","municipio":"Chiapas"}},{"type":"Feature","geometry":{"type":"Point","coordinates":[-91.6418,16.32761]},"properties":{"id":"MX-CHP-0055","nombre":"San Isidro","portfolio":"MTP","estado":"CHP","municipio":"Chiapas"}},{"type":"Feature","geometry":{"type":"Point","coordinates":[-92.447787,17.552048]},"properties":{"id":"MX-CHP-0056","nombre":"Santa Lucía","portfolio":"MTP","estado":"CHP","municipio":"Chiapas"}},{"type":"Feature","geometry":{"type":"Point","coordinates":[-93.26131,16.460043]},"properties":{"id":"MX-CHP-0057","nombre":"El Portillo","portfolio":"MTP","estado":"CHP","municipio":"Chiapas"}},{"type":"Feature","geometry":{"type":"Point","coordinates":[-93.584496,17.203821]},"properties":{"id":"MX-CHP-0058","nombre":"Nuevo México","portfolio":"MTP","estado":"CHP","municipio":"Chiapas"}},{"type":"Feature","geometry":{"type":"Point","coordinates":[-92.43241,16.60092]},"properties":{"id":"MX-CHP-0059","nombre":"Dos Lagunas","portfolio":"MTP","estado":"CHP","municipio":"Chiapas"}},{"type":"Feature","geometry":{"type":"Point","coordinates":[-93.586701,16.571839]},"properties":{"id":"MX-CHP-0060","nombre":"Cristóbal Colón","portfolio":"MTP","estado":"CHP","municipio":"Chiapas"}},{"type":"Feature","geometry":{"type":"Point","coordinates":[-92.22726,17.32341]},"properties":{"id":"MX-CHP-0061","nombre":"Cacahuatal","portfolio":"MTP","estado":"CHP","municipio":"Chiapas"}},{"type":"Feature","geometry":{"type":"Point","coordinates":[-93.071253,16.856335]},"properties":{"id":"MX-CHP-0062","nombre":"Triunfo Agrarista","portfolio":"MTP","estado":"CHP","municipio":"Chiapas"}},{"type":"Feature","geometry":{"type":"Point","coordinates":[-92.157244,17.203225]},"properties":{"id":"MX-CHP-0063","nombre":"Patelna","portfolio":"MTP","estado":"CHP","municipio":"Chiapas"}},{"type":"Feature","geometry":{"type":"Point","coordinates":[-92.17203,15.50197]},"properties":{"id":"MX-CHP-0065","nombre":"Ojo-De-Agua-Centro","portfolio":"MTP","estado":"CHP","municipio":"Ojo de Agua Centro"}},{"type":"Feature","geometry":{"type":"Point","coordinates":[-92.094628,17.235534]},"properties":{"id":"MX-CHP-0066","nombre":"Tzinteel","portfolio":"MTP","estado":"CHP","municipio":"Tzinteel"}},{"type":"Feature","geometry":{"type":"Point","coordinates":[-92.51014,15.21782]},"properties":{"id":"MX-CHP-0067","nombre":"Montecristo-Playa","portfolio":"MTP","estado":"CHP","municipio":"Montecristo Playa Grande"}},{"type":"Feature","geometry":{"type":"Point","coordinates":[-92.54823,15.068545]},"properties":{"id":"MX-CHP-0068","nombre":"Francisco I Madero","portfolio":"MTP","estado":"CHP","municipio":"Chiapas"}},{"type":"Feature","geometry":{"type":"Point","coordinates":[-93.24995,16.89935]},"properties":{"id":"MX-CHP-0069","nombre":"Monterrey","portfolio":"MTP","estado":"CHP","municipio":"San Sebastián Tolemaida"}},{"type":"Feature","geometry":{"type":"Point","coordinates":[-92.968613,16.202218]},"properties":{"id":"MX-CHP-0070","nombre":"Loma-Bonita","portfolio":"MTP","estado":"CHP","municipio":"Loma Bonita"}},{"type":"Feature","geometry":{"type":"Point","coordinates":[-93.128067,17.3418687]},"properties":{"id":"MX-CHP-0071","nombre":"Chapultenango","portfolio":"MTP","estado":"CHP","municipio":"Chiapas"}},{"type":"Feature","geometry":{"type":"Point","coordinates":[-91.5403,17.13011]},"properties":{"id":"MX-CHP-0072","nombre":"Nuevo Jerico","portfolio":"MTP","estado":"CHP","municipio":"Chiapas"}},{"type":"Feature","geometry":{"type":"Point","coordinates":[-91.96135,17.31198]},"properties":{"id":"MX-CHP-0073","nombre":"El Salto","portfolio":"MTP","estado":"CHP","municipio":"Chiapas"}},{"type":"Feature","geometry":{"type":"Point","coordinates":[-91.86892,16.98988]},"properties":{"id":"MX-CHP-0074","nombre":"El Mango","portfolio":"MTP","estado":"CHP","municipio":"Chiapas"}},{"type":"Feature","geometry":{"type":"Point","coordinates":[-92.949208,17.441084]},"properties":{"id":"MX-CHP-0075","nombre":"La Gloria","portfolio":"MTP","estado":"CHP","municipio":"Chiapas"}},{"type":"Feature","geometry":{"type":"Point","coordinates":[-92.825,16.718333]},"properties":{"id":"MX-CHP-0076","nombre":"Zinacantan","portfolio":"MTP","estado":"CHP","municipio":"Chiapas"}},{"type":"Feature","geometry":{"type":"Point","coordinates":[-92.181236,15.0416]},"properties":{"id":"MX-CHP-0077","nombre":"Ahuacatlán","portfolio":"MTP","estado":"CHP","municipio":"Chiapas"}},{"type":"Feature","geometry":{"type":"Point","coordinates":[-93.587916,15.8097222]},"properties":{"id":"MX-CHP-0078","nombre":"Buenavista Chiapas (Ponte Duro)","portfolio":"MTP","estado":"CHP","municipio":"Chiapas"}},{"type":"Feature","geometry":{"type":"Point","coordinates":[-92.479872,14.890536]},"properties":{"id":"MX-CHP-0079","nombre":"Buenos Aires","portfolio":"MTP","estado":"CHP","municipio":"Chiapas"}},{"type":"Feature","geometry":{"type":"Point","coordinates":[-94.065589,16.16995]},"properties":{"id":"MX-CHP-0080","nombre":"Emiliano Zapata (Chiapas)","portfolio":"MTP","estado":"CHP","municipio":"Chiapas"}},{"type":"Feature","geometry":{"type":"Point","coordinates":[-92.155345,15.031188]},"properties":{"id":"MX-CHP-0081","nombre":"Faja de Oro","portfolio":"MTP","estado":"CHP","municipio":"Chiapas"}},{"type":"Feature","geometry":{"type":"Point","coordinates":[-92.171719,14.739612]},"properties":{"id":"MX-CHP-0082","nombre":"Ignacio Zaragoza","portfolio":"MTP","estado":"CHP","municipio":"Chiapas"}},{"type":"Feature","geometry":{"type":"Point","coordinates":[-92.194958,14.587578]},"properties":{"id":"MX-CHP-0083","nombre":"La Libertad","portfolio":"MTP","estado":"CHP","municipio":"Chiapas"}},{"type":"Feature","geometry":{"type":"Point","coordinates":[-92.63000833,15.1624694]},"properties":{"id":"MX-CHP-0084","nombre":"La Zacualpa","portfolio":"MTP","estado":"CHP","municipio":"Chiapas"}},{"type":"Feature","geometry":{"type":"Point","coordinates":[-93.112158,15.521861]},"properties":{"id":"MX-CHP-0085","nombre":"Las Brisas","portfolio":"MTP","estado":"CHP","municipio":"Chiapas"}},{"type":"Feature","geometry":{"type":"Point","coordinates":[-92.191758,14.835506]},"properties":{"id":"MX-CHP-0086","nombre":"Metapa de Domínguez","portfolio":"MTP","estado":"CHP","municipio":"Chiapas"}},{"type":"Feature","geometry":{"type":"Point","coordinates":[-93.86263861,16.0513889]},"properties":{"id":"MX-CHP-0087","nombre":"Paredón","portfolio":"MTP","estado":"CHP","municipio":"Chiapas"}},{"type":"Feature","geometry":{"type":"Point","coordinates":[-92.2062,15.03255]},"properties":{"id":"MX-CHP-0088","nombre":"Salvador Urbina","portfolio":"MTP","estado":"CHP","municipio":"Chiapas"}},{"type":"Feature","geometry":{"type":"Point","coordinates":[-93.526888,15.882103]},"properties":{"id":"MX-CHP-0089","nombre":"Tres Picos","portfolio":"MTP","estado":"CHP","municipio":"Chiapas"}},{"type":"Feature","geometry":{"type":"Point","coordinates":[-92.4280277,15.1228056]},"properties":{"id":"MX-CHP-0090","nombre":"Xochiltepec","portfolio":"MTP","estado":"CHP","municipio":"Chiapas"}},{"type":"Feature","geometry":{"type":"Point","coordinates":[-92.26512,14.90022]},"properties":{"id":"MX-CHP-0091","nombre":"Capacidad-227","portfolio":"MTP","estado":"CHP","municipio":"Chiapas"}},{"type":"Feature","geometry":{"type":"Point","coordinates":[-92.29397,14.88681]},"properties":{"id":"MX-CHP-0092","nombre":"Capacidad-262","portfolio":"MTP","estado":"CHP","municipio":"Chiapas"}},{"type":"Feature","geometry":{"type":"Point","coordinates":[-92.303081,14.854532]},"properties":{"id":"MX-CHP-0093","nombre":"Capacidad-168","portfolio":"MTP","estado":"CHP","municipio":"Chiapas"}},{"type":"Feature","geometry":{"type":"Point","coordinates":[-92.2679,14.91468]},"properties":{"id":"MX-CHP-0096","nombre":"Capacidad-122","portfolio":"MTP","estado":"CHP","municipio":"Chiapas"}},{"type":"Feature","geometry":{"type":"Point","coordinates":[-93.17846,16.758862]},"properties":{"id":"MX-CHP-5002","nombre":"Mactumatza","portfolio":"MTP","estado":"CHP","municipio":"Tuxtla Gutiérrez"}},{"type":"Feature","geometry":{"type":"Point","coordinates":[-92.63701389,16.725125]},"properties":{"id":"MX-CHP-5003","nombre":"Clemente","portfolio":"CAPSA","estado":"CHP","municipio":"San Cristóbal de las Casas"}},{"type":"Feature","geometry":{"type":"Point","coordinates":[-92.637369,16.743703]},"properties":{"id":"MX-CHP-5004","nombre":"Real De Mexicanos","portfolio":"CAPSA","estado":"CHP","municipio":"San Cristóbal de las Casas"}},{"type":"Feature","geometry":{"type":"Point","coordinates":[-92.644525,16.73977778]},"properties":{"id":"MX-CHP-5005","nombre":"Rio Amarillo","portfolio":"CAPSA","estado":"CHP","municipio":"San Cristóbal de las Casas"}},{"type":"Feature","geometry":{"type":"Point","coordinates":[-92.01798333,17.49536667]},"properties":{"id":"MX-CHP-5006","nombre":"Zona Comercial Palenque","portfolio":"CAPSA","estado":"CHP","municipio":"Palenque"}},{"type":"Feature","geometry":{"type":"Point","coordinates":[-92.63791667,16.73818333]},"properties":{"id":"MX-CHP-5007","nombre":"Holiday Inn San Cristobal","portfolio":"CAPSA","estado":"CHP","municipio":"San Cristóbal de las Casas"}},{"type":"Feature","geometry":{"type":"Point","coordinates":[-92.640775,16.7545]},"properties":{"id":"MX-CHP-5008","nombre":"Chipilin","portfolio":"CAPSA","estado":"CHP","municipio":"San Cristóbal de las Casas"}},{"type":"Feature","geometry":{"type":"Point","coordinates":[-92.65388889,16.73361111]},"properties":{"id":"MX-CHP-5009","nombre":"Del Valle","portfolio":"CAPSA","estado":"CHP","municipio":"San Cristóbal de las Casas"}},{"type":"Feature","geometry":{"type":"Point","coordinates":[-93.20203333,16.76561667]},"properties":{"id":"MX-CHP-5010","nombre":"Tec Tuxtla","portfolio":"CAPSA","estado":"CHP","municipio":"Tuxtla Gutiérrez"}},{"type":"Feature","geometry":{"type":"Point","coordinates":[-92.34858,14.809019]},"properties":{"id":"MX-CHP-5011","nombre":"Hospital Especialidades Tapachula","portfolio":"MTP","estado":"CHP","municipio":"Tapachula"}},{"type":"Feature","geometry":{"type":"Point","coordinates":[-93.13957778,16.76316389]},"properties":{"id":"MX-CHP-5012","nombre":"Plaza Del Sol","portfolio":"CAPSA","estado":"CHP","municipio":"Tuxtla Gutiérrez"}},{"type":"Feature","geometry":{"type":"Point","coordinates":[-93.13981,16.75077]},"properties":{"id":"MX-CHP-5014","nombre":"Ziscao","portfolio":"MTP","estado":"CHP","municipio":"Tuxtla Gutiérrez"}},{"type":"Feature","geometry":{"type":"Point","coordinates":[-93.084999,16.759725]},"properties":{"id":"MX-CHP-5015","nombre":"Flamboyant","portfolio":"MTP","estado":"CHP","municipio":"Tuxtla Gutiérrez"}},{"type":"Feature","geometry":{"type":"Point","coordinates":[-93.158883,16.738231]},"properties":{"id":"MX-CHP-5018","nombre":"Buena Vista","portfolio":"MTP","estado":"CHP","municipio":"Tuxtla Gutiérrez"}},{"type":"Feature","geometry":{"type":"Point","coordinates":[-93.11893,16.79669]},"properties":{"id":"MX-CHP-5019","nombre":"Yuquis","portfolio":"MTP","estado":"CHP","municipio":"Tuxtla Gutiérrez"}},{"type":"Feature","geometry":{"type":"Point","coordinates":[-93.09839,16.73182]},"properties":{"id":"MX-CHP-5020","nombre":"Sabinito","portfolio":"MTP","estado":"CHP","municipio":"Tuxtla Gutiérrez"}},{"type":"Feature","geometry":{"type":"Point","coordinates":[-93.1235,16.7645]},"properties":{"id":"MX-CHP-5021","nombre":"Vista Hermosa","portfolio":"MTP","estado":"CHP","municipio":"TBD"}},{"type":"Feature","geometry":{"type":"Point","coordinates":[-92.264907,14.911408]},"properties":{"id":"MX-CHP-5024","nombre":"Miguel Hidalgo","portfolio":"MTP","estado":"CHP","municipio":"Chiapas"}},{"type":"Feature","geometry":{"type":"Point","coordinates":[-93.165175,16.729922]},"properties":{"id":"MX-CHP-5025","nombre":"Los Mangos","portfolio":"MTP","estado":"CHP","municipio":"Tuxtla Gutiérrez"}},{"type":"Feature","geometry":{"type":"Point","coordinates":[-92.27744444,14.89408333]},"properties":{"id":"MX-CHP-5036","nombre":"Tecnologico","portfolio":"MTP","estado":"CHP","municipio":"Tapachula"}},{"type":"Feature","geometry":{"type":"Point","coordinates":[-92.2523,14.8802]},"properties":{"id":"MX-CHP-5037","nombre":"Santa Clara","portfolio":"MTP","estado":"CHP","municipio":"Tapachula"}},{"type":"Feature","geometry":{"type":"Point","coordinates":[-93.11483333,16.75333333]},"properties":{"id":"MX-CHP-5038","nombre":"Tuxtla Gutierrez","portfolio":"CAPSA","estado":"CHP","municipio":"Tuxtla Gutiérrez"}},{"type":"Feature","geometry":{"type":"Point","coordinates":[-103.427765,25.741657]},"properties":{"id":"MX-COA-0000","nombre":"Esmeralda","portfolio":"MTP","estado":"DUR","municipio":"Gómez Palacio"}},{"type":"Feature","geometry":{"type":"Point","coordinates":[-101.43522,26.9051333]},"properties":{"id":"MX-COA-0002","nombre":"Monclova I","portfolio":"MTP","estado":"COA","municipio":"Monclova"}},{"type":"Feature","geometry":{"type":"Point","coordinates":[-103.24166,25.5370861]},"properties":{"id":"MX-COA-0003","nombre":"Matamoros","portfolio":"MTP","estado":"COA","municipio":"Matamoros"}},{"type":"Feature","geometry":{"type":"Point","coordinates":[-100.968701,25.536552]},"properties":{"id":"MX-COA-0004","nombre":"Ampliacion Los Pinos","portfolio":"MTP","estado":"COA","municipio":"Ramos Arizpe"}},{"type":"Feature","geometry":{"type":"Point","coordinates":[-100.9325,25.5519444]},"properties":{"id":"MX-COA-0006","nombre":"Parque Industrial","portfolio":"MTP","estado":"COA","municipio":"Ramos Arizpe"}},{"type":"Feature","geometry":{"type":"Point","coordinates":[-100.94278,29.3198056]},"properties":{"id":"MX-COA-0007","nombre":"Acuna","portfolio":"MTP","estado":"COA","municipio":"Ciudad Acuña"}},{"type":"Feature","geometry":{"type":"Point","coordinates":[-100.9905556,25.4219444]},"properties":{"id":"MX-COA-0009","nombre":"Abasolo","portfolio":"MTP","estado":"COA","municipio":"Saltillo"}},{"type":"Feature","geometry":{"type":"Point","coordinates":[-103.42792,25.5654]},"properties":{"id":"MX-COA-0010","nombre":"Independencia","portfolio":"MTP","estado":"COA","municipio":"Torreon"}},{"type":"Feature","geometry":{"type":"Point","coordinates":[-103.42128,25.5186667]},"properties":{"id":"MX-COA-0013","nombre":"Fiesta Inn","portfolio":"MTP","estado":"COA","municipio":"Torreon"}},{"type":"Feature","geometry":{"type":"Point","coordinates":[-101.01238,25.41597]},"properties":{"id":"MX-COA-0014","nombre":"Imss","portfolio":"MTP","estado":"COA","municipio":"Saltillo"}},{"type":"Feature","geometry":{"type":"Point","coordinates":[-100.6586139,26.8396667]},"properties":{"id":"MX-COA-0016","nombre":"Candela","portfolio":"MTP","estado":"COA","municipio":"Coahuila de Zaragoza"}},{"type":"Feature","geometry":{"type":"Point","coordinates":[-101.50525,27.886361]},"properties":{"id":"MX-COA-0019","nombre":"Mártires","portfolio":"MTP","estado":"COA","municipio":"Santa Rosa Muzquiz"}},{"type":"Feature","geometry":{"type":"Point","coordinates":[-102.18332,25.43364]},"properties":{"id":"MX-COA-0020","nombre":"Centro","portfolio":"MTP","estado":"COA","municipio":"Parras de la Fuente"}},{"type":"Feature","geometry":{"type":"Point","coordinates":[-103.27553,25.7630861]},"properties":{"id":"MX-COA-0021","nombre":"Fco I Madero","portfolio":"MTP","estado":"COA","municipio":"Francisco I. Madero"}},{"type":"Feature","geometry":{"type":"Point","coordinates":[-100.57333,28.67569]},"properties":{"id":"MX-COA-0022","nombre":"Libramiento","portfolio":"MTP","estado":"COA","municipio":"Piedras Negras"}},{"type":"Feature","geometry":{"type":"Point","coordinates":[-102.98532222,25.769]},"properties":{"id":"MX-COA-0025","nombre":"De La Vega","portfolio":"CAPSA","estado":"COA","municipio":"San Pedro de las Colonias"}},{"type":"Feature","geometry":{"type":"Point","coordinates":[-101.46583,26.9244472]},"properties":{"id":"MX-COA-0026","nombre":"Occidental","portfolio":"MTP","estado":"COA","municipio":"TBD"}},{"type":"Feature","geometry":{"type":"Point","coordinates":[-101.839087,25.339181]},"properties":{"id":"MX-COA-0027","nombre":"La Presa","portfolio":"MTP","estado":"COA","municipio":"Coahuila de Zaragoza"}},{"type":"Feature","geometry":{"type":"Point","coordinates":[-100.51503,28.703222]},"properties":{"id":"MX-COA-0029","nombre":"Mercado","portfolio":"MTP","estado":"COA","municipio":"nan"}},{"type":"Feature","geometry":{"type":"Point","coordinates":[-100.80972,25.432778]},"properties":{"id":"MX-COA-0031","nombre":"Bella Union","portfolio":"MTP","estado":"COA","municipio":"Arteaga"}},{"type":"Feature","geometry":{"type":"Point","coordinates":[-100.998444,25.4606389]},"properties":{"id":"MX-COA-0032","nombre":"Cifunsa","portfolio":"MTP","estado":"COA","municipio":"Coahuila de Zaragoza"}},{"type":"Feature","geometry":{"type":"Point","coordinates":[-103.45414,25.5437194]},"properties":{"id":"MX-COA-0033","nombre":"La Moya","portfolio":"MTP","estado":"COA","municipio":"Torreón"}},{"type":"Feature","geometry":{"type":"Point","coordinates":[-103.35811,25.5352472]},"properties":{"id":"MX-COA-0034","nombre":"America","portfolio":"MTP","estado":"COA","municipio":"Torreón"}},{"type":"Feature","geometry":{"type":"Point","coordinates":[-102.97889,25.7758333]},"properties":{"id":"MX-COA-0035","nombre":"San Pedro","portfolio":"MTP","estado":"COA","municipio":"Carr. Torreón - San Pedro"}},{"type":"Feature","geometry":{"type":"Point","coordinates":[-101.476361,25.386806]},"properties":{"id":"MX-COA-0036","nombre":"General Cepeda","portfolio":"MTP","estado":"COA","municipio":"Coahuila de Zaragoza"}},{"type":"Feature","geometry":{"type":"Point","coordinates":[-100.94365,25.4489917]},"properties":{"id":"MX-COA-0037","nombre":"La Libertad Saltillo","portfolio":"MTP","estado":"COA","municipio":"Coahuila de Zaragoza"}},{"type":"Feature","geometry":{"type":"Point","coordinates":[-101.734166,27.0025556]},"properties":{"id":"MX-COA-0038","nombre":"Sacramento","portfolio":"MTP","estado":"COA","municipio":"Coahuila de Zaragoza"}},{"type":"Feature","geometry":{"type":"Point","coordinates":[-100.5453639,28.71512778]},"properties":{"id":"MX-COA-5001","nombre":"El Eden","portfolio":"MTP","estado":"COA","municipio":"Piedras Negras"}},{"type":"Feature","geometry":{"type":"Point","coordinates":[-100.57852778,25.26880556]},"properties":{"id":"MX-COA-5002","nombre":"Las Alazanas","portfolio":"MTP","estado":"COA","municipio":"Villa De Arteaga"}},{"type":"Feature","geometry":{"type":"Point","coordinates":[-100.77988889,25.34141667]},"properties":{"id":"MX-COA-5003","nombre":"Los Pinos","portfolio":"MTP","estado":"COA","municipio":"Villa De Arteaga"}},{"type":"Feature","geometry":{"type":"Point","coordinates":[-103.31502778,25.52861111]},"properties":{"id":"MX-COA-5004","nombre":"San Miguel","portfolio":"MTP","estado":"COA","municipio":"Torreón"}},{"type":"Feature","geometry":{"type":"Point","coordinates":[-103.39058333,25.61419444]},"properties":{"id":"MX-COA-5005","nombre":"Senderos De Torreon","portfolio":"MTP","estado":"COA","municipio":"Torreón"}},{"type":"Feature","geometry":{"type":"Point","coordinates":[-103.37815,25.56953889]},"properties":{"id":"MX-COA-5006","nombre":"Viñedos","portfolio":"MTP","estado":"COA","municipio":"Torreón"}},{"type":"Feature","geometry":{"type":"Point","coordinates":[-103.50361111,25.51288889]},"properties":{"id":"MX-COA-5007","nombre":"Huaraches","portfolio":"MTP","estado":"DUR","municipio":"Ciudad Lerdo"}},{"type":"Feature","geometry":{"type":"Point","coordinates":[-103.305285,25.588327]},"properties":{"id":"MX-COA-5008","nombre":"Ejido La Partida","portfolio":"MTP","estado":"COA","municipio":"Torreón"}},{"type":"Feature","geometry":{"type":"Point","coordinates":[-103.502862,25.537585]},"properties":{"id":"MX-COA-5009","nombre":"Montes De Armenia","portfolio":"MTP","estado":"DUR","municipio":"Ciudad Lerdo"}},{"type":"Feature","geometry":{"type":"Point","coordinates":[-101.41888611,26.88602778]},"properties":{"id":"MX-COA-5010","nombre":"Polvorin II","portfolio":"MTP","estado":"COA","municipio":"Monclova"}},{"type":"Feature","geometry":{"type":"Point","coordinates":[-101.00654167,25.35685]},"properties":{"id":"MX-COA-5012","nombre":"Pitalla","portfolio":"MTP","estado":"COA","municipio":"Saltillo"}},{"type":"Feature","geometry":{"type":"Point","coordinates":[-100.51519,28.70632]},"properties":{"id":"MX-COA-5013","nombre":"Piedras Negras","portfolio":"MTP","estado":"COA","municipio":"Piedras Negras"}},{"type":"Feature","geometry":{"type":"Point","coordinates":[-103.38888056,25.50151]},"properties":{"id":"MX-COA-5014","nombre":"De La Merced","portfolio":"MTP","estado":"COA","municipio":"Torreón"}},{"type":"Feature","geometry":{"type":"Point","coordinates":[-103.33222222,25.56266667]},"properties":{"id":"MX-COA-5015","nombre":"San Armando","portfolio":"MTP","estado":"COA","municipio":"Torreón"}},{"type":"Feature","geometry":{"type":"Point","coordinates":[-100.9893861,29.31341111]},"properties":{"id":"MX-COA-5016","nombre":"El Cedro","portfolio":"MTP","estado":"COA","municipio":"Acuña"}},{"type":"Feature","geometry":{"type":"Point","coordinates":[-101.00343333,29.337725]},"properties":{"id":"MX-COA-5017","nombre":"Hiedra","portfolio":"MTP","estado":"COA","municipio":"Acuña"}},{"type":"Feature","geometry":{"type":"Point","coordinates":[-100.967775,25.40961944]},"properties":{"id":"MX-COA-5018","nombre":"ISSSTE Saltillo","portfolio":"MTP","estado":"COA","municipio":"Saltillo"}},{"type":"Feature","geometry":{"type":"Point","coordinates":[-100.98436944,25.37142222]},"properties":{"id":"MX-COA-5019","nombre":"Niños Heroes","portfolio":"MTP","estado":"COA","municipio":"Saltillo"}},{"type":"Feature","geometry":{"type":"Point","coordinates":[-101.0218333,25.47451389]},"properties":{"id":"MX-COA-5021","nombre":"Valle Azteca","portfolio":"MTP","estado":"COA","municipio":"Saltillo"}},{"type":"Feature","geometry":{"type":"Point","coordinates":[-103.37416667,25.55138889]},"properties":{"id":"MX-COA-5022","nombre":"Fidel","portfolio":"MTP","estado":"COA","municipio":"Torreón"}},{"type":"Feature","geometry":{"type":"Point","coordinates":[-103.37322222,25.58093333]},"properties":{"id":"MX-COA-5023","nombre":"Palma Real","portfolio":"MTP","estado":"COA","municipio":"Torreón"}},{"type":"Feature","geometry":{"type":"Point","coordinates":[-98.270244,25.967959]},"properties":{"id":"MX-COA-5025","nombre":"Valle Soleado","portfolio":"MTP","estado":"TAM","municipio":"Reynosa"}},{"type":"Feature","geometry":{"type":"Point","coordinates":[-103.36375,25.58775]},"properties":{"id":"MX-COA-5028","nombre":"San Agustin","portfolio":"MTP","estado":"COA","municipio":"Torreón"}},{"type":"Feature","geometry":{"type":"Point","coordinates":[-103.3730806,25.59943056]},"properties":{"id":"MX-COA-5029","nombre":"Anna","portfolio":"MTP","estado":"COA","municipio":"Torreón"}},{"type":"Feature","geometry":{"type":"Point","coordinates":[-103.4440556,25.54197222]},"properties":{"id":"MX-COA-5035","nombre":"Abasolo","portfolio":"MTP","estado":"COA","municipio":"Torreón"}},{"type":"Feature","geometry":{"type":"Point","coordinates":[-103.3956444,25.59389722]},"properties":{"id":"MX-COA-5037","nombre":"Huizaches","portfolio":"MTP","estado":"COA","municipio":"Torreón"}},{"type":"Feature","geometry":{"type":"Point","coordinates":[-103.424889,25.535389]},"properties":{"id":"MX-COA-5039","nombre":"Heliotropos","portfolio":"MTP","estado":"COA","municipio":"Torreón"}},{"type":"Feature","geometry":{"type":"Point","coordinates":[-101.00058333,25.69841667]},"properties":{"id":"MX-COA-5040","nombre":"La Mesilla Casa Hogar","portfolio":"MTP","estado":"COA","municipio":"Ramos Arizpe"}},{"type":"Feature","geometry":{"type":"Point","coordinates":[-101.02271667,25.54293333]},"properties":{"id":"MX-COA-5042","nombre":"La Merced","portfolio":"MTP","estado":"COA","municipio":"Ramos Arizpe"}},{"type":"Feature","geometry":{"type":"Point","coordinates":[-100.90355556,29.30153333]},"properties":{"id":"MX-COA-5043","nombre":"La Mision Acuña","portfolio":"MTP","estado":"COA","municipio":"Acuña"}},{"type":"Feature","geometry":{"type":"Point","coordinates":[-100.14394444,25.39188889]},"properties":{"id":"MX-COA-5044","nombre":"Sierra Linda","portfolio":"MTP","estado":"NLE","municipio":"Santiago"}},{"type":"Feature","geometry":{"type":"Point","coordinates":[-101.3598111,26.05998611]},"properties":{"id":"MX-COA-5045","nombre":"Anacapa","portfolio":"MTP","estado":"COA","municipio":"Ramos arizpe"}},{"type":"Feature","geometry":{"type":"Point","coordinates":[-101.40830556,27.85791667]},"properties":{"id":"MX-COA-5046","nombre":"Charco Azul","portfolio":"MTP","estado":"COA","municipio":"Santa Rosa de Múzquiz"}},{"type":"Feature","geometry":{"type":"Point","coordinates":[-101.35436111,27.74002778]},"properties":{"id":"MX-COA-5047","nombre":"Fito Paez","portfolio":"MTP","estado":"COA","municipio":"Santa Rosa de Múzquiz"}},{"type":"Feature","geometry":{"type":"Point","coordinates":[-99.879,27.79286111]},"properties":{"id":"MX-COA-5051","nombre":"Coralillo","portfolio":"MTP","estado":"COA","municipio":"Villa Hidalgo"}},{"type":"Feature","geometry":{"type":"Point","coordinates":[-100.77883333,28.41197222]},"properties":{"id":"MX-COA-5052","nombre":"Mango","portfolio":"MTP","estado":"COA","municipio":"Nava"}},{"type":"Feature","geometry":{"type":"Point","coordinates":[-101.3765,26.886]},"properties":{"id":"MX-COA-5053","nombre":"Almendro","portfolio":"MTP","estado":"COA","municipio":"Monclova"}},{"type":"Feature","geometry":{"type":"Point","coordinates":[-100.96655556,25.44922222]},"properties":{"id":"MX-COA-5054","nombre":"Los Reales","portfolio":"MTP","estado":"COA","municipio":"Saltillo"}},{"type":"Feature","geometry":{"type":"Point","coordinates":[-100.38125,28.31211111]},"properties":{"id":"MX-COA-5056","nombre":"Ciruelo","portfolio":"MTP","estado":"COA","municipio":"Guerrero"}},{"type":"Feature","geometry":{"type":"Point","coordinates":[-101.364,26.99458333]},"properties":{"id":"MX-COA-5057","nombre":"Club Del Lago Monclova","portfolio":"MTP","estado":"COA","municipio":"Monclova"}},{"type":"Feature","geometry":{"type":"Point","coordinates":[-101.15630556,25.91975]},"properties":{"id":"MX-COA-5058","nombre":"Puentes Cuates","portfolio":"MTP","estado":"COA","municipio":"Ramos Arizpe"}},{"type":"Feature","geometry":{"type":"Point","coordinates":[-103.53054,25.52303]},"properties":{"id":"MX-COA-5059","nombre":"Sacramento","portfolio":"MTP","estado":"DUR","municipio":"Ciudad Lerdo"}},{"type":"Feature","geometry":{"type":"Point","coordinates":[-101.01558,25.34702]},"properties":{"id":"MX-COA-5061","nombre":"Lomas Del Refugio","portfolio":"MTP","estado":"COA","municipio":"Saltillo"}},{"type":"Feature","geometry":{"type":"Point","coordinates":[-100.97255556,25.55727778]},"properties":{"id":"MX-COA-5062","nombre":"Analco","portfolio":"MTP","estado":"COA","municipio":"Ramos Arizpe"}},{"type":"Feature","geometry":{"type":"Point","coordinates":[-101.44082778,26.91746389]},"properties":{"id":"MX-COA-5063","nombre":"Panteon Monclova","portfolio":"MTP","estado":"COA","municipio":"Monclova"}},{"type":"Feature","geometry":{"type":"Point","coordinates":[-101.43875,26.97272222]},"properties":{"id":"MX-COA-5064","nombre":"Canelo","portfolio":"MTP","estado":"COA","municipio":"Villa Frontera"}},{"type":"Feature","geometry":{"type":"Point","coordinates":[-103.38413889,25.56777778]},"properties":{"id":"MX-COA-5065","nombre":"Viñedos","portfolio":"CAPSA","estado":"COA","municipio":"Torreón"}},{"type":"Feature","geometry":{"type":"Point","coordinates":[-103.356479,25.512945]},"properties":{"id":"MX-COA-5068","nombre":"Montebello","portfolio":"CAPSA","estado":"COA","municipio":"Torreón"}},{"type":"Feature","geometry":{"type":"Point","coordinates":[-103.39083333,25.61525]},"properties":{"id":"MX-COA-5069","nombre":"Senderos","portfolio":"CAPSA","estado":"COA","municipio":"Torreón"}},{"type":"Feature","geometry":{"type":"Point","coordinates":[-103.38191944,25.52222778]},"properties":{"id":"MX-COA-5070","nombre":"Centro Saulo","portfolio":"CAPSA","estado":"COA","municipio":"Torreón"}},{"type":"Feature","geometry":{"type":"Point","coordinates":[-100.95833333,25.44111111]},"properties":{"id":"MX-COA-5071","nombre":"Europa","portfolio":"CAPSA","estado":"COA","municipio":"Saltillo"}},{"type":"Feature","geometry":{"type":"Point","coordinates":[-100.996,25.39835]},"properties":{"id":"MX-COA-5072","nombre":"Amatista","portfolio":"CAPSA","estado":"COA","municipio":"Saltillo"}},{"type":"Feature","geometry":{"type":"Point","coordinates":[-100.92273333,25.41664444]},"properties":{"id":"MX-COA-5073","nombre":"Volcanes","portfolio":"CAPSA","estado":"COA","municipio":"Saltillo"}},{"type":"Feature","geometry":{"type":"Point","coordinates":[-103.42695,25.525]},"properties":{"id":"MX-COA-5074","nombre":"Las Ranas","portfolio":"CAPSA","estado":"COA","municipio":"Torreón"}},{"type":"Feature","geometry":{"type":"Point","coordinates":[-100.981175,25.442128]},"properties":{"id":"MX-COA-5075","nombre":"Cartagena","portfolio":"CAPSA","estado":"COA","municipio":"Saltillo"}},{"type":"Feature","geometry":{"type":"Point","coordinates":[-100.95580556,25.45148611]},"properties":{"id":"MX-COA-5076","nombre":"Minero","portfolio":"CAPSA","estado":"COA","municipio":"Saltillo"}},{"type":"Feature","geometry":{"type":"Point","coordinates":[-103.409125,25.58870833]},"properties":{"id":"MX-COA-5077","nombre":"Coliseo","portfolio":"CAPSA","estado":"COA","municipio":"Torreón"}},{"type":"Feature","geometry":{"type":"Point","coordinates":[-103.38447222,25.54463889]},"properties":{"id":"MX-COA-5079","nombre":"Villa California","portfolio":"CAPSA","estado":"COA","municipio":"Torreón"}},{"type":"Feature","geometry":{"type":"Point","coordinates":[-103.43724167,25.55773056]},"properties":{"id":"MX-COA-5080","nombre":"Zarzoza","portfolio":"CAPSA","estado":"COA","municipio":"Torreón"}},{"type":"Feature","geometry":{"type":"Point","coordinates":[-101.60097222,27.0275]},"properties":{"id":"MX-COA-5081","nombre":"Nadadores","portfolio":"MTP","estado":"COA","municipio":"Nadadores"}},{"type":"Feature","geometry":{"type":"Point","coordinates":[-101.11552778,25.79411111]},"properties":{"id":"MX-COA-5082","nombre":"La Gamuza","portfolio":"MTP","estado":"COA","municipio":"Ramos Arizpe"}},{"type":"Feature","geometry":{"type":"Point","coordinates":[-101.00225833,25.37393889]},"properties":{"id":"MX-COA-5083","nombre":"La Estrella","portfolio":"MTP","estado":"COA","municipio":"Saltillo"}},{"type":"Feature","geometry":{"type":"Point","coordinates":[-100.988924,25.388175]},"properties":{"id":"MX-COA-5084","nombre":"Pitagoras","portfolio":"MTP","estado":"COA","municipio":"Saltillo"}},{"type":"Feature","geometry":{"type":"Point","coordinates":[-103.441994,25.572805]},"properties":{"id":"MX-COA-5085","nombre":"Salvador Creel","portfolio":"CAPSA","estado":"COA","municipio":"Torreón"}},{"type":"Feature","geometry":{"type":"Point","coordinates":[-103.3925,25.52583333]},"properties":{"id":"MX-COA-5086","nombre":"Laguna","portfolio":"CAPSA","estado":"COA","municipio":"Torreón"}},{"type":"Feature","geometry":{"type":"Point","coordinates":[-99.9915,27.95669444]},"properties":{"id":"MX-COA-5090","nombre":"Corozo","portfolio":"MTP","estado":"COA","municipio":"Villa Hidalgo"}},{"type":"Feature","geometry":{"type":"Point","coordinates":[-101.00557,25.40604]},"properties":{"id":"MX-COA-5091","nombre":"Mesita De Arizpe","portfolio":"MTP","estado":"COA","municipio":"Saltillo"}},{"type":"Feature","geometry":{"type":"Point","coordinates":[-101.006112,25.423881]},"properties":{"id":"MX-COA-5092","nombre":"Alameda Central","portfolio":"MTP","estado":"COA","municipio":"Saltillo"}},{"type":"Feature","geometry":{"type":"Point","coordinates":[-101.000864,25.417336]},"properties":{"id":"MX-COA-5093","nombre":"Miguel Hidalgo","portfolio":"MTP","estado":"COA","municipio":"Saltillo"}},{"type":"Feature","geometry":{"type":"Point","coordinates":[-100.923378,25.416878]},"properties":{"id":"MX-COA-5094","nombre":"Mirasierra","portfolio":"MTP","estado":"COA","municipio":"Saltillo"}},{"type":"Feature","geometry":{"type":"Point","coordinates":[-100.221,28.15741667]},"properties":{"id":"MX-COA-5095","nombre":"Eucalipto","portfolio":"MTP","estado":"TAM","municipio":"Guerrero"}},{"type":"Feature","geometry":{"type":"Point","coordinates":[-103.4574222,25.55342778]},"properties":{"id":"MX-COA-5097","nombre":"Spindola","portfolio":"CAPSA","estado":"COA","municipio":"Torreón"}},{"type":"Feature","geometry":{"type":"Point","coordinates":[-100.9947333,25.403512]},"properties":{"id":"MX-COA-5200","nombre":"La Madrid","portfolio":"MTP","estado":"COA","municipio":"Saltillo"}},{"type":"Feature","geometry":{"type":"Point","coordinates":[-100.979669,25.446853]},"properties":{"id":"MX-COA-5201","nombre":"Latinoamerica","portfolio":"MTP","estado":"COA","municipio":"Saltillo"}},{"type":"Feature","geometry":{"type":"Point","coordinates":[-103.405791,25.515923]},"properties":{"id":"MX-COA-5202","nombre":"Merino","portfolio":"MTP","estado":"COA","municipio":"Torreón"}},{"type":"Feature","geometry":{"type":"Point","coordinates":[-103.452725,25.545556]},"properties":{"id":"MX-COA-5203","nombre":"Pablo Moya","portfolio":"MTP","estado":"COA","municipio":"Torreón"}},{"type":"Feature","geometry":{"type":"Point","coordinates":[-100.46675,28.50372222]},"properties":{"id":"MX-COA-5206","nombre":"Cipres","portfolio":"MTP","estado":"COA","municipio":"Guerrero"}},{"type":"Feature","geometry":{"type":"Point","coordinates":[-101.01413889,25.43386111]},"properties":{"id":"MX-COA-5207","nombre":"Flores Popular","portfolio":"MTP","estado":"COA","municipio":"Saltillo"}},{"type":"Feature","geometry":{"type":"Point","coordinates":[-101.012361,25.360161]},"properties":{"id":"MX-COA-5221","nombre":"Langosta","portfolio":"MTP","estado":"COA","municipio":"Saltillo"}},{"type":"Feature","geometry":{"type":"Point","coordinates":[-100.930637,25.414553]},"properties":{"id":"MX-COA-5222","nombre":"Laureles","portfolio":"MTP","estado":"COA","municipio":"Saltillo"}},{"type":"Feature","geometry":{"type":"Point","coordinates":[-103.26396,25.775326]},"properties":{"id":"MX-COA-5223","nombre":"Mujeres Laguneras","portfolio":"CAPSA","estado":"COA","municipio":"Francisco I. Madero"}},{"type":"Feature","geometry":{"type":"Point","coordinates":[-103.421812,25.595692]},"properties":{"id":"MX-COA-5231","nombre":"El Tajito","portfolio":"MTP","estado":"COA","municipio":"Torreón"}},{"type":"Feature","geometry":{"type":"Point","coordinates":[-103.37453,25.509334]},"properties":{"id":"MX-COA-5232","nombre":"Paseo Del Tecnológico","portfolio":"MTP","estado":"COA","municipio":"Torreón"}},{"type":"Feature","geometry":{"type":"Point","coordinates":[-103.471176,25.521573]},"properties":{"id":"MX-COA-5233","nombre":"Elvira Vargas","portfolio":"MTP","estado":"COA","municipio":"Torreón"}},{"type":"Feature","geometry":{"type":"Point","coordinates":[-101.038813,25.434475]},"properties":{"id":"MX-COA-5235","nombre":"Mazapil","portfolio":"MTP","estado":"COA","municipio":"Saltillo"}},{"type":"Feature","geometry":{"type":"Point","coordinates":[-100.91858,25.45486]},"properties":{"id":"MX-COA-5236","nombre":"Fermin","portfolio":"MTP","estado":"COA","municipio":"Saltillo"}},{"type":"Feature","geometry":{"type":"Point","coordinates":[-100.978087,25.49022]},"properties":{"id":"MX-COA-5237","nombre":"Allessio Robles","portfolio":"MTP","estado":"COA","municipio":"Saltillo"}},{"type":"Feature","geometry":{"type":"Point","coordinates":[-101.028481,25.356075]},"properties":{"id":"MX-COA-5238","nombre":"Antonio Narro","portfolio":"MTP","estado":"COA","municipio":"Saltillo"}},{"type":"Feature","geometry":{"type":"Point","coordinates":[-101.0293,25.38636]},"properties":{"id":"MX-COA-5240","nombre":"General Cepeda","portfolio":"MTP","estado":"COA","municipio":"Saltillo"}},{"type":"Feature","geometry":{"type":"Point","coordinates":[-100.90395,25.42187]},"properties":{"id":"MX-COA-5241","nombre":"Gaspar Valdez","portfolio":"MTP","estado":"COA","municipio":"Saltillo"}},{"type":"Feature","geometry":{"type":"Point","coordinates":[-101.018746,25.393718]},"properties":{"id":"MX-COA-5242","nombre":"Hibernia","portfolio":"MTP","estado":"COA","municipio":"Saltillo"}},{"type":"Feature","geometry":{"type":"Point","coordinates":[-100.944623,25.448605]},"properties":{"id":"MX-COA-5243","nombre":"Real De Peña","portfolio":"MTP","estado":"COA","municipio":"Saltillo"}},{"type":"Feature","geometry":{"type":"Point","coordinates":[-100.971562,25.487933]},"properties":{"id":"MX-COA-5244","nombre":"Sayavedra","portfolio":"MTP","estado":"COA","municipio":"Saltillo"}},{"type":"Feature","geometry":{"type":"Point","coordinates":[-103.370643,25.534738]},"properties":{"id":"MX-COA-5245","nombre":"Compresora","portfolio":"MTP","estado":"COA","municipio":"Torreón"}},{"type":"Feature","geometry":{"type":"Point","coordinates":[-103.429992,25.553658]},"properties":{"id":"MX-COA-5246","nombre":"Los Periodistas","portfolio":"MTP","estado":"COA","municipio":"Torreón"}},{"type":"Feature","geometry":{"type":"Point","coordinates":[-103.110833,25.500889]},"properties":{"id":"MX-COA-5247","nombre":"Carretera Saltillo Matamoros","portfolio":"MTP","estado":"COA","municipio":"Matamoros"}},{"type":"Feature","geometry":{"type":"Point","coordinates":[-103.473869,25.534344]},"properties":{"id":"MX-COA-5248","nombre":"Redencion Nacional","portfolio":"MTP","estado":"COA","municipio":"Torreón"}},{"type":"Feature","geometry":{"type":"Point","coordinates":[-100.9045,25.472722]},"properties":{"id":"MX-COA-5249","nombre":"Flores Tapia","portfolio":"MTP","estado":"COA","municipio":"Villa De Arteaga"}},{"type":"Feature","geometry":{"type":"Point","coordinates":[-101.031972,25.403556]},"properties":{"id":"MX-COA-5250","nombre":"Palma Gorda","portfolio":"MTP","estado":"COA","municipio":"Saltillo"}},{"type":"Feature","geometry":{"type":"Point","coordinates":[-101.018914,25.418101]},"properties":{"id":"MX-COA-5251","nombre":"Miguel Negrete","portfolio":"MTP","estado":"COA","municipio":"Saltillo"}},{"type":"Feature","geometry":{"type":"Point","coordinates":[-101.018833,25.429722]},"properties":{"id":"MX-COA-5252","nombre":"Ateneo","portfolio":"MTP","estado":"COA","municipio":"Saltillo"}},{"type":"Feature","geometry":{"type":"Point","coordinates":[-100.949313,25.526342]},"properties":{"id":"MX-COA-5253","nombre":"Nogalera","portfolio":"MTP","estado":"COA","municipio":"Ramos Arizpe"}},{"type":"Feature","geometry":{"type":"Point","coordinates":[-100.908719,25.571143]},"properties":{"id":"MX-COA-5254","nombre":"Omega","portfolio":"MTP","estado":"COA","municipio":"Ramos Arizpe"}},{"type":"Feature","geometry":{"type":"Point","coordinates":[-103.329415,25.505731]},"properties":{"id":"MX-COA-5256","nombre":"Tiburon","portfolio":"MTP","estado":"COA","municipio":"Torreón"}},{"type":"Feature","geometry":{"type":"Point","coordinates":[-103.39955,25.49638333]},"properties":{"id":"MX-COA-5257","nombre":"Guamuchil","portfolio":"MTP","estado":"COA","municipio":"Torreón"}},{"type":"Feature","geometry":{"type":"Point","coordinates":[-100.957825,25.394512]},"properties":{"id":"MX-COA-5258","nombre":"Otilio Gonzalez","portfolio":"MTP","estado":"COA","municipio":"SALTILLO"}},{"type":"Feature","geometry":{"type":"Point","coordinates":[-100.9661111,25.4658333]},"properties":{"id":"MX-COA-5259","nombre":"San Patricio","portfolio":"MTP","estado":"COA","municipio":"Coahuila"}},{"type":"Feature","geometry":{"type":"Point","coordinates":[-100.98175,25.472272]},"properties":{"id":"MX-COA-5260","nombre":"Lienzo Charro","portfolio":"MTP","estado":"COA","municipio":"TBD"}},{"type":"Feature","geometry":{"type":"Point","coordinates":[-100.963801,25.3980514]},"properties":{"id":"MX-COA-5261","nombre":"Ruben Jaramillo","portfolio":"MTP","estado":"COA","municipio":"TBD"}},{"type":"Feature","geometry":{"type":"Point","coordinates":[-103.40078,25.5479139]},"properties":{"id":"MX-COA-5263","nombre":"Mexico","portfolio":"MTP","estado":"COA","municipio":"Torreón"}},{"type":"Feature","geometry":{"type":"Point","coordinates":[-101.000917,25.423194]},"properties":{"id":"MX-COA-5264","nombre":"Centro Saltillo","portfolio":"MTP","estado":"COA","municipio":"Coahuila de Zaragoza"}},{"type":"Feature","geometry":{"type":"Point","coordinates":[-101.462009,26.959405]},"properties":{"id":"MX-COA-9000","nombre":"Venustiano Carranza","portfolio":"CAPSA","estado":"COA","municipio":"Coahuila"}},{"type":"Feature","geometry":{"type":"Point","coordinates":[-103.88381,18.932089]},"properties":{"id":"MX-COL-0002","nombre":"Juan Rulfo","portfolio":"MTP","estado":"COL","municipio":"Tecomán"}},{"type":"Feature","geometry":{"type":"Point","coordinates":[-104.283808,19.061269]},"properties":{"id":"MX-COL-0003","nombre":"Benito Juarez","portfolio":"MTP","estado":"COL","municipio":"Manzanillo"}},{"type":"Feature","geometry":{"type":"Point","coordinates":[-103.73921,19.2294305]},"properties":{"id":"MX-COL-0004","nombre":"Valle Paraiso","portfolio":"MTP","estado":"COL","municipio":"Colima"}},{"type":"Feature","geometry":{"type":"Point","coordinates":[-103.732736,19.296017]},"properties":{"id":"MX-COL-0005","nombre":"Lagunas","portfolio":"MTP","estado":"COL","municipio":"Villa de Álvarez"}},{"type":"Feature","geometry":{"type":"Point","coordinates":[-103.71323,19.2789611]},"properties":{"id":"MX-COL-0006","nombre":"Esmeralda Norte","portfolio":"MTP","estado":"COL","municipio":"Colima"}},{"type":"Feature","geometry":{"type":"Point","coordinates":[-104.31482,19.1091916]},"properties":{"id":"MX-COL-0008","nombre":"Tucanes","portfolio":"MTP","estado":"COL","municipio":"Manzanillo"}},{"type":"Feature","geometry":{"type":"Point","coordinates":[-103.72632,19.242197]},"properties":{"id":"MX-COL-0011","nombre":"Quintero","portfolio":"MTP","estado":"COL","municipio":"TBD"}},{"type":"Feature","geometry":{"type":"Point","coordinates":[-104.35322,19.0949]},"properties":{"id":"MX-COL-5003","nombre":"Punta Santiago","portfolio":"CAPSA","estado":"COL","municipio":"Manzanillo"}},{"type":"Feature","geometry":{"type":"Point","coordinates":[-103.73911944,19.27364722]},"properties":{"id":"MX-COL-5004","nombre":"Colonia Nueva","portfolio":"CAPSA","estado":"COL","municipio":"Villa de Alvarez"}},{"type":"Feature","geometry":{"type":"Point","coordinates":[-103.73933333,19.23780556]},"properties":{"id":"MX-COL-5005","nombre":"Albarrada","portfolio":"CAPSA","estado":"COL","municipio":"Colima"}},{"type":"Feature","geometry":{"type":"Point","coordinates":[-103.73731944,19.25979444]},"properties":{"id":"MX-COL-5006","nombre":"Villas Del Sol","portfolio":"CAPSA","estado":"COL","municipio":"Villa de Alvarez"}},{"type":"Feature","geometry":{"type":"Point","coordinates":[-103.76546,19.2456138]},"properties":{"id":"MX-COL-5014","nombre":"El Yaqui","portfolio":"MTP","estado":"COL","municipio":"Colima"}},{"type":"Feature","geometry":{"type":"Point","coordinates":[-103.573869,19.385742]},"properties":{"id":"MX-COL-5033","nombre":"Queseria Centro","portfolio":"MTP","estado":"COL","municipio":"Cuauhtémoc"}},{"type":"Feature","geometry":{"type":"Point","coordinates":[-103.7136359,19.2550028]},"properties":{"id":"MX-COL-5037","nombre":"Plaza Country","portfolio":"MTP","estado":"COL","municipio":"Colima"}},{"type":"Feature","geometry":{"type":"Point","coordinates":[-103.74192,19.25359]},"properties":{"id":"MX-COL-5038","nombre":"Buenaventura","portfolio":"MTP","estado":"COL","municipio":"Villa de Alvarez"}},{"type":"Feature","geometry":{"type":"Point","coordinates":[-104.324865,19.102257]},"properties":{"id":"MX-COL-5039","nombre":"Las Gaviotas","portfolio":"MTP","estado":"COL","municipio":"Manzanillo"}},{"type":"Feature","geometry":{"type":"Point","coordinates":[-99.12110404,19.46975861]},"properties":{"id":"MX-DIF-0001","nombre":"Guadalupe Tepeyac","portfolio":"MTP","estado":"DIF","municipio":"Gustavo A. Madero"}},{"type":"Feature","geometry":{"type":"Point","coordinates":[-99.09611165,19.43772766]},"properties":{"id":"MX-DIF-0004","nombre":"Norte 37","portfolio":"MTP","estado":"DIF","municipio":"Venustiano Carranza"}},{"type":"Feature","geometry":{"type":"Point","coordinates":[-99.218391,19.329084]},"properties":{"id":"MX-DIF-0006","nombre":"La Presa","portfolio":"MTP","estado":"DIF","municipio":"La Magdalena Contreras"}},{"type":"Feature","geometry":{"type":"Point","coordinates":[-99.0497583,19.35575]},"properties":{"id":"MX-DIF-0009","nombre":"Carlos M. Rincon","portfolio":"MTP","estado":"DIF","municipio":"Iztapalapa"}},{"type":"Feature","geometry":{"type":"Point","coordinates":[-99.1292694,19.5594194]},"properties":{"id":"MX-DIF-0010","nombre":"Tejada","portfolio":"MTP","estado":"DIF","municipio":"Gustavo A. Madero"}},{"type":"Feature","geometry":{"type":"Point","coordinates":[-99.061061,19.3325722]},"properties":{"id":"MX-DIF-0011","nombre":"Presidentes De Mexico","portfolio":"MTP","estado":"DIF","municipio":"Iztapalapa"}},{"type":"Feature","geometry":{"type":"Point","coordinates":[-99.12409544,19.31835501]},"properties":{"id":"MX-DIF-0012","nombre":"Tepetlapa II","portfolio":"MTP","estado":"DIF","municipio":"Coyoacán"}},{"type":"Feature","geometry":{"type":"Point","coordinates":[-99.0491027,19.3848972]},"properties":{"id":"MX-DIF-0014","nombre":"Telecomunicaciones","portfolio":"MTP","estado":"DIF","municipio":"Iztapalapa"}},{"type":"Feature","geometry":{"type":"Point","coordinates":[-99.16581,19.33086]},"properties":{"id":"MX-DIF-0016","nombre":"Ahuejote","portfolio":"MTP","estado":"DIF","municipio":"CDMX"}},{"type":"Feature","geometry":{"type":"Point","coordinates":[-99.210205,19.432628]},"properties":{"id":"MX-DIF-0018","nombre":"Hipodromo","portfolio":"MTP","estado":"DIF","municipio":"CDMX"}},{"type":"Feature","geometry":{"type":"Point","coordinates":[-99.280133,19.362891]},"properties":{"id":"MX-DIF-0019","nombre":"MTP Santa Fe","portfolio":"MTP","estado":"DIF","municipio":"Cuajimalpa de Morelos"}},{"type":"Feature","geometry":{"type":"Point","coordinates":[-99.14958333,19.53655556]},"properties":{"id":"MX-DIF-0020","nombre":"Antonio Sanchez","portfolio":"MTP","estado":"DIF","municipio":"Gustavo A. Madero"}},{"type":"Feature","geometry":{"type":"Point","coordinates":[-99.0264111,19.25185]},"properties":{"id":"MX-DIF-0021","nombre":"San Juan","portfolio":"MTP","estado":"DIF","municipio":"Xochimilco"}},{"type":"Feature","geometry":{"type":"Point","coordinates":[-99.113583,19.3261111]},"properties":{"id":"MX-DIF-0022","nombre":"Mariquita Sanchez","portfolio":"MTP","estado":"DIF","municipio":"Coyoacan"}},{"type":"Feature","geometry":{"type":"Point","coordinates":[-99.125,19.549168]},"properties":{"id":"MX-DIF-0023","nombre":"Benito Quezada","portfolio":"MTP","estado":"DIF","municipio":"Gustavo A. Madero"}},{"type":"Feature","geometry":{"type":"Point","coordinates":[-99.12869722,19.43815833]},"properties":{"id":"MX-DIF-0024","nombre":"Republica De Colombia","portfolio":"MTP","estado":"DIF","municipio":"Ciudad de México"}},{"type":"Feature","geometry":{"type":"Point","coordinates":[-99.1302891,19.4493674]},"properties":{"id":"MX-DIF-0026","nombre":"Tenoch","portfolio":"MTP","estado":"DIF","municipio":"Cuauhtemoc, CDMX"}},{"type":"Feature","geometry":{"type":"Point","coordinates":[-99.135139,19.513528]},"properties":{"id":"MX-DIF-0027","nombre":"Plan de guadalupe","portfolio":"MTP","estado":"DIF","municipio":"Ciudad de México"}},{"type":"Feature","geometry":{"type":"Point","coordinates":[-99.202528,19.503389]},"properties":{"id":"MX-DIF-0029","nombre":"Metro Rosario","portfolio":"MTP","estado":"DIF","municipio":"Azcapotzalco"}},{"type":"Feature","geometry":{"type":"Point","coordinates":[-99.24123,19.381599]},"properties":{"id":"MX-DIF-0030","nombre":"El Vasco","portfolio":"MTP","estado":"DIF","municipio":"Ciudad de México"}},{"type":"Feature","geometry":{"type":"Point","coordinates":[-99.09919444,19.36086111]},"properties":{"id":"MX-DIF-0031","nombre":"San Lucas","portfolio":"MTP","estado":"DIF","municipio":"TBD"}},{"type":"Feature","geometry":{"type":"Point","coordinates":[-99.0181722,19.334825]},"properties":{"id":"MX-DIF-0032","nombre":"Flor De Canela","portfolio":"MTP","estado":"DIF","municipio":"CDMX"}},{"type":"Feature","geometry":{"type":"Point","coordinates":[-99.1829878,19.2553747]},"properties":{"id":"MX-DIF-0033","nombre":"Arrayán","portfolio":"MTP","estado":"DIF","municipio":"Tlalpan"}},{"type":"Feature","geometry":{"type":"Point","coordinates":[-99.116361,19.494759]},"properties":{"id":"MX-DIF-0034","nombre":"Capacidad-212","portfolio":"MTP","estado":"DIF","municipio":"CDMX"}},{"type":"Feature","geometry":{"type":"Point","coordinates":[-99.007894,19.248275]},"properties":{"id":"MX-DIF-0035","nombre":"Los Olivos","portfolio":"MTP","estado":"DIF","municipio":"Distrito Federal"}},{"type":"Feature","geometry":{"type":"Point","coordinates":[-99.10103,19.41092]},"properties":{"id":"MX-DIF-0036","nombre":"Capacidad-154","portfolio":"MTP","estado":"DIF","municipio":"CDMX"}},{"type":"Feature","geometry":{"type":"Point","coordinates":[-99.089381,19.421889]},"properties":{"id":"MX-DIF-0037","nombre":"Capacidad-022","portfolio":"MTP","estado":"DIF","municipio":"CDMX"}},{"type":"Feature","geometry":{"type":"Point","coordinates":[-99.13952,19.40885]},"properties":{"id":"MX-DIF-0038","nombre":"Capacidad-185","portfolio":"MTP","estado":"DIF","municipio":"CDMX"}},{"type":"Feature","geometry":{"type":"Point","coordinates":[-99.22144,19.45301]},"properties":{"id":"MX-DIF-0039","nombre":"Capacidad-002","portfolio":"MTP","estado":"DIF","municipio":"Estado de Mexico"}},{"type":"Feature","geometry":{"type":"Point","coordinates":[-99.150447,19.486792]},"properties":{"id":"MX-DIF-0040","nombre":"Capacidad-207","portfolio":"MTP","estado":"DIF","municipio":"CDMX"}},{"type":"Feature","geometry":{"type":"Point","coordinates":[-99.1594,19.49508]},"properties":{"id":"MX-DIF-0042","nombre":"Capacidad-264","portfolio":"MTP","estado":"DIF","municipio":"Ciudad de México"}},{"type":"Feature","geometry":{"type":"Point","coordinates":[-99.221546,19.232466]},"properties":{"id":"MX-DIF-0043","nombre":"Capacidad-244","portfolio":"MTP","estado":"DIF","municipio":"CDMX"}},{"type":"Feature","geometry":{"type":"Point","coordinates":[-99.17404,19.42072]},"properties":{"id":"MX-DIF-0044","nombre":"Capacidad-184","portfolio":"MTP","estado":"DIF","municipio":"CDMX"}},{"type":"Feature","geometry":{"type":"Point","coordinates":[-99.001772,19.365231]},"properties":{"id":"MX-DIF-0045","nombre":"Capacidad-222","portfolio":"MTP","estado":"DIF","municipio":"CDMX"}},{"type":"Feature","geometry":{"type":"Point","coordinates":[-99.06255,19.36354]},"properties":{"id":"MX-DIF-0046","nombre":"Capacidad-152","portfolio":"MTP","estado":"DIF","municipio":"CDMX"}},{"type":"Feature","geometry":{"type":"Point","coordinates":[-99.10259,19.36085]},"properties":{"id":"MX-DIF-0047","nombre":"Capacidad-384","portfolio":"MTP","estado":"DIF","municipio":"CDMX"}},{"type":"Feature","geometry":{"type":"Point","coordinates":[-98.9528,19.262415]},"properties":{"id":"MX-DIF-0048","nombre":"Capacidad-142","portfolio":"MTP","estado":"DIF","municipio":"Estado de México"}},{"type":"Feature","geometry":{"type":"Point","coordinates":[-99.217846,19.205833]},"properties":{"id":"MX-DIF-0049","nombre":"Capacidad-388","portfolio":"MTP","estado":"DIF","municipio":"CDMX"}},{"type":"Feature","geometry":{"type":"Point","coordinates":[-99.035195,19.301051]},"properties":{"id":"MX-DIF-0050","nombre":"Miguel Atenco","portfolio":"MTP","estado":"DIF","municipio":"CDMX"}},{"type":"Feature","geometry":{"type":"Point","coordinates":[-99.1399,19.4663]},"properties":{"id":"MX-DIF-0052","nombre":"Vallejo Poniente","portfolio":"MTP","estado":"DIF","municipio":"Gustavo A. Madero"}},{"type":"Feature","geometry":{"type":"Point","coordinates":[-99.1438,19.4245]},"properties":{"id":"MX-DIF-0053","nombre":"Dr. Rio De La Loza","portfolio":"MTP","estado":"DIF","municipio":"Cuauhtemoc"}},{"type":"Feature","geometry":{"type":"Point","coordinates":[-99.15862,19.50582]},"properties":{"id":"MX-DIF-0058","nombre":"Isla Soto","portfolio":"MTP","estado":"DIF","municipio":"Estado de Mexico"}},{"type":"Feature","geometry":{"type":"Point","coordinates":[-99.13652,19.43559]},"properties":{"id":"MX-DIF-0065","nombre":"Seis de Mayo","portfolio":"MTP","estado":"DIF","municipio":"CDMX"}},{"type":"Feature","geometry":{"type":"Point","coordinates":[-99.1092349,19.4319287]},"properties":{"id":"MX-DIF-0066","nombre":"Tapo","portfolio":"MTP","estado":"DIF","municipio":"CDMX"}},{"type":"Feature","geometry":{"type":"Point","coordinates":[-99.189805,19.234412]},"properties":{"id":"MX-DIF-5001","nombre":"El Arenal","portfolio":"MTP","estado":"DIF","municipio":"Mexico City"}},{"type":"Feature","geometry":{"type":"Point","coordinates":[-99.29037777,19.32821111]},"properties":{"id":"MX-DIF-5003","nombre":"Santa Rosa Xochiac","portfolio":"MTP","estado":"DIF","municipio":"Cuajimalpa de Morelos"}},{"type":"Feature","geometry":{"type":"Point","coordinates":[-99.210495,19.214486]},"properties":{"id":"MX-DIF-5004","nombre":"Santo Tomas Ajusco","portfolio":"MTP","estado":"DIF","municipio":"Tlalpan"}},{"type":"Feature","geometry":{"type":"Point","coordinates":[-99.171753,19.23207]},"properties":{"id":"MX-DIF-5005","nombre":"Magdalena Petlacalco","portfolio":"MTP","estado":"DIF","municipio":"Tlalpan"}},{"type":"Feature","geometry":{"type":"Point","coordinates":[-99.264802,19.389456]},"properties":{"id":"MX-DIF-5008","nombre":"Secretaria De Marina","portfolio":"MTP","estado":"DIF","municipio":"Cuajimalpa De Morelos"}},{"type":"Feature","geometry":{"type":"Point","coordinates":[-99.118306,19.247889]},"properties":{"id":"MX-DIF-5010","nombre":"Acoca","portfolio":"MTP","estado":"DIF","municipio":"Mexico City"}},{"type":"Feature","geometry":{"type":"Point","coordinates":[-99.078333,19.345972]},"properties":{"id":"MX-DIF-5011","nombre":"U.H. Germanio","portfolio":"MTP","estado":"DIF","municipio":"Iztapalapa"}},{"type":"Feature","geometry":{"type":"Point","coordinates":[-99.078417,19.408222]},"properties":{"id":"MX-DIF-5012","nombre":"Distribuidor Rio Consulado","portfolio":"MTP","estado":"DIF","municipio":"Venustiano Carranza"}},{"type":"Feature","geometry":{"type":"Point","coordinates":[-99.180186,19.355686]},"properties":{"id":"MX-DIF-5014","nombre":"Margaritas","portfolio":"CAPSA","estado":"DIF","municipio":"Álvaro Obregón"}},{"type":"Feature","geometry":{"type":"Point","coordinates":[-99.1163,19.379972]},"properties":{"id":"MX-DIF-5030","nombre":"Iztapalapa","portfolio":"CAPSA","estado":"DIF","municipio":"Iztapalapa"}},{"type":"Feature","geometry":{"type":"Point","coordinates":[-99.166293,19.353705]},"properties":{"id":"MX-DIF-5031","nombre":"Museo Frida Kahlo II Ing2","portfolio":"CAPSA","estado":"DIF","municipio":"Coyoacán"}},{"type":"Feature","geometry":{"type":"Point","coordinates":[-99.14941667,19.50611111]},"properties":{"id":"MX-DIF-5032","nombre":"Othon Mendizabal","portfolio":"CAPSA","estado":"DIF","municipio":"Gustavo A. Madero"}},{"type":"Feature","geometry":{"type":"Point","coordinates":[-99.105198,19.414108]},"properties":{"id":"MX-DIF-5037","nombre":"Jardin Balbuena","portfolio":"CAPSA","estado":"DIF","municipio":"Venustiano Carranza"}},{"type":"Feature","geometry":{"type":"Point","coordinates":[-99.09715,19.477966]},"properties":{"id":"MX-DIF-5040","nombre":"Arcos De Aragon","portfolio":"CAPSA","estado":"DIF","municipio":"Gustavo A. Madero"}},{"type":"Feature","geometry":{"type":"Point","coordinates":[-99.186814,19.387737]},"properties":{"id":"MX-DIF-5041","nombre":"La Florida","portfolio":"CAPSA","estado":"DIF","municipio":"Benito Juárez"}},{"type":"Feature","geometry":{"type":"Point","coordinates":[-99.25163333,19.38721944]},"properties":{"id":"MX-DIF-5043","nombre":"Paseo Arcos","portfolio":"CAPSA","estado":"DIF","municipio":"Cuajimalpa De Morelos"}},{"type":"Feature","geometry":{"type":"Point","coordinates":[-99.169361,19.427444]},"properties":{"id":"MX-DIF-5044","nombre":"Tiber Reforma","portfolio":"CAPSA","estado":"DIF","municipio":"Cuauhtémoc"}},{"type":"Feature","geometry":{"type":"Point","coordinates":[-99.201926,19.332833]},"properties":{"id":"MX-DIF-5045","nombre":"Eje 10 Sur","portfolio":"CAPSA","estado":"DIF","municipio":"Álvaro Obregón"}},{"type":"Feature","geometry":{"type":"Point","coordinates":[-99.019325,19.18516667]},"properties":{"id":"MX-DIF-5073","nombre":"La Concepcion Milpa Alta","portfolio":"CAPSA","estado":"DIF","municipio":"Milpa Alta"}},{"type":"Feature","geometry":{"type":"Point","coordinates":[-99.07351,19.41944]},"properties":{"id":"MX-DIF-5075","nombre":"Capacidad-187","portfolio":"MTP","estado":"DIF","municipio":"CDMX"}},{"type":"Feature","geometry":{"type":"Point","coordinates":[-99.133595,19.420113]},"properties":{"id":"MX-DIF-5095","nombre":"Lucas Alaman","portfolio":"MTP","estado":"DIF","municipio":"Cuauhtémoc"}},{"type":"Feature","geometry":{"type":"Point","coordinates":[-99.165352,19.362061]},"properties":{"id":"MX-DIF-5098","nombre":"Xoco","portfolio":"MTP","estado":"DIF","municipio":"Benito Juárez"}},{"type":"Feature","geometry":{"type":"Point","coordinates":[-98.902906,19.291025]},"properties":{"id":"MX-DIF-5101","nombre":"Chalco 20 De Noviembre","portfolio":"MTP","estado":"MEX","municipio":"Ixtapaluca"}},{"type":"Feature","geometry":{"type":"Point","coordinates":[-99.069869,19.410494]},"properties":{"id":"MX-DIF-5105","nombre":"Olimpico Pantitlan","portfolio":"MTP","estado":"DIF","municipio":"Iztacalco"}},{"type":"Feature","geometry":{"type":"Point","coordinates":[-99.079361,19.49025]},"properties":{"id":"MX-DIF-5106","nombre":"Leon De Los Aldama","portfolio":"MTP","estado":"DIF","municipio":"Gustavo A. Madero"}},{"type":"Feature","geometry":{"type":"Point","coordinates":[-99.16667,19.603646]},"properties":{"id":"MX-DIF-5108","nombre":"Las Torres","portfolio":"MTP","estado":"MEX","municipio":"Tutitlan"}},{"type":"Feature","geometry":{"type":"Point","coordinates":[-99.123256,19.451164]},"properties":{"id":"MX-DIF-5109","nombre":"Alfareria","portfolio":"MTP","estado":"DIF","municipio":"Venustiano Carranza"}},{"type":"Feature","geometry":{"type":"Point","coordinates":[-99.124158,19.44252]},"properties":{"id":"MX-DIF-5112","nombre":"Gonzalez Ortega","portfolio":"MTP","estado":"DIF","municipio":"Cuauhtémoc"}},{"type":"Feature","geometry":{"type":"Point","coordinates":[-99.181056,19.394639]},"properties":{"id":"MX-DIF-5113","nombre":"Rio Becerra","portfolio":"MTP","estado":"DIF","municipio":"Benito Juárez"}},{"type":"Feature","geometry":{"type":"Point","coordinates":[-99.105056,19.331944]},"properties":{"id":"MX-DIF-5117","nombre":"Culhuacan","portfolio":"MTP","estado":"DIF","municipio":"Iztapalapa"}},{"type":"Feature","geometry":{"type":"Point","coordinates":[-99.139172,19.31785]},"properties":{"id":"MX-DIF-5120","nombre":"Boton","portfolio":"MTP","estado":"DIF","municipio":"Coyoacán"}},{"type":"Feature","geometry":{"type":"Point","coordinates":[-99.25478611,19.39719444]},"properties":{"id":"MX-DIF-5124","nombre":"Bosque De Framboyanes","portfolio":"CAPSA","estado":"DIF","municipio":"Miguel Hidalgo"}},{"type":"Feature","geometry":{"type":"Point","coordinates":[-99.069936,19.184579]},"properties":{"id":"MX-DIF-5126","nombre":"Oztotepec","portfolio":"MTP","estado":"DIF","municipio":"Milpa Alta"}},{"type":"Feature","geometry":{"type":"Point","coordinates":[-99.209285,19.336285]},"properties":{"id":"MX-DIF-5403","nombre":"Romulo O Farril","portfolio":"MTP","estado":"DIF","municipio":"La Magdalena Contreras"}},{"type":"Feature","geometry":{"type":"Point","coordinates":[-99.0617419,19.456875]},"properties":{"id":"MX-DIF-5405","nombre":"Villa De Aragon","portfolio":"MTP","estado":"DIF","municipio":"Gustavo A. Madero"}},{"type":"Feature","geometry":{"type":"Point","coordinates":[-99.126647,19.554738]},"properties":{"id":"MX-DIF-5408","nombre":"Casilda","portfolio":"MTP","estado":"DIF","municipio":"Gustavo A. Madero"}},{"type":"Feature","geometry":{"type":"Point","coordinates":[-99.15637,19.51936]},"properties":{"id":"MX-DIF-5410","nombre":"Guadalupe Proletaria","portfolio":"MTP","estado":"DIF","municipio":"Gustavo A. Madero"}},{"type":"Feature","geometry":{"type":"Point","coordinates":[-99.129356,19.518705]},"properties":{"id":"MX-DIF-5412","nombre":"Chamizal","portfolio":"MTP","estado":"DIF","municipio":"Gustavo A. Madero"}},{"type":"Feature","geometry":{"type":"Point","coordinates":[-99.083402,19.497569]},"properties":{"id":"MX-DIF-5417","nombre":"1 De Mayo","portfolio":"MTP","estado":"DIF","municipio":"Gustavo A. Madero"}},{"type":"Feature","geometry":{"type":"Point","coordinates":[-99.096994,19.456055]},"properties":{"id":"MX-DIF-5419","nombre":"Pesetas","portfolio":"MTP","estado":"DIF","municipio":"Gustavo A. Madero"}},{"type":"Feature","geometry":{"type":"Point","coordinates":[-99.126619,19.33757]},"properties":{"id":"MX-DIF-5420","nombre":"Filosofia","portfolio":"MTP","estado":"DIF","municipio":"Coyoacán"}},{"type":"Feature","geometry":{"type":"Point","coordinates":[-99.176752,19.496425]},"properties":{"id":"MX-DIF-5421","nombre":"Arena","portfolio":"MTP","estado":"DIF","municipio":"Azcapotzalco"}},{"type":"Feature","geometry":{"type":"Point","coordinates":[-99.061136,19.343275]},"properties":{"id":"MX-DIF-5422","nombre":"Canal De Garay","portfolio":"MTP","estado":"DIF","municipio":"Iztapalapa"}},{"type":"Feature","geometry":{"type":"Point","coordinates":[-99.143831,19.427981]},"properties":{"id":"MX-DIF-5423","nombre":"Luis Moya","portfolio":"MTP","estado":"DIF","municipio":"Cuauhtémoc"}},{"type":"Feature","geometry":{"type":"Point","coordinates":[-99.04352,19.331116]},"properties":{"id":"MX-DIF-5424","nombre":"Manuel Cañas","portfolio":"MTP","estado":"DIF","municipio":"Iztapalapa"}},{"type":"Feature","geometry":{"type":"Point","coordinates":[-99.088361,19.435722]},"properties":{"id":"MX-DIF-5425","nombre":"Norte 33","portfolio":"MTP","estado":"DIF","municipio":"Venustiano Carranza"}},{"type":"Feature","geometry":{"type":"Point","coordinates":[-99.199078,19.386784]},"properties":{"id":"MX-DIF-5427","nombre":"U H Lomas De Becerra","portfolio":"CAPSA","estado":"DIF","municipio":"Alvaro Obregon"}},{"type":"Feature","geometry":{"type":"Point","coordinates":[-99.202639,19.44275283]},"properties":{"id":"MX-DIF-5428","nombre":"Plaza Carso","portfolio":"CAPSA","estado":"DIF","municipio":"Miguel Hidalgo"}},{"type":"Feature","geometry":{"type":"Point","coordinates":[-99.13563383,19.350083]},"properties":{"id":"MX-DIF-5429","nombre":"Chapulin Miramontes","portfolio":"MTP","estado":"DIF","municipio":"Coyoacán"}},{"type":"Feature","geometry":{"type":"Point","coordinates":[-99.120606,19.45952]},"properties":{"id":"MX-DIF-5430","nombre":"Norte 46","portfolio":"MTP","estado":"DIF","municipio":"Gustavo A. Madero"}},{"type":"Feature","geometry":{"type":"Point","coordinates":[-99.126313,19.467462]},"properties":{"id":"MX-DIF-5431","nombre":"Luis Ogazon","portfolio":"MTP","estado":"DIF","municipio":"Gustavo A. Madero"}},{"type":"Feature","geometry":{"type":"Point","coordinates":[-99.064387,19.477064]},"properties":{"id":"MX-DIF-5432","nombre":"De Los Pinos","portfolio":"MTP","estado":"DIF","municipio":"Gustavo A. Madero"}},{"type":"Feature","geometry":{"type":"Point","coordinates":[-99.156906,19.536858]},"properties":{"id":"MX-DIF-5433","nombre":"Miguel Chalma","portfolio":"MTP","estado":"MEX","municipio":"Tlalnepantla"}},{"type":"Feature","geometry":{"type":"Point","coordinates":[-99.150313,19.554015]},"properties":{"id":"MX-DIF-5434","nombre":"Chalma Guadalupe","portfolio":"MTP","estado":"DIF","municipio":"Gustavo A. Madero"}},{"type":"Feature","geometry":{"type":"Point","coordinates":[-99.171975,19.42635]},"properties":{"id":"MX-DIF-5435","nombre":"IBS Torre Diana","portfolio":"MTP","estado":"DIF","municipio":"Cuauhtémoc"}},{"type":"Feature","geometry":{"type":"Point","coordinates":[-99.16686944,19.42493611]},"properties":{"id":"MX-DIF-5456","nombre":"Florencia Hamburgo","portfolio":"CAPSA","estado":"DIF","municipio":"Cuauhtémoc"}},{"type":"Feature","geometry":{"type":"Point","coordinates":[-99.133105,19.483957]},"properties":{"id":"MX-DIF-5492","nombre":"Encuentro Fortuna","portfolio":"MTP","estado":"DIF","municipio":"Gustavo A. Madero"}},{"type":"Feature","geometry":{"type":"Point","coordinates":[-99.181099,19.368885]},"properties":{"id":"MX-DIF-5495","nombre":"Torre Manacar","portfolio":"MTP","estado":"DIF","municipio":"Benito Juárez"}},{"type":"Feature","geometry":{"type":"Point","coordinates":[-99.166478,19.393583]},"properties":{"id":"MX-DIF-5513","nombre":"Division Del Norte","portfolio":"MTP","estado":"DIF","municipio":"Benito Juárez"}},{"type":"Feature","geometry":{"type":"Point","coordinates":[-99.0394,19.2965]},"properties":{"id":"MX-DIF-5515","nombre":"Zapotitlan","portfolio":"MTP","estado":"DIF","municipio":"Tláhuac"}},{"type":"Feature","geometry":{"type":"Point","coordinates":[-99.115303,19.311525]},"properties":{"id":"MX-DIF-5518","nombre":"Las Bombas","portfolio":"MTP","estado":"DIF","municipio":"Coyoacán"}},{"type":"Feature","geometry":{"type":"Point","coordinates":[-99.179953,19.444919]},"properties":{"id":"MX-DIF-5523","nombre":"Lago Muritz","portfolio":"MTP","estado":"DIF","municipio":"Miguel Hidalgo"}},{"type":"Feature","geometry":{"type":"Point","coordinates":[-99.11254,19.44255]},"properties":{"id":"MX-DIF-5537","nombre":"Vulcanizacion","portfolio":"MTP","estado":"DIF","municipio":"Venustiano Carranza"}},{"type":"Feature","geometry":{"type":"Point","coordinates":[-99.09381,19.43539]},"properties":{"id":"MX-DIF-5545","nombre":"Fernando Romero","portfolio":"MTP","estado":"DIF","municipio":"Venustiano Carranza"}},{"type":"Feature","geometry":{"type":"Point","coordinates":[-99.032492,19.337547]},"properties":{"id":"MX-DIF-5547","nombre":"Reforma Politica","portfolio":"MTP","estado":"DIF","municipio":"Iztapalapa"}},{"type":"Feature","geometry":{"type":"Point","coordinates":[-99.13254,19.455693]},"properties":{"id":"MX-DIF-5558","nombre":"La Ronda","portfolio":"MTP","estado":"DIF","municipio":"Cuauhtémoc"}},{"type":"Feature","geometry":{"type":"Point","coordinates":[-99.057732,19.33241]},"properties":{"id":"MX-DIF-5563","nombre":"Presidentes De Mexico","portfolio":"MTP","estado":"DIF","municipio":"Iztapalapa"}},{"type":"Feature","geometry":{"type":"Point","coordinates":[-99.084915,19.4353675]},"properties":{"id":"MX-DIF-5570","nombre":"Aeropuerto","portfolio":"MTP","estado":"DIF","municipio":"Venustiano Carranza"}},{"type":"Feature","geometry":{"type":"Point","coordinates":[-99.16059111,19.22886083]},"properties":{"id":"MX-DIF-5571","nombre":"Ajusco","portfolio":"MTP","estado":"DIF","municipio":"Tlalpan"}},{"type":"Feature","geometry":{"type":"Point","coordinates":[-99.07433306,19.17066944]},"properties":{"id":"MX-DIF-5574","nombre":"Milpa Alta","portfolio":"MTP","estado":"DIF","municipio":"Milpa Alta"}},{"type":"Feature","geometry":{"type":"Point","coordinates":[-99.069339,19.38111]},"properties":{"id":"MX-DIF-5582","nombre":"Guerra De Reforma","portfolio":"MTP","estado":"DIF","municipio":"Iztapalapa"}},{"type":"Feature","geometry":{"type":"Point","coordinates":[-99.155219,19.211205]},"properties":{"id":"MX-DIF-5585","nombre":"Antigo","portfolio":"MTP","estado":"DIF","municipio":"Tlalpan"}},{"type":"Feature","geometry":{"type":"Point","coordinates":[-99.18145278,19.43178889]},"properties":{"id":"MX-DIF-5587","nombre":"Escobedo Mazarik IIR","portfolio":"CAPSA","estado":"DIF","municipio":"Miguel Hidalgo"}},{"type":"Feature","geometry":{"type":"Point","coordinates":[-99.03114,19.348258]},"properties":{"id":"MX-DIF-5588","nombre":"Aztahuacan","portfolio":"MTP","estado":"DIF","municipio":"Iztapalapa"}},{"type":"Feature","geometry":{"type":"Point","coordinates":[-99.1443549,19.3430969]},"properties":{"id":"MX-DIF-5593","nombre":"Talleres","portfolio":"MTP","estado":"DIF","municipio":"Coyoacán"}},{"type":"Feature","geometry":{"type":"Point","coordinates":[-99.132719,19.48325]},"properties":{"id":"MX-DIF-5596","nombre":"Plaza Fortuna","portfolio":"MTP","estado":"DIF","municipio":"Gustavo A. Madero"}},{"type":"Feature","geometry":{"type":"Point","coordinates":[-99.110376,19.389946]},"properties":{"id":"MX-DIF-5597","nombre":"Pablo Alvarado","portfolio":"MTP","estado":"DIF","municipio":"Iztacalco"}},{"type":"Feature","geometry":{"type":"Point","coordinates":[-99.117469,19.34865]},"properties":{"id":"MX-DIF-5599","nombre":"Centeno","portfolio":"MTP","estado":"DIF","municipio":"Iztapalapa"}},{"type":"Feature","geometry":{"type":"Point","coordinates":[-99.036542,19.357267]},"properties":{"id":"MX-DIF-5600","nombre":"Francisco Villa II","portfolio":"MTP","estado":"DIF","municipio":"Iztapalapa"}},{"type":"Feature","geometry":{"type":"Point","coordinates":[-99.181072,19.36887]},"properties":{"id":"MX-DIF-5601","nombre":"Torre Manacar Oficinas","portfolio":"MTP","estado":"DIF","municipio":"Benito Juárez"}},{"type":"Feature","geometry":{"type":"Point","coordinates":[-99.145456,19.526158]},"properties":{"id":"MX-DIF-5602","nombre":"El Arbolillo","portfolio":"MTP","estado":"DIF","municipio":"Gustavo A. Madero"}},{"type":"Feature","geometry":{"type":"Point","coordinates":[-99.139058,19.429811]},"properties":{"id":"MX-DIF-5603","nombre":"Meave","portfolio":"MTP","estado":"DIF","municipio":"Cuauhtémoc"}},{"type":"Feature","geometry":{"type":"Point","coordinates":[-99.12882,19.214862]},"properties":{"id":"MX-DIF-5604","nombre":"Pie De Cerro","portfolio":"MTP","estado":"DIF","municipio":"Xochimilco"}},{"type":"Feature","geometry":{"type":"Point","coordinates":[-99.16627222,19.41116667]},"properties":{"id":"MX-DIF-5610","nombre":"Michoacan II","portfolio":"MTP","estado":"DIF","municipio":"Cuauhtémoc"}},{"type":"Feature","geometry":{"type":"Point","coordinates":[-99.167875,19.406924]},"properties":{"id":"MX-DIF-5611","nombre":"Baja California","portfolio":"MTP","estado":"DIF","municipio":"Cuauhtémoc"}},{"type":"Feature","geometry":{"type":"Point","coordinates":[-99.11024444,19.433275]},"properties":{"id":"MX-DIF-5615","nombre":"Madero","portfolio":"CAPSA","estado":"DIF","municipio":"Venustiano Carranza"}},{"type":"Feature","geometry":{"type":"Point","coordinates":[-99.224016,19.310052]},"properties":{"id":"MX-DIF-5616","nombre":"Angeles del Pedregal","portfolio":"MTP","estado":"DIF","municipio":"Tlalpan"}},{"type":"Feature","geometry":{"type":"Point","coordinates":[-99.193509,19.408212]},"properties":{"id":"MX-DIF-5617","nombre":"Daniel Garza","portfolio":"MTP","estado":"DIF","municipio":"CDMX"}},{"type":"Feature","geometry":{"type":"Point","coordinates":[-99.24873056,19.36246389]},"properties":{"id":"MX-DIF-5618","nombre":"San Luis","portfolio":"MTP","estado":"DIF","municipio":"Ciudad de México"}},{"type":"Feature","geometry":{"type":"Point","coordinates":[-99.21969,19.45105]},"properties":{"id":"MX-DIF-5619","nombre":"Walmart Toreo Net","portfolio":"MTP","estado":"DIF","municipio":"Miguel Hidalgo"}},{"type":"Feature","geometry":{"type":"Point","coordinates":[-99.142879,19.389451]},"properties":{"id":"MX-DIF-5620","nombre":"Isabel la Catolica","portfolio":"MTP","estado":"DIF","municipio":"Ciudad de México"}},{"type":"Feature","geometry":{"type":"Point","coordinates":[-99.225558,19.369078]},"properties":{"id":"MX-DIF-5622","nombre":"Portón","portfolio":"MTP","estado":"DIF","municipio":"Ciudad de México"}},{"type":"Feature","geometry":{"type":"Point","coordinates":[-99.121056,19.430754]},"properties":{"id":"MX-DIF-5623","nombre":"Bodegas","portfolio":"MTP","estado":"DIF","municipio":"Ciudad de México"}},{"type":"Feature","geometry":{"type":"Point","coordinates":[-99.212122,19.344889]},"properties":{"id":"MX-DIF-5624","nombre":"Angeles de tetelpan","portfolio":"MTP","estado":"DIF","municipio":"Ciudad de México"}},{"type":"Feature","geometry":{"type":"Point","coordinates":[-99.202003,19.429399]},"properties":{"id":"MX-DIF-5625","nombre":"Ibsen","portfolio":"MTP","estado":"DIF","municipio":"Ciudad de México"}},{"type":"Feature","geometry":{"type":"Point","coordinates":[-99.196053,19.454889]},"properties":{"id":"MX-DIF-5627","nombre":"Ontario","portfolio":"MTP","estado":"DIF","municipio":"Ciudad de México"}},{"type":"Feature","geometry":{"type":"Point","coordinates":[-99.155334,19.325083]},"properties":{"id":"MX-DIF-5628","nombre":"Nezahualcoyotl","portfolio":"MTP","estado":"DIF","municipio":"Ciudad de México"}},{"type":"Feature","geometry":{"type":"Point","coordinates":[-99.130222,19.447056]},"properties":{"id":"MX-DIF-5629","nombre":"Tenochtitlan","portfolio":"MTP","estado":"DIF","municipio":"Ciudad de México"}},{"type":"Feature","geometry":{"type":"Point","coordinates":[-99.16948,19.465239]},"properties":{"id":"MX-DIF-5630","nombre":"Nueces","portfolio":"MTP","estado":"DIF","municipio":"Ciudad de México"}},{"type":"Feature","geometry":{"type":"Point","coordinates":[-99.180128,19.279764]},"properties":{"id":"MX-DIF-5631","nombre":"Aljibe","portfolio":"MTP","estado":"DIF","municipio":"Ciudad de México"}},{"type":"Feature","geometry":{"type":"Point","coordinates":[-99.251274,19.397697]},"properties":{"id":"MX-DIF-5632","nombre":"Bosques de las lomas","portfolio":"MTP","estado":"DIF","municipio":"Ciudad de México"}},{"type":"Feature","geometry":{"type":"Point","coordinates":[-99.114055,19.423389]},"properties":{"id":"MX-DIF-5633","nombre":"Pavia","portfolio":"MTP","estado":"DIF","municipio":"Ciudad de México"}},{"type":"Feature","geometry":{"type":"Point","coordinates":[-99.1062558,19.320109]},"properties":{"id":"MX-DIF-5636","nombre":"Carmen","portfolio":"MTP","estado":"DIF","municipio":"Coyoacán"}},{"type":"Feature","geometry":{"type":"Point","coordinates":[-99.196292,19.378817]},"properties":{"id":"MX-DIF-5637","nombre":"Adriano Brower","portfolio":"MTP","estado":"DIF","municipio":"Ciudad de México"}},{"type":"Feature","geometry":{"type":"Point","coordinates":[-99.09533468,19.42858237]},"properties":{"id":"MX-DIF-5639","nombre":"Norte 12","portfolio":"MTP","estado":"DIF","municipio":"Ciudad de México"}},{"type":"Feature","geometry":{"type":"Point","coordinates":[-99.163885,19.370085]},"properties":{"id":"MX-DIF-5640","nombre":"Walmart Universidad","portfolio":"MTP","estado":"DIF","municipio":"CDMX"}},{"type":"Feature","geometry":{"type":"Point","coordinates":[-99.19961036,19.3866642]},"properties":{"id":"MX-DIF-5641","nombre":"Talabarteria","portfolio":"MTP","estado":"DIF","municipio":"Ciudad de México"}},{"type":"Feature","geometry":{"type":"Point","coordinates":[-99.1315,19.3932]},"properties":{"id":"MX-DIF-5642","nombre":"Edificio Rojo","portfolio":"MTP","estado":"DIF","municipio":"Ciudad de México"}},{"type":"Feature","geometry":{"type":"Point","coordinates":[-99.12721944,19.304775]},"properties":{"id":"MX-DIF-5643","nombre":"Calzada Del Hueso","portfolio":"MTP","estado":"DIF","municipio":"Ciudad de México"}},{"type":"Feature","geometry":{"type":"Point","coordinates":[-99.13594722,19.54389167]},"properties":{"id":"MX-DIF-5644","nombre":"Castillo Chico","portfolio":"MTP","estado":"DIF","municipio":"Ciudad de México"}},{"type":"Feature","geometry":{"type":"Point","coordinates":[-99.112503,19.303469]},"properties":{"id":"MX-DIF-5645","nombre":"Inmobiliaria","portfolio":"MTP","estado":"DIF","municipio":"Ciudad de México"}},{"type":"Feature","geometry":{"type":"Point","coordinates":[-99.1730277,19.2744416]},"properties":{"id":"MX-DIF-5646","nombre":"Comuneros","portfolio":"MTP","estado":"DIF","municipio":"Ciudad de México"}},{"type":"Feature","geometry":{"type":"Point","coordinates":[-99.135629,19.279787]},"properties":{"id":"MX-DIF-5647","nombre":"Tec CD. de México","portfolio":"MTP","estado":"DIF","municipio":"Ciudad de México"}},{"type":"Feature","geometry":{"type":"Point","coordinates":[-99.136803,19.368799]},"properties":{"id":"MX-DIF-5649","nombre":"Dr. Leon","portfolio":"MTP","estado":"DIF","municipio":"Ciudad de México"}},{"type":"Feature","geometry":{"type":"Point","coordinates":[-99.16475,19.521207]},"properties":{"id":"MX-DIF-5654","nombre":"San Juan Ixtacala","portfolio":"MTP","estado":"DIF","municipio":"Ciudad de México"}},{"type":"Feature","geometry":{"type":"Point","coordinates":[-99.2001,19.366431]},"properties":{"id":"MX-DIF-5655","nombre":"Lomas de Plateros","portfolio":"MTP","estado":"DIF","municipio":"Ciudad de México"}},{"type":"Feature","geometry":{"type":"Point","coordinates":[-99.183,19.46138889]},"properties":{"id":"MX-DIF-5656","nombre":"Mar Mediterráneo","portfolio":"MTP","estado":"DIF","municipio":"Ciudad de México"}},{"type":"Feature","geometry":{"type":"Point","coordinates":[-99.099634,19.34773]},"properties":{"id":"MX-DIF-5657","nombre":"Estrella del Sur","portfolio":"MTP","estado":"DIF","municipio":"Ciudad de México"}},{"type":"Feature","geometry":{"type":"Point","coordinates":[-99.2008744,19.36109792]},"properties":{"id":"MX-DIF-5659","nombre":"Condor","portfolio":"MTP","estado":"DIF","municipio":"Álvaro Obregon"}},{"type":"Feature","geometry":{"type":"Point","coordinates":[-99.17514813,19.37194056]},"properties":{"id":"MX-DIF-5661","nombre":"Patricio Sanz","portfolio":"MTP","estado":"DIF","municipio":"TBD"}},{"type":"Feature","geometry":{"type":"Point","coordinates":[-99.28388889,19.36055556]},"properties":{"id":"MX-DIF-5662","nombre":"Lomas De Memorial","portfolio":"MTP","estado":"DIF","municipio":"TBD"}},{"type":"Feature","geometry":{"type":"Point","coordinates":[-99.049801,19.3358596]},"properties":{"id":"MX-DIF-5663","nombre":"Hermenegildo Galeana","portfolio":"MTP","estado":"DIF","municipio":"CDMX"}},{"type":"Feature","geometry":{"type":"Point","coordinates":[-99.03886111,19.30786111]},"properties":{"id":"MX-DIF-5664","nombre":"Camino A Tlaltenco","portfolio":"MTP","estado":"DIF","municipio":"TBD"}},{"type":"Feature","geometry":{"type":"Point","coordinates":[-99.035927,19.37598]},"properties":{"id":"MX-DIF-5668","nombre":"Alvaro Obregon","portfolio":"MTP","estado":"DIF","municipio":"TBD"}},{"type":"Feature","geometry":{"type":"Point","coordinates":[-99.095691,19.3906194]},"properties":{"id":"MX-DIF-5670","nombre":"Oriente 118","portfolio":"MTP","estado":"DIF","municipio":"CDMX"}},{"type":"Feature","geometry":{"type":"Point","coordinates":[-99.0879166,19.3498666]},"properties":{"id":"MX-DIF-5671","nombre":"Javier Mina","portfolio":"MTP","estado":"DIF","municipio":"TBD"}},{"type":"Feature","geometry":{"type":"Point","coordinates":[-99.11005,19.46433]},"properties":{"id":"MX-DIF-5672","nombre":"Ara San Agustin","portfolio":"MTP","estado":"DIF","municipio":"TBD"}},{"type":"Feature","geometry":{"type":"Point","coordinates":[-99.03238889,19.36825]},"properties":{"id":"MX-DIF-5673","nombre":"Fuerte De Loreto","portfolio":"MTP","estado":"DIF","municipio":"CDMX"}},{"type":"Feature","geometry":{"type":"Point","coordinates":[-99.19711111,19.30013889]},"properties":{"id":"MX-DIF-5675","nombre":"Zacatepetl","portfolio":"MTP","estado":"DIF","municipio":"TBD"}},{"type":"Feature","geometry":{"type":"Point","coordinates":[-99.104891,19.4517527]},"properties":{"id":"MX-DIF-5679","nombre":"La Malinche","portfolio":"MTP","estado":"DIF","municipio":"CDMX"}},{"type":"Feature","geometry":{"type":"Point","coordinates":[-99.0336733,19.33307983]},"properties":{"id":"MX-DIF-5681","nombre":"Flores","portfolio":"MTP","estado":"DIF","municipio":"CDMX"}},{"type":"Feature","geometry":{"type":"Point","coordinates":[-99.2354944,19.2738444]},"properties":{"id":"MX-DIF-5682","nombre":"Vistas Del Pedregal","portfolio":"MTP","estado":"DIF","municipio":"TBD"}},{"type":"Feature","geometry":{"type":"Point","coordinates":[-99.08105556,19.46761111]},"properties":{"id":"MX-DIF-5684","nombre":"Rio Viejo","portfolio":"MTP","estado":"DIF","municipio":"TBD"}},{"type":"Feature","geometry":{"type":"Point","coordinates":[-99.10805,19.343422]},"properties":{"id":"MX-DIF-5686","nombre":"Ozotli","portfolio":"MTP","estado":"DIF","municipio":"TBD"}},{"type":"Feature","geometry":{"type":"Point","coordinates":[-99.0750805,19.4030666]},"properties":{"id":"MX-DIF-5687","nombre":"Cuchilla Agricola","portfolio":"MTP","estado":"DIF","municipio":"CDMX"}},{"type":"Feature","geometry":{"type":"Point","coordinates":[-99.14281,19.29961]},"properties":{"id":"MX-DIF-5689","nombre":"El Bordo","portfolio":"MTP","estado":"DIF","municipio":"Tlalpan"}},{"type":"Feature","geometry":{"type":"Point","coordinates":[-99.0643388,19.4602694]},"properties":{"id":"MX-DIF-5690","nombre":"San Juan Aragon 4ta Y 5ta Secc","portfolio":"MTP","estado":"DIF","municipio":"Gustavo A. Madero"}},{"type":"Feature","geometry":{"type":"Point","coordinates":[-99.189979,19.501793]},"properties":{"id":"MX-DIF-5692","nombre":"Avenida De Las Culturas","portfolio":"MTP","estado":"DIF","municipio":"TBD"}},{"type":"Feature","geometry":{"type":"Point","coordinates":[-99.1365587,19.44683828]},"properties":{"id":"MX-DIF-5695","nombre":"Reforma Cuitlahuac","portfolio":"MTP","estado":"DIF","municipio":"TBD"}},{"type":"Feature","geometry":{"type":"Point","coordinates":[-99.16983533,19.34508682]},"properties":{"id":"MX-DIF-5696","nombre":"Monte De Piedad","portfolio":"MTP","estado":"DIF","municipio":"TBD"}},{"type":"Feature","geometry":{"type":"Point","coordinates":[-99.0111496,19.3526846]},"properties":{"id":"MX-DIF-5697","nombre":"Penitenciaria","portfolio":"MTP","estado":"DIF","municipio":"TBD"}},{"type":"Feature","geometry":{"type":"Point","coordinates":[-99.02863,19.34703]},"properties":{"id":"MX-DIF-5699","nombre":"Ojito De Agua","portfolio":"MTP","estado":"DIF","municipio":"Ciudad de México"}},{"type":"Feature","geometry":{"type":"Point","coordinates":[-99.07354989,19.30300982]},"properties":{"id":"MX-DIF-5701","nombre":"Valle De San Lorenzo","portfolio":"MTP","estado":"DIF","municipio":"Iztapalapa"}},{"type":"Feature","geometry":{"type":"Point","coordinates":[-99.0846949,19.50309943]},"properties":{"id":"MX-DIF-5703","nombre":"Nueva Atzacoalco","portfolio":"MTP","estado":"DIF","municipio":"CDMX"}},{"type":"Feature","geometry":{"type":"Point","coordinates":[-99.20651147,19.33864141]},"properties":{"id":"MX-DIF-5704","nombre":"Canalito","portfolio":"MTP","estado":"DIF","municipio":"CDMX"}},{"type":"Feature","geometry":{"type":"Point","coordinates":[-99.29966667,19.36108333]},"properties":{"id":"MX-DIF-5705","nombre":"San Pablo Chimalpa","portfolio":"MTP","estado":"DIF","municipio":"CDMX"}},{"type":"Feature","geometry":{"type":"Point","coordinates":[-99.2192527,19.2746416]},"properties":{"id":"MX-DIF-5706","nombre":"Contoy","portfolio":"MTP","estado":"DIF","municipio":"CDMX"}},{"type":"Feature","geometry":{"type":"Point","coordinates":[-99.04359026,19.32927319]},"properties":{"id":"MX-DIF-5708","nombre":"Villa Consitorios","portfolio":"MTP","estado":"DIF","municipio":"CDMX"}},{"type":"Feature","geometry":{"type":"Point","coordinates":[-99.267303,19.332186]},"properties":{"id":"MX-DIF-5709","nombre":"Ameyalco","portfolio":"MTP","estado":"DIF","municipio":"CDMX"}},{"type":"Feature","geometry":{"type":"Point","coordinates":[-99.073906,19.392607]},"properties":{"id":"MX-DIF-5711","nombre":"Sur 20","portfolio":"MTP","estado":"DIF","municipio":"TBD"}},{"type":"Feature","geometry":{"type":"Point","coordinates":[-99.1086805,19.2826833]},"properties":{"id":"MX-DIF-5712","nombre":"El Recodo","portfolio":"MTP","estado":"DIF","municipio":"CDMX"}},{"type":"Feature","geometry":{"type":"Point","coordinates":[-99.107755,19.3845166]},"properties":{"id":"MX-DIF-5713","nombre":"Circuito Cuemanco","portfolio":"MTP","estado":"DIF","municipio":"CDMX"}},{"type":"Feature","geometry":{"type":"Point","coordinates":[-99.14363889,19.49025]},"properties":{"id":"MX-DIF-5717","nombre":"Paysandu","portfolio":"MTP","estado":"DIF","municipio":"TBD"}},{"type":"Feature","geometry":{"type":"Point","coordinates":[-99.0963611,19.4981888]},"properties":{"id":"MX-DIF-5719","nombre":"Dos Naciones","portfolio":"MTP","estado":"DIF","municipio":"CDMX"}},{"type":"Feature","geometry":{"type":"Point","coordinates":[-99.105433,19.4034333]},"properties":{"id":"MX-DIF-5721","nombre":"Palacio De Los Deportes","portfolio":"MTP","estado":"DIF","municipio":"CDMX"}},{"type":"Feature","geometry":{"type":"Point","coordinates":[-99.2093583,19.3765305]},"properties":{"id":"MX-DIF-5722","nombre":"Padre Hidalgo","portfolio":"MTP","estado":"DIF","municipio":"CDMX"}},{"type":"Feature","geometry":{"type":"Point","coordinates":[-99.2262222,19.2852722]},"properties":{"id":"MX-DIF-5723","nombre":"Tekit","portfolio":"MTP","estado":"DIF","municipio":"Tlalpan"}},{"type":"Feature","geometry":{"type":"Point","coordinates":[-99.1773055,19.3600416]},"properties":{"id":"MX-DIF-5724","nombre":"Axotla","portfolio":"MTP","estado":"DIF","municipio":"Álvaro Obregón"}},{"type":"Feature","geometry":{"type":"Point","coordinates":[-99.0040805,19.3486083]},"properties":{"id":"MX-DIF-5725","nombre":"Aliso","portfolio":"MTP","estado":"DIF","municipio":"TBD"}},{"type":"Feature","geometry":{"type":"Point","coordinates":[-99.1912583,19.4316138]},"properties":{"id":"MX-DIF-5727","nombre":"Mc Arquimides-Masarik","portfolio":"MTP","estado":"DIF","municipio":"CDMX"}},{"type":"Feature","geometry":{"type":"Point","coordinates":[-99.2106138,19.4937]},"properties":{"id":"MX-DIF-5730","nombre":"Hacienda Del Rosario","portfolio":"MTP","estado":"DIF","municipio":"Azcapotzalco"}},{"type":"Feature","geometry":{"type":"Point","coordinates":[-99.200921,19.3961906]},"properties":{"id":"MX-DIF-5732","nombre":"Central De Autobuses Poniente","portfolio":"MTP","estado":"DIF","municipio":"TBD"}},{"type":"Feature","geometry":{"type":"Point","coordinates":[-99.1455111,19.3366611]},"properties":{"id":"MX-DIF-5736","nombre":"Tulpan","portfolio":"MTP","estado":"DIF","municipio":"CDMX"}},{"type":"Feature","geometry":{"type":"Point","coordinates":[-99.06825373,19.36251381]},"properties":{"id":"MX-DIF-5738","nombre":"Calle 12","portfolio":"MTP","estado":"DIF","municipio":"CDMX"}},{"type":"Feature","geometry":{"type":"Point","coordinates":[-99.283775,19.376497]},"properties":{"id":"MX-DIF-5739","nombre":"La Navidad","portfolio":"MTP","estado":"DIF","municipio":"TBD"}},{"type":"Feature","geometry":{"type":"Point","coordinates":[-99.15597,19.40205]},"properties":{"id":"MX-DIF-5740","nombre":"Delta","portfolio":"MTP","estado":"DIF","municipio":"CDMX"}},{"type":"Feature","geometry":{"type":"Point","coordinates":[-99.214859,19.480553]},"properties":{"id":"MX-DIF-5741","nombre":"Ampliacion Xalpa","portfolio":"MTP","estado":"DIF","municipio":"CDMX"}},{"type":"Feature","geometry":{"type":"Point","coordinates":[-99.17691412,19.39358321]},"properties":{"id":"MX-DIF-5742","nombre":"Chicago","portfolio":"MTP","estado":"DIF","municipio":"Ciudad de México"}},{"type":"Feature","geometry":{"type":"Point","coordinates":[-99.17778055,19.46341304]},"properties":{"id":"MX-DIF-5743","nombre":"Egipto","portfolio":"MTP","estado":"DIF","municipio":"Ciudad de México"}},{"type":"Feature","geometry":{"type":"Point","coordinates":[-99.215522,19.371093]},"properties":{"id":"MX-DIF-5744","nombre":"Olivar Del Conde","portfolio":"MTP","estado":"DIF","municipio":"Álvaro Obregón"}},{"type":"Feature","geometry":{"type":"Point","coordinates":[-99.118553,19.2775]},"properties":{"id":"MX-DIF-5745","nombre":"Canal De Atlipac","portfolio":"MTP","estado":"DIF","municipio":"CDMX"}},{"type":"Feature","geometry":{"type":"Point","coordinates":[-99.111111,19.486583]},"properties":{"id":"MX-DIF-5746","nombre":"Estanzuela","portfolio":"MTP","estado":"DIF","municipio":"Gustavo A. Madero"}},{"type":"Feature","geometry":{"type":"Point","coordinates":[-99.224844,19.292953]},"properties":{"id":"MX-DIF-5749","nombre":"Lomas De Padierna","portfolio":"MTP","estado":"DIF","municipio":"Distrito Federal"}},{"type":"Feature","geometry":{"type":"Point","coordinates":[-99.115997,19.363701]},"properties":{"id":"MX-DIF-5750","nombre":"Casa Verde","portfolio":"MTP","estado":"DIF","municipio":"Distrito Federal"}},{"type":"Feature","geometry":{"type":"Point","coordinates":[-99.09998793,19.46726818]},"properties":{"id":"MX-DIF-5753","nombre":"Talisman","portfolio":"MTP","estado":"DIF","municipio":"Gustavo A. Madero"}},{"type":"Feature","geometry":{"type":"Point","coordinates":[-99.121792,19.40177709]},"properties":{"id":"MX-DIF-5756","nombre":"Santa Anita","portfolio":"MTP","estado":"DIF","municipio":"Iztacalco"}},{"type":"Feature","geometry":{"type":"Point","coordinates":[-99.14068,19.4172]},"properties":{"id":"MX-DIF-5757","nombre":"Capacidad-149","portfolio":"MTP","estado":"DIF","municipio":"CDMX"}},{"type":"Feature","geometry":{"type":"Point","coordinates":[-99.143564,19.474608]},"properties":{"id":"MX-DIF-5758","nombre":"Capacidad-178","portfolio":"MTP","estado":"DIF","municipio":"CDMX"}},{"type":"Feature","geometry":{"type":"Point","coordinates":[-99.05696,19.43042]},"properties":{"id":"MX-DIF-5759","nombre":"Xaltocan","portfolio":"MTP","estado":"DIF","municipio":"CDMX"}},{"type":"Feature","geometry":{"type":"Point","coordinates":[-99.2394175,19.2706428]},"properties":{"id":"MX-DIF-5760","nombre":"Liquidambar","portfolio":"MTP","estado":"DIF","municipio":"CDMX"}},{"type":"Feature","geometry":{"type":"Point","coordinates":[-99.26867,19.30524]},"properties":{"id":"MX-DIF-5761","nombre":"Emperador","portfolio":"MTP","estado":"DIF","municipio":"CDMX"}},{"type":"Feature","geometry":{"type":"Point","coordinates":[-99.12105,19.44115]},"properties":{"id":"MX-DIF-5762","nombre":"Berriozabal","portfolio":"MTP","estado":"DIF","municipio":"CDMX"}},{"type":"Feature","geometry":{"type":"Point","coordinates":[-98.968385,19.327911]},"properties":{"id":"MX-DIF-5763","nombre":"La Caldera","portfolio":"MTP","estado":"DIF","municipio":"CDMX"}},{"type":"Feature","geometry":{"type":"Point","coordinates":[-99.102763,19.479888]},"properties":{"id":"MX-DIF-5830","nombre":"Pelicanos","portfolio":"MTP","estado":"DIF","municipio":"CDMX"}},{"type":"Feature","geometry":{"type":"Point","coordinates":[-99.17514444,19.49797778]},"properties":{"id":"MX-DIF-9009","nombre":"Arena Ciudad de México","portfolio":"CAPSA","estado":"DIF","municipio":"Azcapotzalco"}},{"type":"Feature","geometry":{"type":"Point","coordinates":[-99.277756,19.357581]},"properties":{"id":"MX-DIF-9012","nombre":"IBS Salvador Agraz","portfolio":"MTP","estado":"DIF","municipio":"Cuajimalpa de Morelos"}},{"type":"Feature","geometry":{"type":"Point","coordinates":[-103.602717,25.2660861]},"properties":{"id":"MX-DUR-0000","nombre":"Chocolate","portfolio":"MTP","estado":"DUR","municipio":"Lerdo"}},{"type":"Feature","geometry":{"type":"Point","coordinates":[-103.50547,25.5718889]},"properties":{"id":"MX-DUR-0001","nombre":"La Pila","portfolio":"MTP","estado":"DUR","municipio":"Gomez Palacio"}},{"type":"Feature","geometry":{"type":"Point","coordinates":[-103.49028,25.5891667]},"properties":{"id":"MX-DUR-0002","nombre":"Filadelfia","portfolio":"MTP","estado":"DUR","municipio":"Gomez Palacio"}},{"type":"Feature","geometry":{"type":"Point","coordinates":[-104.6827799,24.0205472]},"properties":{"id":"MX-DUR-0003","nombre":"Durango 1","portfolio":"MTP","estado":"DUR","municipio":"Durango"}},{"type":"Feature","geometry":{"type":"Point","coordinates":[-104.55627,24.081028]},"properties":{"id":"MX-DUR-0004","nombre":"San Carlos","portfolio":"MTP","estado":"DUR","municipio":"Durango"}},{"type":"Feature","geometry":{"type":"Point","coordinates":[-104.65753,24.0043333]},"properties":{"id":"MX-DUR-0005","nombre":"Camino Real","portfolio":"MTP","estado":"DUR","municipio":"Durango"}},{"type":"Feature","geometry":{"type":"Point","coordinates":[-104.3138,24.366596]},"properties":{"id":"MX-DUR-0006","nombre":"Guadalupe Victoria","portfolio":"MTP","estado":"DUR","municipio":"Panuco de Coronado"}},{"type":"Feature","geometry":{"type":"Point","coordinates":[-103.752778,25.13805]},"properties":{"id":"MX-DUR-0008","nombre":"San Lorenzo","portfolio":"MTP","estado":"DUR","municipio":"Cuencame"}},{"type":"Feature","geometry":{"type":"Point","coordinates":[-104.52639,24.1997167]},"properties":{"id":"MX-DUR-0010","nombre":"Ent. Abraham","portfolio":"MTP","estado":"DUR","municipio":"Durango"}},{"type":"Feature","geometry":{"type":"Point","coordinates":[-104.35092,24.016969]},"properties":{"id":"MX-DUR-0012","nombre":"Guadiana","portfolio":"MTP","estado":"DUR","municipio":"Durango"}},{"type":"Feature","geometry":{"type":"Point","coordinates":[-104.70822,24.45405]},"properties":{"id":"MX-DUR-0013","nombre":"Sta Lucia","portfolio":"MTP","estado":"DUR","municipio":"Canatlan"}},{"type":"Feature","geometry":{"type":"Point","coordinates":[-103.47246389,25.58555]},"properties":{"id":"MX-DUR-0015","nombre":"Panteón","portfolio":"CAPSA","estado":"DUR","municipio":"Gómez Palacio"}},{"type":"Feature","geometry":{"type":"Point","coordinates":[-105.07752,23.8841611]},"properties":{"id":"MX-DUR-0016","nombre":"Madronos","portfolio":"MTP","estado":"DUR","municipio":"Durango"}},{"type":"Feature","geometry":{"type":"Point","coordinates":[-103.84472,26.2341667]},"properties":{"id":"MX-DUR-0018","nombre":"Conejos","portfolio":"MTP","estado":"DUR","municipio":"nan"}},{"type":"Feature","geometry":{"type":"Point","coordinates":[-103.705,26.0872194]},"properties":{"id":"MX-DUR-0019","nombre":"Peronal","portfolio":"MTP","estado":"DUR","municipio":"nan"}},{"type":"Feature","geometry":{"type":"Point","coordinates":[-105.223842,25.912051]},"properties":{"id":"MX-DUR-0021","nombre":"Inde","portfolio":"MTP","estado":"DUR","municipio":"Durango"}},{"type":"Feature","geometry":{"type":"Point","coordinates":[-103.54778,24.7253194]},"properties":{"id":"MX-DUR-0022","nombre":"Cebadero","portfolio":"MTP","estado":"DUR","municipio":"Cuencame"}},{"type":"Feature","geometry":{"type":"Point","coordinates":[-104.640244,25.310719]},"properties":{"id":"MX-DUR-0023","nombre":"Barranco","portfolio":"MTP","estado":"DUR","municipio":"Durango"}},{"type":"Feature","geometry":{"type":"Point","coordinates":[-103.922722,24.6081389]},"properties":{"id":"MX-DUR-0024","nombre":"Col. J. Agustin Castro","portfolio":"MTP","estado":"DUR","municipio":"Durango"}},{"type":"Feature","geometry":{"type":"Point","coordinates":[-103.8089722,24.2858056]},"properties":{"id":"MX-DUR-0025","nombre":"Cuauhtémoc","portfolio":"MTP","estado":"DUR","municipio":"Durango"}},{"type":"Feature","geometry":{"type":"Point","coordinates":[-103.8890833,24.4375556]},"properties":{"id":"MX-DUR-0026","nombre":"Emiliano Zapata","portfolio":"MTP","estado":"DUR","municipio":"Durango"}},{"type":"Feature","geometry":{"type":"Point","coordinates":[-104.07718,24.31906]},"properties":{"id":"MX-DUR-0027","nombre":"José Guadalupe Rodríguez","portfolio":"MTP","estado":"DUR","municipio":"Durango"}},{"type":"Feature","geometry":{"type":"Point","coordinates":[-104.6301,22.95993]},"properties":{"id":"MX-DUR-0028","nombre":"La Guajolota","portfolio":"MTP","estado":"DUR","municipio":"Durango"}},{"type":"Feature","geometry":{"type":"Point","coordinates":[-104.1130556,25.2255278]},"properties":{"id":"MX-DUR-0029","nombre":"Nazas","portfolio":"MTP","estado":"DUR","municipio":"Durango"}},{"type":"Feature","geometry":{"type":"Point","coordinates":[-104.022222,24.7905]},"properties":{"id":"MX-DUR-0030","nombre":"Peñón Blanco","portfolio":"MTP","estado":"DUR","municipio":"Durango"}},{"type":"Feature","geometry":{"type":"Point","coordinates":[-103.395639,25.690333]},"properties":{"id":"MX-DUR-0031","nombre":"San Felipe","portfolio":"MTP","estado":"DUR","municipio":"Durango"}},{"type":"Feature","geometry":{"type":"Point","coordinates":[-104.2753611,25.4186667]},"properties":{"id":"MX-DUR-0032","nombre":"San Luis del Cordero","portfolio":"MTP","estado":"DUR","municipio":"Durango"}},{"type":"Feature","geometry":{"type":"Point","coordinates":[-105.992778,24.703056]},"properties":{"id":"MX-DUR-0033","nombre":"Santa María de Otaez","portfolio":"MTP","estado":"DUR","municipio":"Durango"}},{"type":"Feature","geometry":{"type":"Point","coordinates":[-103.928125,23.6205556]},"properties":{"id":"MX-DUR-0034","nombre":"Súchil","portfolio":"MTP","estado":"DUR","municipio":"Durango"}},{"type":"Feature","geometry":{"type":"Point","coordinates":[-105.926111,24.100833]},"properties":{"id":"MX-DUR-0035","nombre":"Tayoltita","portfolio":"MTP","estado":"DUR","municipio":"Durango"}},{"type":"Feature","geometry":{"type":"Point","coordinates":[-104.605475,24.057586]},"properties":{"id":"MX-DUR-5001","nombre":"Mercurio","portfolio":"MTP","estado":"DUR","municipio":"Durango"}},{"type":"Feature","geometry":{"type":"Point","coordinates":[-104.5563972,24.04295]},"properties":{"id":"MX-DUR-5003","nombre":"Contreras","portfolio":"MTP","estado":"DUR","municipio":"Durango"}},{"type":"Feature","geometry":{"type":"Point","coordinates":[-103.588946,25.497923]},"properties":{"id":"MX-DUR-5004","nombre":"Villa Juarez","portfolio":"MTP","estado":"DUR","municipio":"Ciudad Lerdo"}},{"type":"Feature","geometry":{"type":"Point","coordinates":[-104.71436,23.9722]},"properties":{"id":"MX-DUR-5005","nombre":"El Pueblito","portfolio":"MTP","estado":"DUR","municipio":"Durango"}},{"type":"Feature","geometry":{"type":"Point","coordinates":[-104.70785833,24.01624167]},"properties":{"id":"MX-DUR-5006","nombre":"Colinas Del Saltito","portfolio":"MTP","estado":"DUR","municipio":"Durango"}},{"type":"Feature","geometry":{"type":"Point","coordinates":[-104.66586111,23.97055556]},"properties":{"id":"MX-DUR-5008","nombre":"Deportivo","portfolio":"MTP","estado":"DUR","municipio":"Durango"}},{"type":"Feature","geometry":{"type":"Point","coordinates":[-100.182349,25.938771]},"properties":{"id":"MX-DUR-5013","nombre":"Real Del Sol","portfolio":"MTP","estado":"NLE","municipio":"Ciénega De Flores"}},{"type":"Feature","geometry":{"type":"Point","coordinates":[-103.486478,25.556114]},"properties":{"id":"MX-DUR-5019","nombre":"Colegio Americano","portfolio":"MTP","estado":"DUR","municipio":"Gómez Palacio"}},{"type":"Feature","geometry":{"type":"Point","coordinates":[-104.66995833,24.01146667]},"properties":{"id":"MX-DUR-5020","nombre":"Presidentes","portfolio":"CAPSA","estado":"DUR","municipio":"Durango"}},{"type":"Feature","geometry":{"type":"Point","coordinates":[-104.6219167,24.04816667]},"properties":{"id":"MX-DUR-5021","nombre":"Versalles","portfolio":"CAPSA","estado":"DUR","municipio":"Durango"}},{"type":"Feature","geometry":{"type":"Point","coordinates":[-104.66434444,24.03501667]},"properties":{"id":"MX-DUR-5022","nombre":"Castañeda","portfolio":"CAPSA","estado":"DUR","municipio":"Durango"}},{"type":"Feature","geometry":{"type":"Point","coordinates":[-104.65100556,24.03588333]},"properties":{"id":"MX-DUR-5023","nombre":"Perimetral","portfolio":"CAPSA","estado":"DUR","municipio":"Durango"}},{"type":"Feature","geometry":{"type":"Point","coordinates":[-103.484,25.59466667]},"properties":{"id":"MX-DUR-5024","nombre":"Hamburgo","portfolio":"CAPSA","estado":"DUR","municipio":"Gómez Palacio"}},{"type":"Feature","geometry":{"type":"Point","coordinates":[-104.68897222,24.03222222]},"properties":{"id":"MX-DUR-5025","nombre":"Gobernador","portfolio":"CAPSA","estado":"DUR","municipio":"Durango"}},{"type":"Feature","geometry":{"type":"Point","coordinates":[-103.49779444,25.57499167]},"properties":{"id":"MX-DUR-5027","nombre":"Gomez Centro","portfolio":"CAPSA","estado":"DUR","municipio":"Gómez Palacio"}},{"type":"Feature","geometry":{"type":"Point","coordinates":[-103.80145833,24.92755278]},"properties":{"id":"MX-DUR-5029","nombre":"Pasaje","portfolio":"MTP","estado":"DUR","municipio":"Cuencamé"}},{"type":"Feature","geometry":{"type":"Point","coordinates":[-103.44383333,25.68694444]},"properties":{"id":"MX-DUR-5030","nombre":"La Valenciana","portfolio":"MTP","estado":"DUR","municipio":"Gómez Palacio"}},{"type":"Feature","geometry":{"type":"Point","coordinates":[-103.32419444,25.78513889]},"properties":{"id":"MX-DUR-5032","nombre":"Venecia","portfolio":"MTP","estado":"DUR","municipio":"Gómez Palacio"}},{"type":"Feature","geometry":{"type":"Point","coordinates":[-104.6827861,24.02777778]},"properties":{"id":"MX-DUR-5034","nombre":"Canoas","portfolio":"CAPSA","estado":"DUR","municipio":"Durango"}},{"type":"Feature","geometry":{"type":"Point","coordinates":[-104.6379,24.0157]},"properties":{"id":"MX-DUR-5035","nombre":"Ebano","portfolio":"MTP","estado":"DUR","municipio":"Durango"}},{"type":"Feature","geometry":{"type":"Point","coordinates":[-104.673996,24.005338]},"properties":{"id":"MX-DUR-5036","nombre":"Centenario","portfolio":"MTP","estado":"DUR","municipio":"Durango"}},{"type":"Feature","geometry":{"type":"Point","coordinates":[-104.639994,24.048956]},"properties":{"id":"MX-DUR-5038","nombre":"Cadena","portfolio":"MTP","estado":"DUR","municipio":"Durango"}},{"type":"Feature","geometry":{"type":"Point","coordinates":[-104.629875,24.04466944]},"properties":{"id":"MX-DUR-5039","nombre":"Toledo","portfolio":"CAPSA","estado":"DUR","municipio":"Durango"}},{"type":"Feature","geometry":{"type":"Point","coordinates":[-104.697722,24.026611]},"properties":{"id":"MX-DUR-5040","nombre":"La Virgen","portfolio":"MTP","estado":"DUR","municipio":"Durango"}},{"type":"Feature","geometry":{"type":"Point","coordinates":[-104.655265,24.00882]},"properties":{"id":"MX-DUR-5041","nombre":"Universal","portfolio":"MTP","estado":"DUR","municipio":"Durango"}},{"type":"Feature","geometry":{"type":"Point","coordinates":[-103.537972,25.504]},"properties":{"id":"MX-DUR-5042","nombre":"Rio Nazas","portfolio":"MTP","estado":"DUR","municipio":"Ciudad Lerdo"}},{"type":"Feature","geometry":{"type":"Point","coordinates":[-103.408376,25.657852]},"properties":{"id":"MX-DUR-5043","nombre":"Laguna Norte","portfolio":"MTP","estado":"DUR","municipio":"Gómez Palacio"}},{"type":"Feature","geometry":{"type":"Point","coordinates":[-103.457229,25.630602]},"properties":{"id":"MX-DUR-5044","nombre":"Las Lagartijas","portfolio":"MTP","estado":"DUR","municipio":"Gómez Palacio"}},{"type":"Feature","geometry":{"type":"Point","coordinates":[-103.353433,25.761194]},"properties":{"id":"MX-DUR-5045","nombre":"Cartagena II","portfolio":"MTP","estado":"DUR","municipio":"Gómez Palacio"}},{"type":"Feature","geometry":{"type":"Point","coordinates":[-103.5672,25.751]},"properties":{"id":"MX-DUR-5046","nombre":"Gomez Palacio","portfolio":"MTP","estado":"DUR","municipio":"Gómez Palacio"}},{"type":"Feature","geometry":{"type":"Point","coordinates":[-103.48625,25.609472]},"properties":{"id":"MX-DUR-5047","nombre":"Jerusalem","portfolio":"MTP","estado":"DUR","municipio":"Gómez Palacio"}},{"type":"Feature","geometry":{"type":"Point","coordinates":[-103.5117,25.570076]},"properties":{"id":"MX-DUR-5048","nombre":"Pavorreales","portfolio":"MTP","estado":"DUR","municipio":"Gómez Palacio"}},{"type":"Feature","geometry":{"type":"Point","coordinates":[-103.539399,25.675543]},"properties":{"id":"MX-DUR-5049","nombre":"Jimenez Torreon","portfolio":"MTP","estado":"DUR","municipio":"Gómez Palacio"}},{"type":"Feature","geometry":{"type":"Point","coordinates":[-104.6710167,23.988658]},"properties":{"id":"MX-DUR-5050","nombre":"Juan Lira","portfolio":"MTP","estado":"DUR","municipio":"Durango"}},{"type":"Feature","geometry":{"type":"Point","coordinates":[-103.462982,25.58856]},"properties":{"id":"MX-DUR-5051","nombre":"Garza","portfolio":"MTP","estado":"DUR","municipio":"Gómez Palacio"}},{"type":"Feature","geometry":{"type":"Point","coordinates":[-103.574197,25.812058]},"properties":{"id":"MX-DUR-5052","nombre":"Seis De Octubre","portfolio":"MTP","estado":"DUR","municipio":"Gómez Palacio"}},{"type":"Feature","geometry":{"type":"Point","coordinates":[-103.49355278,25.606175]},"properties":{"id":"MX-DUR-5053","nombre":"Miravalle","portfolio":"MTP","estado":"DUR","municipio":"Gómez Palacio"}},{"type":"Feature","geometry":{"type":"Point","coordinates":[-103.41963611,25.40018889]},"properties":{"id":"MX-DUR-5054","nombre":"Tierra Santa","portfolio":"MTP","estado":"DUR","municipio":"Ciudad Lerdo"}},{"type":"Feature","geometry":{"type":"Point","coordinates":[-103.55481667,25.71836944]},"properties":{"id":"MX-DUR-5055","nombre":"Noe","portfolio":"MTP","estado":"DUR","municipio":"Gómez Palacio"}},{"type":"Feature","geometry":{"type":"Point","coordinates":[-103.50581667,25.55749444]},"properties":{"id":"MX-DUR-5057","nombre":"Cedros","portfolio":"CAPSA","estado":"DUR","municipio":"Gómez Palacio"}},{"type":"Feature","geometry":{"type":"Point","coordinates":[-103.707962,25.187714]},"properties":{"id":"MX-DUR-5073","nombre":"Km 187","portfolio":"MTP","estado":"DUR","municipio":"Torreón"}},{"type":"Feature","geometry":{"type":"Point","coordinates":[-104.6487222,24.04166944]},"properties":{"id":"MX-DUR-5081","nombre":"Alianza","portfolio":"MTP","estado":"DUR","municipio":"Durango"}},{"type":"Feature","geometry":{"type":"Point","coordinates":[-99.5988,18.596944]},"properties":{"id":"MX-GRO-0004","nombre":"Huisteco","portfolio":"MTP","estado":"GRO","municipio":"Taxco de Alarcón"}},{"type":"Feature","geometry":{"type":"Point","coordinates":[-99.819076,16.820625]},"properties":{"id":"MX-GRO-0005","nombre":"Tunel Acapulco","portfolio":"MTP","estado":"GRO","municipio":"Acapulco"}},{"type":"Feature","geometry":{"type":"Point","coordinates":[-99.89048,16.85911]},"properties":{"id":"MX-GRO-0007","nombre":"MSC Parque Papagayo","portfolio":"MTP","estado":"GRO","municipio":"Acapulco"}},{"type":"Feature","geometry":{"type":"Point","coordinates":[-99.820221,16.895079]},"properties":{"id":"MX-GRO-0010","nombre":"Col. Renacimiento","portfolio":"MTP","estado":"GRO","municipio":"Acapulco"}},{"type":"Feature","geometry":{"type":"Point","coordinates":[-99.5539,18.35657]},"properties":{"id":"MX-GRO-0013","nombre":"Villa De Guadalupe","portfolio":"MTP","estado":"GRO","municipio":"Iguala"}},{"type":"Feature","geometry":{"type":"Point","coordinates":[-99.547897,18.340538]},"properties":{"id":"MX-GRO-0015","nombre":"Niños Heroes","portfolio":"MTP","estado":"GRO","municipio":"Iguala"}},{"type":"Feature","geometry":{"type":"Point","coordinates":[-101.103986,18.484185]},"properties":{"id":"MX-GRO-0016","nombre":"La Parota","portfolio":"MTP","estado":"GRO","municipio":"Zirandaro"}},{"type":"Feature","geometry":{"type":"Point","coordinates":[-101.26134,18.30933]},"properties":{"id":"MX-GRO-0019","nombre":"Guayameo","portfolio":"MTP","estado":"GRO","municipio":"Zirandaro"}},{"type":"Feature","geometry":{"type":"Point","coordinates":[-99.407997,18.457697]},"properties":{"id":"MX-GRO-0021","nombre":"Buenavista De Cuellar","portfolio":"MTP","estado":"GRO","municipio":"Buenavista de Cuellar"}},{"type":"Feature","geometry":{"type":"Point","coordinates":[-99.537636,18.352234]},"properties":{"id":"MX-GRO-0022","nombre":"Iguala Centro","portfolio":"MTP","estado":"GRO","municipio":"Iguala"}},{"type":"Feature","geometry":{"type":"Point","coordinates":[-98.585138,17.539447]},"properties":{"id":"MX-GRO-0024","nombre":"Tlapa De Comonfort","portfolio":"MTP","estado":"GRO","municipio":"Tlapa de Comonfort"}},{"type":"Feature","geometry":{"type":"Point","coordinates":[-99.19823,18.142025]},"properties":{"id":"MX-GRO-0025","nombre":"Coacan","portfolio":"MTP","estado":"GRO","municipio":"Atenango Del Río"}},{"type":"Feature","geometry":{"type":"Point","coordinates":[-99.538116,18.345634]},"properties":{"id":"MX-GRO-0026","nombre":"Zocalo","portfolio":"MTP","estado":"GRO","municipio":"Iguala"}},{"type":"Feature","geometry":{"type":"Point","coordinates":[-101.543626,17.632965]},"properties":{"id":"MX-GRO-0028","nombre":"El Faro","portfolio":"MTP","estado":"GRO","municipio":"Guerrero"}},{"type":"Feature","geometry":{"type":"Point","coordinates":[-99.658667,18.496861]},"properties":{"id":"MX-GRO-0029","nombre":"Alarcon","portfolio":"MTP","estado":"GRO","municipio":"Taxco de Alarcon"}},{"type":"Feature","geometry":{"type":"Point","coordinates":[-100.008583,18.466639]},"properties":{"id":"MX-GRO-0030","nombre":"Canuto","portfolio":"MTP","estado":"GRO","municipio":"General Canuto A Neri"}},{"type":"Feature","geometry":{"type":"Point","coordinates":[-100.158667,18.40025]},"properties":{"id":"MX-GRO-0031","nombre":"Cascalote","portfolio":"MTP","estado":"GRO","municipio":"Cascalote"}},{"type":"Feature","geometry":{"type":"Point","coordinates":[-101.57415,17.655353]},"properties":{"id":"MX-GRO-0032","nombre":"Carretera Zihuateneho-Ixtapa","portfolio":"MTP","estado":"GRO","municipio":"Guerrero"}},{"type":"Feature","geometry":{"type":"Point","coordinates":[-99.810356,16.820999]},"properties":{"id":"MX-GRO-0035","nombre":"Llano Grande","portfolio":"MTP","estado":"GRO","municipio":"Guerrero"}},{"type":"Feature","geometry":{"type":"Point","coordinates":[-99.372421,17.924997]},"properties":{"id":"MX-GRO-0036","nombre":"Mina Puente Mezcala","portfolio":"MTP","estado":"GRO","municipio":"Guerrero"}},{"type":"Feature","geometry":{"type":"Point","coordinates":[-99.195587,18.326809]},"properties":{"id":"MX-GRO-0037","nombre":"Quetzalapa","portfolio":"MTP","estado":"GRO","municipio":"Guerrero"}},{"type":"Feature","geometry":{"type":"Point","coordinates":[-99.817415,16.875279]},"properties":{"id":"MX-GRO-0038","nombre":"Carretera a Pinotepa Nacional","portfolio":"MTP","estado":"GRO","municipio":"Guerrero"}},{"type":"Feature","geometry":{"type":"Point","coordinates":[-100.086218,17.0104418]},"properties":{"id":"MX-GRO-0039","nombre":"Coyuca De Benitez","portfolio":"MTP","estado":"GRO","municipio":"Guerrero"}},{"type":"Feature","geometry":{"type":"Point","coordinates":[-99.6337126,18.0728278]},"properties":{"id":"MX-GRO-0040","nombre":"Coacoyula De Alvarez","portfolio":"MTP","estado":"GRO","municipio":"Iguala"}},{"type":"Feature","geometry":{"type":"Point","coordinates":[-99.605003,18.559776]},"properties":{"id":"MX-GRO-0042","nombre":"Sierra Alta","portfolio":"MTP","estado":"GRO","municipio":"Taxco"}},{"type":"Feature","geometry":{"type":"Point","coordinates":[-99.81,17.575]},"properties":{"id":"MX-GRO-0043","nombre":"El Balzamar","portfolio":"MTP","estado":"GRO","municipio":"Guerrero"}},{"type":"Feature","geometry":{"type":"Point","coordinates":[-98.6375,17.698333]},"properties":{"id":"MX-GRO-0044","nombre":"Coatlaco","portfolio":"MTP","estado":"GRO","municipio":"Guerrero"}},{"type":"Feature","geometry":{"type":"Point","coordinates":[-98.5512947,17.197125]},"properties":{"id":"MX-GRO-0045","nombre":"Zitlaltepec","portfolio":"MTP","estado":"GRO","municipio":"Guerrero"}},{"type":"Feature","geometry":{"type":"Point","coordinates":[-98.7112164,17.3480655]},"properties":{"id":"MX-GRO-0046","nombre":"San Vicente Amole","portfolio":"MTP","estado":"GRO","municipio":"Guerrero"}},{"type":"Feature","geometry":{"type":"Point","coordinates":[-101.322413,17.925396]},"properties":{"id":"MX-GRO-0047","nombre":"Vallecitos","portfolio":"MTP","estado":"GRO","municipio":"Guerrero"}},{"type":"Feature","geometry":{"type":"Point","coordinates":[-99.83371,17.620786]},"properties":{"id":"MX-GRO-0048","nombre":"Corral De Bravo","portfolio":"MTP","estado":"GRO","municipio":"Guerrero"}},{"type":"Feature","geometry":{"type":"Point","coordinates":[-100.2594,17.25798]},"properties":{"id":"MX-GRO-0049","nombre":"San Francisco Del Tibor","portfolio":"MTP","estado":"GRO","municipio":"Guerrero"}},{"type":"Feature","geometry":{"type":"Point","coordinates":[-100.396476,17.313091]},"properties":{"id":"MX-GRO-0050","nombre":"San Juan De Las Flores","portfolio":"MTP","estado":"GRO","municipio":"Guerrero"}},{"type":"Feature","geometry":{"type":"Point","coordinates":[-99.228061,17.304549]},"properties":{"id":"MX-GRO-0053","nombre":"Tolixtlahuaca","portfolio":"MTP","estado":"GRO","municipio":"Pinolapa"}},{"type":"Feature","geometry":{"type":"Point","coordinates":[-98.797753,17.158127]},"properties":{"id":"MX-GRO-0054","nombre":"Totomixtlahuaca","portfolio":"MTP","estado":"GRO","municipio":"Totomixtlahuaca"}},{"type":"Feature","geometry":{"type":"Point","coordinates":[-98.8958,17.28256]},"properties":{"id":"MX-GRO-0055","nombre":"Piedra-Mesa","portfolio":"MTP","estado":"GRO","municipio":"Piedra Mesa"}},{"type":"Feature","geometry":{"type":"Point","coordinates":[-98.96941,17.169845]},"properties":{"id":"MX-GRO-0056","nombre":"Xochitepec","portfolio":"MTP","estado":"GRO","municipio":"Xochitepec"}},{"type":"Feature","geometry":{"type":"Point","coordinates":[-98.969777,17.292896]},"properties":{"id":"MX-GRO-0057","nombre":"Caxitepec","portfolio":"MTP","estado":"GRO","municipio":"Caxitepec"}},{"type":"Feature","geometry":{"type":"Point","coordinates":[-98.693186,17.165809]},"properties":{"id":"MX-GRO-0058","nombre":"Paraje-Montero","portfolio":"MTP","estado":"GRO","municipio":"Paraje Montero"}},{"type":"Feature","geometry":{"type":"Point","coordinates":[-98.798439,17.107764]},"properties":{"id":"MX-GRO-0059","nombre":"Meson-De-Ixtlahuaca","portfolio":"MTP","estado":"GRO","municipio":"Mesón de Ixtláhuac"}},{"type":"Feature","geometry":{"type":"Point","coordinates":[-98.75179,17.05446]},"properties":{"id":"MX-GRO-0060","nombre":"Tilapa","portfolio":"MTP","estado":"GRO","municipio":"Tilapa"}},{"type":"Feature","geometry":{"type":"Point","coordinates":[-99.136938,17.344681]},"properties":{"id":"MX-GRO-0061","nombre":"Jocutla","portfolio":"MTP","estado":"GRO","municipio":"Guerrero"}},{"type":"Feature","geometry":{"type":"Point","coordinates":[-99.485648,18.579772]},"properties":{"id":"MX-GRO-0062","nombre":"Texcaltitla","portfolio":"MTP","estado":"GRO","municipio":"Guerrero"}},{"type":"Feature","geometry":{"type":"Point","coordinates":[-98.920187,17.010975]},"properties":{"id":"MX-GRO-0063","nombre":"Tres-Cruces","portfolio":"MTP","estado":"GRO","municipio":"Tres Cruces"}},{"type":"Feature","geometry":{"type":"Point","coordinates":[-98.883524,17.249934]},"properties":{"id":"MX-GRO-0064","nombre":"Barranca-Pobre","portfolio":"MTP","estado":"GRO","municipio":"Guerrero"}},{"type":"Feature","geometry":{"type":"Point","coordinates":[-98.8867,17.3879]},"properties":{"id":"MX-GRO-0066","nombre":"La Tuza","portfolio":"MTP","estado":"GRO","municipio":"Guerrero"}},{"type":"Feature","geometry":{"type":"Point","coordinates":[-98.1718,16.8933]},"properties":{"id":"MX-GRO-0072","nombre":"Mano De Leon","portfolio":"MTP","estado":"GRO","municipio":"Guerrero"}},{"type":"Feature","geometry":{"type":"Point","coordinates":[-99.1173,17.1059]},"properties":{"id":"MX-GRO-0073","nombre":"Escalerilla","portfolio":"MTP","estado":"GRO","municipio":"Guerrero"}},{"type":"Feature","geometry":{"type":"Point","coordinates":[-99.22032,16.92648]},"properties":{"id":"MX-GRO-0077","nombre":"El Carrizo","portfolio":"MTP","estado":"GRO","municipio":"Guerrero"}},{"type":"Feature","geometry":{"type":"Point","coordinates":[-99.02091,17.02052]},"properties":{"id":"MX-GRO-0078","nombre":"El Timbre","portfolio":"MTP","estado":"GRO","municipio":"Guerrero"}},{"type":"Feature","geometry":{"type":"Point","coordinates":[-99.796926,16.832562]},"properties":{"id":"MX-GRO-0079","nombre":"Bailon","portfolio":"MTP","estado":"GRO","municipio":"Acapulco"}},{"type":"Feature","geometry":{"type":"Point","coordinates":[-99.090003,16.967732]},"properties":{"id":"MX-GRO-5003","nombre":"Ayutla De Los Libres","portfolio":"MTP","estado":"GRO","municipio":"Ayutla De Los Libres"}},{"type":"Feature","geometry":{"type":"Point","coordinates":[-100.625878,17.219455]},"properties":{"id":"MX-GRO-5005","nombre":"Tecpan De Galeana","portfolio":"MTP","estado":"GRO","municipio":"Tecpan De Galeana"}},{"type":"Feature","geometry":{"type":"Point","coordinates":[-99.69455,16.71987]},"properties":{"id":"MX-GRO-5006","nombre":"Barra Vieja","portfolio":"MTP","estado":"GRO","municipio":"Acapulco"}},{"type":"Feature","geometry":{"type":"Point","coordinates":[-99.900833,16.879222]},"properties":{"id":"MX-GRO-5007","nombre":"Victoria","portfolio":"MTP","estado":"GRO","municipio":"Acapulco"}},{"type":"Feature","geometry":{"type":"Point","coordinates":[-99.73736,18.31182]},"properties":{"id":"MX-GRO-5008","nombre":"Telmex Costales","portfolio":"MTP","estado":"GRO","municipio":"Cocula"}},{"type":"Feature","geometry":{"type":"Point","coordinates":[-100.67358889,18.36180556]},"properties":{"id":"MX-GRO-5009","nombre":"Cuidad Altamirano","portfolio":"MTP","estado":"GRO","municipio":"Ciudad Altamirano"}},{"type":"Feature","geometry":{"type":"Point","coordinates":[-98.93752222,17.563502]},"properties":{"id":"MX-GRO-5011","nombre":"Atlixtac","portfolio":"MTP","estado":"GRO","municipio":"Atlixtac"}},{"type":"Feature","geometry":{"type":"Point","coordinates":[-99.76585278,16.75015]},"properties":{"id":"MX-GRO-5015","nombre":"El Sol","portfolio":"CAPSA","estado":"GRO","municipio":"Acapulco"}},{"type":"Feature","geometry":{"type":"Point","coordinates":[-99.86813611,16.81100556]},"properties":{"id":"MX-GRO-5016","nombre":"Punta Bruja","portfolio":"CAPSA","estado":"GRO","municipio":"Las Brisas"}},{"type":"Feature","geometry":{"type":"Point","coordinates":[-99.78778889,16.84852778]},"properties":{"id":"MX-GRO-5019","nombre":"GEO Los Tulipanes","portfolio":"MTP","estado":"GRO","municipio":"Acapulco"}},{"type":"Feature","geometry":{"type":"Point","coordinates":[-99.84839167,16.84786111]},"properties":{"id":"MX-GRO-5024","nombre":"Pabellón Costera IIR","portfolio":"CAPSA","estado":"GRO","municipio":"Acapulco"}},{"type":"Feature","geometry":{"type":"Point","coordinates":[-101.27213889,17.53375]},"properties":{"id":"MX-GRO-5025","nombre":"Petatlan","portfolio":"MTP","estado":"GRO","municipio":"Petatlán"}},{"type":"Feature","geometry":{"type":"Point","coordinates":[-98.409411,16.471147]},"properties":{"id":"MX-GRO-5028","nombre":"Cuajinicuilapa","portfolio":"MTP","estado":"GRO","municipio":"Cuajinicuilapa"}},{"type":"Feature","geometry":{"type":"Point","coordinates":[-101.59645,17.67134183]},"properties":{"id":"MX-GRO-5074","nombre":"Morrocoy Fijo","portfolio":"CAPSA","estado":"GRO","municipio":"Zihuatanejo"}},{"type":"Feature","geometry":{"type":"Point","coordinates":[-99.84938,16.81317]},"properties":{"id":"MX-GRO-5075","nombre":"Del Marques","portfolio":"CAPSA","estado":"GRO","municipio":"Acapulco"}},{"type":"Feature","geometry":{"type":"Point","coordinates":[-101.2602722,17.541525]},"properties":{"id":"MX-GRO-5082","nombre":"El Obrero","portfolio":"CAPSA","estado":"GRO","municipio":"Petatlán"}},{"type":"Feature","geometry":{"type":"Point","coordinates":[-101.2781833,17.55017222]},"properties":{"id":"MX-GRO-5083","nombre":"Bocanegra","portfolio":"CAPSA","estado":"GRO","municipio":"Petatlán"}},{"type":"Feature","geometry":{"type":"Point","coordinates":[-100.4345306,17.20554167]},"properties":{"id":"MX-GRO-5084","nombre":"Sasaniles","portfolio":"CAPSA","estado":"GRO","municipio":"Atoyac de Alvarez"}},{"type":"Feature","geometry":{"type":"Point","coordinates":[-99.840799,16.83761]},"properties":{"id":"MX-GRO-5085","nombre":"Vista Arrecife","portfolio":"MTP","estado":"GRO","municipio":"Acapulco"}},{"type":"Feature","geometry":{"type":"Point","coordinates":[-99.880033,16.863855]},"properties":{"id":"MX-GRO-5088","nombre":"Gran Plaza","portfolio":"MTP","estado":"GRO","municipio":"Acapulco de Juárez"}},{"type":"Feature","geometry":{"type":"Point","coordinates":[-101.601281,17.6634444]},"properties":{"id":"MX-GRO-5089","nombre":"Ixtapan Centro","portfolio":"MTP","estado":"GRO","municipio":"Ixtapa Zihuatanejo"}},{"type":"Feature","geometry":{"type":"Point","coordinates":[-99.8648389,16.8668194]},"properties":{"id":"MX-GRO-5091","nombre":"Fracc. Las Cumbre","portfolio":"MTP","estado":"GRO","municipio":"Acapulco de Juárez"}},{"type":"Feature","geometry":{"type":"Point","coordinates":[-99.864157,16.861865]},"properties":{"id":"MX-GRO-5095","nombre":"El Campanario","portfolio":"MTP","estado":"GRO","municipio":"Acapulco de Juárez"}},{"type":"Feature","geometry":{"type":"Point","coordinates":[-101.65668,21.13763]},"properties":{"id":"MX-GUA-0006","nombre":"Jardines de Providencia","portfolio":"MTP","estado":"GUA","municipio":"León"}},{"type":"Feature","geometry":{"type":"Point","coordinates":[-101.577028,20.955694]},"properties":{"id":"MX-GUA-0007","nombre":"Pedro de Alvarado","portfolio":"MTP","estado":"GUA","municipio":"Santa Ana del Conde"}},{"type":"Feature","geometry":{"type":"Point","coordinates":[-101.545828,21.070519]},"properties":{"id":"MX-GUA-0008","nombre":"Loza de los Padres","portfolio":"MTP","estado":"GUA","municipio":"León"}},{"type":"Feature","geometry":{"type":"Point","coordinates":[-101.7274111,21.1128083]},"properties":{"id":"MX-GUA-0017","nombre":"Hilamas","portfolio":"MTP","estado":"GUA","municipio":"León"}},{"type":"Feature","geometry":{"type":"Point","coordinates":[-101.6232,21.092]},"properties":{"id":"MX-GUA-0019","nombre":"MSC","portfolio":"MTP","estado":"GUA","municipio":"León"}},{"type":"Feature","geometry":{"type":"Point","coordinates":[-101.5913861,21.1085528]},"properties":{"id":"MX-GUA-0021","nombre":"Villas De San Juan","portfolio":"MTP","estado":"GUA","municipio":"León"}},{"type":"Feature","geometry":{"type":"Point","coordinates":[-101.57694444,21.09638889]},"properties":{"id":"MX-GUA-0023","nombre":"Los Otates","portfolio":"MTP","estado":"GUA","municipio":"León"}},{"type":"Feature","geometry":{"type":"Point","coordinates":[-101.67694444,21.20669444]},"properties":{"id":"MX-GUA-0025","nombre":"El Cuarenteño","portfolio":"MTP","estado":"GUA","municipio":"León"}},{"type":"Feature","geometry":{"type":"Point","coordinates":[-101.866972,21.014528]},"properties":{"id":"MX-GUA-0028","nombre":"Juan Pablo II","portfolio":"MTP","estado":"GUA","municipio":"San Francisco Del Rincón"}},{"type":"Feature","geometry":{"type":"Point","coordinates":[-101.92067,20.9260556]},"properties":{"id":"MX-GUA-0029","nombre":"Cañada De Negros","portfolio":"MTP","estado":"GUA","municipio":"Purisima del Rincon"}},{"type":"Feature","geometry":{"type":"Point","coordinates":[-100.74608333,20.93233333]},"properties":{"id":"MX-GUA-0030","nombre":"Ventanas","portfolio":"MTP","estado":"GUA","municipio":"San Miguel de Allende"}},{"type":"Feature","geometry":{"type":"Point","coordinates":[-100.762225,20.92976944]},"properties":{"id":"MX-GUA-0031","nombre":"El Tirado","portfolio":"MTP","estado":"GUA","municipio":"San Miguel de Allende"}},{"type":"Feature","geometry":{"type":"Point","coordinates":[-101.86958,20.9696667]},"properties":{"id":"MX-GUA-0032","nombre":"Presa De Silva","portfolio":"MTP","estado":"GUA","municipio":"Purisima del Rincon"}},{"type":"Feature","geometry":{"type":"Point","coordinates":[-101.55416,21.1136111]},"properties":{"id":"MX-GUA-0033","nombre":"San Juan De Otates","portfolio":"MTP","estado":"GUA","municipio":"León"}},{"type":"Feature","geometry":{"type":"Point","coordinates":[-101.54805,21.0716607]},"properties":{"id":"MX-GUA-0034","nombre":"Loza De Los Padres","portfolio":"MTP","estado":"GUA","municipio":"León"}},{"type":"Feature","geometry":{"type":"Point","coordinates":[-101.707728,21.102831]},"properties":{"id":"MX-GUA-0035","nombre":"Deportiva San Miguel","portfolio":"MTP","estado":"GUA","municipio":"León"}},{"type":"Feature","geometry":{"type":"Point","coordinates":[-101.65805,21.1483333]},"properties":{"id":"MX-GUA-0036","nombre":"Deportiva Coecillo","portfolio":"MTP","estado":"GUA","municipio":"León"}},{"type":"Feature","geometry":{"type":"Point","coordinates":[-101.691528,21.134111]},"properties":{"id":"MX-GUA-0037","nombre":"Parque Hidalgo","portfolio":"MTP","estado":"GUA","municipio":"León"}},{"type":"Feature","geometry":{"type":"Point","coordinates":[-101.65813,21.1630833]},"properties":{"id":"MX-GUA-0038","nombre":"Metales","portfolio":"MTP","estado":"GUA","municipio":"León"}},{"type":"Feature","geometry":{"type":"Point","coordinates":[-101.36027778,20.69555556]},"properties":{"id":"MX-GUA-0041","nombre":"Plazas","portfolio":"MTP","estado":"GUA","municipio":"Irapuato"}},{"type":"Feature","geometry":{"type":"Point","coordinates":[-101.3234,20.67827778]},"properties":{"id":"MX-GUA-0042","nombre":"Lazaro Cardenas","portfolio":"MTP","estado":"GUA","municipio":"Irapuato"}},{"type":"Feature","geometry":{"type":"Point","coordinates":[-101.725097,20.421796]},"properties":{"id":"MX-GUA-0043","nombre":"Penjamo","portfolio":"MTP","estado":"GUA","municipio":"Penjamo"}},{"type":"Feature","geometry":{"type":"Point","coordinates":[-101.54386,20.6049833]},"properties":{"id":"MX-GUA-0044","nombre":"Las Masas","portfolio":"MTP","estado":"GUA","municipio":"Abasolo"}},{"type":"Feature","geometry":{"type":"Point","coordinates":[-101.45077,20.9754167]},"properties":{"id":"MX-GUA-0045","nombre":"Medranos","portfolio":"MTP","estado":"GUA","municipio":"Silao"}},{"type":"Feature","geometry":{"type":"Point","coordinates":[-101.20735,20.120833]},"properties":{"id":"MX-GUA-0047","nombre":"Pozo Blanco","portfolio":"MTP","estado":"GUA","municipio":"Moroleon"}},{"type":"Feature","geometry":{"type":"Point","coordinates":[-100.69044,20.0219916]},"properties":{"id":"MX-GUA-0048","nombre":"Las Camelinas","portfolio":"MTP","estado":"GUA","municipio":"Acambaro"}},{"type":"Feature","geometry":{"type":"Point","coordinates":[-100.8085,20.51336111]},"properties":{"id":"MX-GUA-0049","nombre":"Central Autobuses","portfolio":"MTP","estado":"GUA","municipio":"Celaya"}},{"type":"Feature","geometry":{"type":"Point","coordinates":[-100.82330556,20.51283333]},"properties":{"id":"MX-GUA-0050","nombre":"Mutualismo","portfolio":"MTP","estado":"GUA","municipio":"Celaya"}},{"type":"Feature","geometry":{"type":"Point","coordinates":[-100.74722222,20.57172222]},"properties":{"id":"MX-GUA-0053","nombre":"Octopan","portfolio":"MTP","estado":"GUA","municipio":"Celaya"}},{"type":"Feature","geometry":{"type":"Point","coordinates":[-101.48247,21.6464417]},"properties":{"id":"MX-GUA-0055","nombre":"Tierra Y Libertad","portfolio":"MTP","estado":"GUA","municipio":"Ocampo"}},{"type":"Feature","geometry":{"type":"Point","coordinates":[-100.86336111,20.52055556]},"properties":{"id":"MX-GUA-0057","nombre":"Whirpool","portfolio":"MTP","estado":"GUA","municipio":"Celaya"}},{"type":"Feature","geometry":{"type":"Point","coordinates":[-100.6168611,20.45936111]},"properties":{"id":"MX-GUA-0060","nombre":"Apaseo El Alto","portfolio":"MTP","estado":"GUA","municipio":"Apaseo el Alto"}},{"type":"Feature","geometry":{"type":"Point","coordinates":[-101.60183,21.1099388]},"properties":{"id":"MX-GUA-0061","nombre":"Brisas Del Carmen","portfolio":"MTP","estado":"GUA","municipio":"León"}},{"type":"Feature","geometry":{"type":"Point","coordinates":[-100.8345,20.54080556]},"properties":{"id":"MX-GUA-0062","nombre":"San Juanico","portfolio":"MTP","estado":"GUA","municipio":"Celaya"}},{"type":"Feature","geometry":{"type":"Point","coordinates":[-101.677957,21.12643]},"properties":{"id":"MX-GUA-0063","nombre":"León","portfolio":"MTP","estado":"GUA","municipio":"León"}},{"type":"Feature","geometry":{"type":"Point","coordinates":[-100.484358,20.565144]},"properties":{"id":"MX-GUA-0064","nombre":"Gamma","portfolio":"MTP","estado":"GUA","municipio":"Apaseo el Grande"}},{"type":"Feature","geometry":{"type":"Point","coordinates":[-100.56502,20.5561666]},"properties":{"id":"MX-GUA-0065","nombre":"Calera","portfolio":"MTP","estado":"GUA","municipio":"Guanajuato"}},{"type":"Feature","geometry":{"type":"Point","coordinates":[-101.67795701,21.12643001]},"properties":{"id":"MX-GUA-0066","nombre":"EDC 3","portfolio":"MTP","estado":"GUA","municipio":"León"}},{"type":"Feature","geometry":{"type":"Point","coordinates":[-101.7435,20.3885833]},"properties":{"id":"MX-GUA-0067","nombre":"La Loma","portfolio":"MTP","estado":"GUA","municipio":"Guanajuato"}},{"type":"Feature","geometry":{"type":"Point","coordinates":[-101.1834,20.59380556]},"properties":{"id":"MX-GUA-0068","nombre":"Reynas","portfolio":"MTP","estado":"GUA","municipio":"Guanajuato"}},{"type":"Feature","geometry":{"type":"Point","coordinates":[-100.5158299,21.0788889]},"properties":{"id":"MX-GUA-0070","nombre":"El Mezote","portfolio":"MTP","estado":"GUA","municipio":"Guanajuato"}},{"type":"Feature","geometry":{"type":"Point","coordinates":[-101.8749,21.0282]},"properties":{"id":"MX-GUA-0073","nombre":"Purisima De Bustos","portfolio":"MTP","estado":"GUA","municipio":"Guanajuato"}},{"type":"Feature","geometry":{"type":"Point","coordinates":[-100.73576944,20.909475]},"properties":{"id":"MX-GUA-0074","nombre":"Capulin","portfolio":"MTP","estado":"GUA","municipio":"San Miguel de Allende"}},{"type":"Feature","geometry":{"type":"Point","coordinates":[-101.487764,20.987208]},"properties":{"id":"MX-GUA-0076","nombre":"Aeropuerto","portfolio":"MTP","estado":"GUA","municipio":"Silao"}},{"type":"Feature","geometry":{"type":"Point","coordinates":[-100.8141389,20.50602778]},"properties":{"id":"MX-GUA-0077","nombre":"Tierra Blanca","portfolio":"MTP","estado":"GUA","municipio":"Celaya"}},{"type":"Feature","geometry":{"type":"Point","coordinates":[-101.655,21.0978]},"properties":{"id":"MX-GUA-0080","nombre":"Oceano Atlantico","portfolio":"MTP","estado":"GUA","municipio":"TBD"}},{"type":"Feature","geometry":{"type":"Point","coordinates":[-100.77625278,20.53341389]},"properties":{"id":"MX-GUA-0081","nombre":"Liverpool Celaya","portfolio":"MTP","estado":"GUA","municipio":"Celaya"}},{"type":"Feature","geometry":{"type":"Point","coordinates":[-101.4222,20.9427999]},"properties":{"id":"MX-GUA-0082","nombre":"Taller","portfolio":"MTP","estado":"GUA","municipio":"Silao de la Victoria"}},{"type":"Feature","geometry":{"type":"Point","coordinates":[-101.47214,21.02307]},"properties":{"id":"MX-GUA-0085","nombre":"GPI 04","portfolio":"MTP","estado":"GUA","municipio":"Guanajuato"}},{"type":"Feature","geometry":{"type":"Point","coordinates":[-100.513439,20.340968]},"properties":{"id":"MX-GUA-0086","nombre":"Los Servantes","portfolio":"MTP","estado":"GUA","municipio":"Guanajuato"}},{"type":"Feature","geometry":{"type":"Point","coordinates":[-101.5842,21.10118]},"properties":{"id":"MX-GUA-0087","nombre":"Capacidad-124","portfolio":"MTP","estado":"GUA","municipio":"Guanajuato"}},{"type":"Feature","geometry":{"type":"Point","coordinates":[-101.624296,21.099245]},"properties":{"id":"MX-GUA-0089","nombre":"Capacidad-251","portfolio":"MTP","estado":"GUA","municipio":"Guanajuato"}},{"type":"Feature","geometry":{"type":"Point","coordinates":[-101.5977923,21.093047]},"properties":{"id":"MX-GUA-0090","nombre":"Capacidad-156","portfolio":"MTP","estado":"GUA","municipio":"León de los Aldama"}},{"type":"Feature","geometry":{"type":"Point","coordinates":[-101.7472,21.10074]},"properties":{"id":"MX-GUA-0091","nombre":"Capacidad-038","portfolio":"MTP","estado":"GUA","municipio":"Guanajuato"}},{"type":"Feature","geometry":{"type":"Point","coordinates":[-101.860718,20.993695]},"properties":{"id":"MX-GUA-0092","nombre":"Capacidad-306","portfolio":"MTP","estado":"GUA","municipio":"Guanajuato"}},{"type":"Feature","geometry":{"type":"Point","coordinates":[-101.763287,21.168511]},"properties":{"id":"MX-GUA-0093","nombre":"Capacidad-039","portfolio":"MTP","estado":"GUA","municipio":"Guanajuato"}},{"type":"Feature","geometry":{"type":"Point","coordinates":[-101.5599,21.087597]},"properties":{"id":"MX-GUA-0095","nombre":"Capacidad-137","portfolio":"MTP","estado":"GUA","municipio":"Guanajuato"}},{"type":"Feature","geometry":{"type":"Point","coordinates":[-101.67865,21.12678]},"properties":{"id":"MX-GUA-0096","nombre":"Capacidad-259","portfolio":"MTP","estado":"GUA","municipio":"Guanajuato"}},{"type":"Feature","geometry":{"type":"Point","coordinates":[-101.43818,20.90542]},"properties":{"id":"MX-GUA-0097","nombre":"Capacidad-163","portfolio":"MTP","estado":"GUA","municipio":"Guanajuato"}},{"type":"Feature","geometry":{"type":"Point","coordinates":[-101.857688,21.038703]},"properties":{"id":"MX-GUA-0098","nombre":"Capacidad-288","portfolio":"MTP","estado":"GUA","municipio":"Guanajuato"}},{"type":"Feature","geometry":{"type":"Point","coordinates":[-101.581631,21.115337]},"properties":{"id":"MX-GUA-0099","nombre":"Capacidad-280","portfolio":"MTP","estado":"GUA","municipio":"Guanajuato"}},{"type":"Feature","geometry":{"type":"Point","coordinates":[-101.61396,21.0723]},"properties":{"id":"MX-GUA-0100","nombre":"Capacidad-073","portfolio":"MTP","estado":"GUA","municipio":"Guanajuato"}},{"type":"Feature","geometry":{"type":"Point","coordinates":[-101.4085,20.952379]},"properties":{"id":"MX-GUA-0101","nombre":"Capacidad-378","portfolio":"MTP","estado":"GUA","municipio":"Guanajuato"}},{"type":"Feature","geometry":{"type":"Point","coordinates":[-101.81134,21.00905]},"properties":{"id":"MX-GUA-0102","nombre":"Capacidad-157","portfolio":"MTP","estado":"GUA","municipio":"Guanajuato"}},{"type":"Feature","geometry":{"type":"Point","coordinates":[-101.60612,20.998706]},"properties":{"id":"MX-GUA-0103","nombre":"Capacidad-225","portfolio":"MTP","estado":"GUA","municipio":"Guanajuato"}},{"type":"Feature","geometry":{"type":"Point","coordinates":[-101.844122,21.040223]},"properties":{"id":"MX-GUA-0105","nombre":"Capacidad-311","portfolio":"MTP","estado":"GUA","municipio":"Guanajuato"}},{"type":"Feature","geometry":{"type":"Point","coordinates":[-101.70768,20.95879]},"properties":{"id":"MX-GUA-0107","nombre":"Capacidad-037","portfolio":"MTP","estado":"GUA","municipio":"Guanajuato"}},{"type":"Feature","geometry":{"type":"Point","coordinates":[-101.64476,21.020815]},"properties":{"id":"MX-GUA-0108","nombre":"Capacidad-278","portfolio":"MTP","estado":"GUA","municipio":"Guanajuato"}},{"type":"Feature","geometry":{"type":"Point","coordinates":[-101.8779866,21.0354409]},"properties":{"id":"MX-GUA-0109","nombre":"Capacidad-354","portfolio":"MTP","estado":"GUA","municipio":"Guanajuato"}},{"type":"Feature","geometry":{"type":"Point","coordinates":[-101.509251,21.082268]},"properties":{"id":"MX-GUA-0110","nombre":"Capacidad-352","portfolio":"MTP","estado":"GUA","municipio":"Guanajuato"}},{"type":"Feature","geometry":{"type":"Point","coordinates":[-101.447331,21.0337]},"properties":{"id":"MX-GUA-0111","nombre":"Capacidad-291","portfolio":"MTP","estado":"GUA","municipio":"Guanajuato"}},{"type":"Feature","geometry":{"type":"Point","coordinates":[-101.64105,20.95857]},"properties":{"id":"MX-GUA-0112","nombre":"Capacidad-277","portfolio":"MTP","estado":"GUA","municipio":"Guanajuato"}},{"type":"Feature","geometry":{"type":"Point","coordinates":[-101.87231,21.08417]},"properties":{"id":"MX-GUA-0113","nombre":"Capacidad-355","portfolio":"MTP","estado":"GUA","municipio":"Guanajuato"}},{"type":"Feature","geometry":{"type":"Point","coordinates":[-100.89428,20.72417]},"properties":{"id":"MX-GUA-0114","nombre":"Delgado de Arriba","portfolio":"MTP","estado":"GUA","municipio":"Guanajuato"}},{"type":"Feature","geometry":{"type":"Point","coordinates":[-101.3561778,21.8008]},"properties":{"id":"MX-GUA-0115","nombre":"Laguna de Guadalupe","portfolio":"MTP","estado":"GUA","municipio":"Guanajuato"}},{"type":"Feature","geometry":{"type":"Point","coordinates":[-100.734931,20.370779]},"properties":{"id":"MX-GUA-0116","nombre":"Llano Grande","portfolio":"MTP","estado":"GUA","municipio":"Guanajuato"}},{"type":"Feature","geometry":{"type":"Point","coordinates":[-100.70951,21.330722]},"properties":{"id":"MX-GUA-0117","nombre":"Palma Gorda","portfolio":"MTP","estado":"GUA","municipio":"Guanajuato"}},{"type":"Feature","geometry":{"type":"Point","coordinates":[-101.7964,20.77803]},"properties":{"id":"MX-GUA-0118","nombre":"San José de Otates","portfolio":"MTP","estado":"GUA","municipio":"Guanajuato"}},{"type":"Feature","geometry":{"type":"Point","coordinates":[-101.61652778,21.09661111]},"properties":{"id":"MX-GUA-5001","nombre":"El Cid","portfolio":"MTP","estado":"GUA","municipio":"LEÓN"}},{"type":"Feature","geometry":{"type":"Point","coordinates":[-101.370389,20.661583]},"properties":{"id":"MX-GUA-5002","nombre":"El Encino","portfolio":"MTP","estado":"GUA","municipio":"Irapuato"}},{"type":"Feature","geometry":{"type":"Point","coordinates":[-101.2862972,21.00795833]},"properties":{"id":"MX-GUA-5003","nombre":"Presa De Los Santos","portfolio":"MTP","estado":"GUA","municipio":"Guanajuato"}},{"type":"Feature","geometry":{"type":"Point","coordinates":[-101.37319444,20.69716667]},"properties":{"id":"MX-GUA-5006","nombre":"Lomas De Espanita","portfolio":"MTP","estado":"GUA","municipio":"Irapuato"}},{"type":"Feature","geometry":{"type":"Point","coordinates":[-101.46986111,21.01211111]},"properties":{"id":"MX-GUA-5008","nombre":"VW","portfolio":"MTP","estado":"GUA","municipio":"Silao"}},{"type":"Feature","geometry":{"type":"Point","coordinates":[-100.86122222,20.55851944]},"properties":{"id":"MX-GUA-5009","nombre":"Villas Del Bajio","portfolio":"MTP","estado":"GUA","municipio":"Celaya"}},{"type":"Feature","geometry":{"type":"Point","coordinates":[-101.618,21.130222]},"properties":{"id":"MX-GUA-5010","nombre":"Santa Fe","portfolio":"MTP","estado":"GUA","municipio":"León"}},{"type":"Feature","geometry":{"type":"Point","coordinates":[-101.60341944,21.06954167]},"properties":{"id":"MX-GUA-5012","nombre":"El Tajo","portfolio":"MTP","estado":"GUA","municipio":"León"}},{"type":"Feature","geometry":{"type":"Point","coordinates":[-100.769126,20.54605]},"properties":{"id":"MX-GUA-5013","nombre":"Los Olivos","portfolio":"MTP","estado":"GUA","municipio":"Celaya"}},{"type":"Feature","geometry":{"type":"Point","coordinates":[-101.37038333,20.72201667]},"properties":{"id":"MX-GUA-5014","nombre":"Arandas","portfolio":"MTP","estado":"GUA","municipio":"Irapuato"}},{"type":"Feature","geometry":{"type":"Point","coordinates":[-102.250779,21.956436]},"properties":{"id":"MX-GUA-5015","nombre":"La Rivera","portfolio":"MTP","estado":"AGU","municipio":"San Francisco De Los Romo"}},{"type":"Feature","geometry":{"type":"Point","coordinates":[-101.73392,21.15983]},"properties":{"id":"MX-GUA-5016","nombre":"Barranca Del Refugio","portfolio":"MTP","estado":"GUA","municipio":"León"}},{"type":"Feature","geometry":{"type":"Point","coordinates":[-101.70483333,21.17336111]},"properties":{"id":"MX-GUA-5017","nombre":"Provincias","portfolio":"MTP","estado":"GUA","municipio":"León"}},{"type":"Feature","geometry":{"type":"Point","coordinates":[-101.63499,21.0885]},"properties":{"id":"MX-GUA-5019","nombre":"Cerrito De Jerez","portfolio":"MTP","estado":"GUA","municipio":"León"}},{"type":"Feature","geometry":{"type":"Point","coordinates":[-100.93811111,21.13563889]},"properties":{"id":"MX-GUA-5020","nombre":"Las Palomas","portfolio":"MTP","estado":"GUA","municipio":"Dolores Hidalgo Cuna de la Independencia Nacional"}},{"type":"Feature","geometry":{"type":"Point","coordinates":[-100.75386111,20.04886111]},"properties":{"id":"MX-GUA-5021","nombre":"Monte Prieto","portfolio":"MTP","estado":"GUA","municipio":"Acámbaro"}},{"type":"Feature","geometry":{"type":"Point","coordinates":[-100.674167,20.045472]},"properties":{"id":"MX-GUA-5022","nombre":"Presa Solis","portfolio":"MTP","estado":"GUA","municipio":"Acámbaro"}},{"type":"Feature","geometry":{"type":"Point","coordinates":[-101.21138,20.239783]},"properties":{"id":"MX-GUA-5023","nombre":"Puquichapio","portfolio":"MTP","estado":"GUA","municipio":"Yuriria"}},{"type":"Feature","geometry":{"type":"Point","coordinates":[-101.21647,20.5659]},"properties":{"id":"MX-GUA-5024","nombre":"El Carmen","portfolio":"MTP","estado":"GUA","municipio":"Salamanca"}},{"type":"Feature","geometry":{"type":"Point","coordinates":[-100.47022222,21.06080556]},"properties":{"id":"MX-GUA-5025","nombre":"Parque Opcion","portfolio":"MTP","estado":"GUA","municipio":"San José Iturbide"}},{"type":"Feature","geometry":{"type":"Point","coordinates":[-101.28227778,20.97820556]},"properties":{"id":"MX-GUA-5026","nombre":"Cupulas","portfolio":"MTP","estado":"GUA","municipio":"Guanajuato"}},{"type":"Feature","geometry":{"type":"Point","coordinates":[-101.213932,20.395348]},"properties":{"id":"MX-GUA-5027","nombre":"Ecologista","portfolio":"MTP","estado":"GUA","municipio":"Valle de santiago"}},{"type":"Feature","geometry":{"type":"Point","coordinates":[-101.17558333,20.12157778]},"properties":{"id":"MX-GUA-5028","nombre":"Metropolitana","portfolio":"MTP","estado":"GUA","municipio":"Uriangato"}},{"type":"Feature","geometry":{"type":"Point","coordinates":[-101.82359167,21.03231667]},"properties":{"id":"MX-GUA-5029","nombre":"Revilla","portfolio":"MTP","estado":"GUA","municipio":"San Francisco del Rincón"}},{"type":"Feature","geometry":{"type":"Point","coordinates":[-101.42605556,20.93313889]},"properties":{"id":"MX-GUA-5030","nombre":"Los Esparragos","portfolio":"MTP","estado":"GUA","municipio":"Silao"}},{"type":"Feature","geometry":{"type":"Point","coordinates":[-101.341354,20.789992]},"properties":{"id":"MX-GUA-5031","nombre":"Castro Del Rio","portfolio":"MTP","estado":"GUA","municipio":"Irapuato"}},{"type":"Feature","geometry":{"type":"Point","coordinates":[-101.63358333,21.05905556]},"properties":{"id":"MX-GUA-5034","nombre":"San Juan De Abajo","portfolio":"MTP","estado":"GUA","municipio":"León"}},{"type":"Feature","geometry":{"type":"Point","coordinates":[-101.21555556,20.58713889]},"properties":{"id":"MX-GUA-5035","nombre":"Tomasa Esteves","portfolio":"MTP","estado":"GUA","municipio":"Salamanca"}},{"type":"Feature","geometry":{"type":"Point","coordinates":[-101.66180556,21.08661111]},"properties":{"id":"MX-GUA-5036","nombre":"Bosques Reales","portfolio":"MTP","estado":"GUA","municipio":"León"}},{"type":"Feature","geometry":{"type":"Point","coordinates":[-101.67669444,21.15775]},"properties":{"id":"MX-GUA-5037","nombre":"Tutankamón","portfolio":"CAPSA","estado":"GUA","municipio":"León"}},{"type":"Feature","geometry":{"type":"Point","coordinates":[-100.84146389,20.51094722]},"properties":{"id":"MX-GUA-5038","nombre":"Abril","portfolio":"CAPSA","estado":"GUA","municipio":"Celaya"}},{"type":"Feature","geometry":{"type":"Point","coordinates":[-100.72822222,20.90255556]},"properties":{"id":"MX-GUA-5039","nombre":"Sorrento","portfolio":"CAPSA","estado":"GUA","municipio":"San Miguel de Allende"}},{"type":"Feature","geometry":{"type":"Point","coordinates":[-101.69783889,21.17055556]},"properties":{"id":"MX-GUA-5040","nombre":"Esparta","portfolio":"CAPSA","estado":"GUA","municipio":"León"}},{"type":"Feature","geometry":{"type":"Point","coordinates":[-100.52344167,20.53565556]},"properties":{"id":"MX-GUA-5041","nombre":"Zeppelin","portfolio":"CAPSA","estado":"GUA","municipio":"Apaseo el Grande"}},{"type":"Feature","geometry":{"type":"Point","coordinates":[-101.58132778,21.09577222]},"properties":{"id":"MX-GUA-5042","nombre":"Toscana","portfolio":"CAPSA","estado":"GUA","municipio":"León"}},{"type":"Feature","geometry":{"type":"Point","coordinates":[-101.717475,21.15191111]},"properties":{"id":"MX-GUA-5043","nombre":"Priamo","portfolio":"CAPSA","estado":"GUA","municipio":"León"}},{"type":"Feature","geometry":{"type":"Point","coordinates":[-101.76086667,21.093875]},"properties":{"id":"MX-GUA-5044","nombre":"Haiti","portfolio":"CAPSA","estado":"GUA","municipio":"León"}},{"type":"Feature","geometry":{"type":"Point","coordinates":[-100.859715,20.55898]},"properties":{"id":"MX-GUA-5045","nombre":"Axtel Sitio Celaya","portfolio":"CAPSA","estado":"GUA","municipio":"Celaya"}},{"type":"Feature","geometry":{"type":"Point","coordinates":[-100.84324722,20.52612222]},"properties":{"id":"MX-GUA-5046","nombre":"Berlin","portfolio":"CAPSA","estado":"GUA","municipio":"Celaya"}},{"type":"Feature","geometry":{"type":"Point","coordinates":[-101.75543056,21.16625833]},"properties":{"id":"MX-GUA-5047","nombre":"Troya","portfolio":"CAPSA","estado":"GUA","municipio":"León"}},{"type":"Feature","geometry":{"type":"Point","coordinates":[-101.35472222,20.68916667]},"properties":{"id":"MX-GUA-5048","nombre":"Irapuato","portfolio":"CAPSA","estado":"GUA","municipio":"Irapuato"}},{"type":"Feature","geometry":{"type":"Point","coordinates":[-101.687885,21.162146]},"properties":{"id":"MX-GUA-5052","nombre":"Plaza Mayor","portfolio":"MTP","estado":"GUA","municipio":"León"}},{"type":"Feature","geometry":{"type":"Point","coordinates":[-101.380975,20.10223611]},"properties":{"id":"MX-GUA-5056","nombre":"Cerano","portfolio":"MTP","estado":"GUA","municipio":"Yuriria"}},{"type":"Feature","geometry":{"type":"Point","coordinates":[-101.67531111,21.18378056]},"properties":{"id":"MX-GUA-5057","nombre":"Valle Hermoso","portfolio":"MTP","estado":"GUA","municipio":"León"}},{"type":"Feature","geometry":{"type":"Point","coordinates":[-101.200925,20.59388611]},"properties":{"id":"MX-GUA-5059","nombre":"Los Cipreses","portfolio":"MTP","estado":"GUA","municipio":"Salamanca"}},{"type":"Feature","geometry":{"type":"Point","coordinates":[-100.925614,21.1665222]},"properties":{"id":"MX-GUA-5064","nombre":"Progreso","portfolio":"MTP","estado":"GUA","municipio":"Dolores Hidalgo Cuna de la Independencia Nacional"}},{"type":"Feature","geometry":{"type":"Point","coordinates":[-100.673419,21.3740722]},"properties":{"id":"MX-GUA-5066","nombre":"Hacienda De Jesus","portfolio":"MTP","estado":"GUA","municipio":"San Diego de la Unión"}},{"type":"Feature","geometry":{"type":"Point","coordinates":[-100.82184166,20.55089166]},"properties":{"id":"MX-GUA-5071","nombre":"Price Smart","portfolio":"MTP","estado":"GUA","municipio":"Celaya"}},{"type":"Feature","geometry":{"type":"Point","coordinates":[-101.63618333,21.10160556]},"properties":{"id":"MX-GUA-5075","nombre":"Plaza Venecia","portfolio":"MTP","estado":"GUA","municipio":"León"}},{"type":"Feature","geometry":{"type":"Point","coordinates":[-100.592778,21.284333]},"properties":{"id":"MX-GUA-5076","nombre":"Crucero","portfolio":"MTP","estado":"GUA","municipio":"San Luis De La Paz"}},{"type":"Feature","geometry":{"type":"Point","coordinates":[-100.829431,20.523135]},"properties":{"id":"MX-GUA-5077","nombre":"Manuel Doblado","portfolio":"MTP","estado":"GUA","municipio":"Celaya"}},{"type":"Feature","geometry":{"type":"Point","coordinates":[-101.6723,20.624]},"properties":{"id":"MX-GUA-5078","nombre":"Cueramaro","portfolio":"MTP","estado":"GUA","municipio":"Cuerámaro"}},{"type":"Feature","geometry":{"type":"Point","coordinates":[-100.955463,20.474097]},"properties":{"id":"MX-GUA-5079","nombre":"Violetas","portfolio":"MTP","estado":"GUA","municipio":"Cortázar"}},{"type":"Feature","geometry":{"type":"Point","coordinates":[-100.996736,20.511875]},"properties":{"id":"MX-GUA-5080","nombre":"Villagran 2","portfolio":"MTP","estado":"GUA","municipio":"Villagrán"}},{"type":"Feature","geometry":{"type":"Point","coordinates":[-100.65582,20.48873]},"properties":{"id":"MX-GUA-5081","nombre":"Apaseo","portfolio":"MTP","estado":"GUA","municipio":"Apaseo el Grande"}},{"type":"Feature","geometry":{"type":"Point","coordinates":[-100.808417,20.518882]},"properties":{"id":"MX-GUA-5082","nombre":"Luis De Velasco","portfolio":"MTP","estado":"GUA","municipio":"Celaya"}},{"type":"Feature","geometry":{"type":"Point","coordinates":[-101.336917,20.695639]},"properties":{"id":"MX-GUA-5083","nombre":"De Las Haciendas","portfolio":"MTP","estado":"GUA","municipio":"Irapuato"}},{"type":"Feature","geometry":{"type":"Point","coordinates":[-101.23115,20.61884]},"properties":{"id":"MX-GUA-5084","nombre":"Mazda","portfolio":"MTP","estado":"GUA","municipio":"Salamanca"}},{"type":"Feature","geometry":{"type":"Point","coordinates":[-101.595124,21.116713]},"properties":{"id":"MX-GUA-5085","nombre":"Mezquital","portfolio":"MTP","estado":"GUA","municipio":"León"}},{"type":"Feature","geometry":{"type":"Point","coordinates":[-101.348603,20.699441]},"properties":{"id":"MX-GUA-5086","nombre":"La Pradera","portfolio":"MTP","estado":"GUA","municipio":"Irapuato"}},{"type":"Feature","geometry":{"type":"Point","coordinates":[-101.303148,20.681708]},"properties":{"id":"MX-GUA-5087","nombre":"Madrileña","portfolio":"MTP","estado":"GUA","municipio":"Irapuato"}},{"type":"Feature","geometry":{"type":"Point","coordinates":[-101.363255,20.687096]},"properties":{"id":"MX-GUA-5088","nombre":"Paseo Irapuato","portfolio":"MTP","estado":"GUA","municipio":"Irapuato"}},{"type":"Feature","geometry":{"type":"Point","coordinates":[-101.647854,21.110963]},"properties":{"id":"MX-GUA-5089","nombre":"Boulevard Chichimecas","portfolio":"MTP","estado":"GUA","municipio":"León"}},{"type":"Feature","geometry":{"type":"Point","coordinates":[-101.204687,20.547838]},"properties":{"id":"MX-GUA-5090","nombre":"Boulevard Valle De Santiago","portfolio":"MTP","estado":"GUA","municipio":"Salamanca"}},{"type":"Feature","geometry":{"type":"Point","coordinates":[-101.190662,20.579916]},"properties":{"id":"MX-GUA-5091","nombre":"Boulevard Tenixtepec","portfolio":"MTP","estado":"GUA","municipio":"Salamanca"}},{"type":"Feature","geometry":{"type":"Point","coordinates":[-101.530174,20.452035]},"properties":{"id":"MX-GUA-5092","nombre":"Ocampo","portfolio":"MTP","estado":"GUA","municipio":"Abasolo"}},{"type":"Feature","geometry":{"type":"Point","coordinates":[-101.656727,21.171137]},"properties":{"id":"MX-GUA-5093","nombre":"Jardines Del Bosque","portfolio":"MTP","estado":"GUA","municipio":"León"}},{"type":"Feature","geometry":{"type":"Point","coordinates":[-101.69861944,21.15903333]},"properties":{"id":"MX-GUA-5095","nombre":"Esquirla","portfolio":"MTP","estado":"GUA","municipio":"León"}},{"type":"Feature","geometry":{"type":"Point","coordinates":[-100.472083,21.054889]},"properties":{"id":"MX-GUA-5096","nombre":"Ferrero","portfolio":"MTP","estado":"GUA","municipio":"San José Iturbide"}},{"type":"Feature","geometry":{"type":"Point","coordinates":[-101.641661,21.076497]},"properties":{"id":"MX-GUA-5097","nombre":"Villas De León","portfolio":"MTP","estado":"GUA","municipio":"León"}},{"type":"Feature","geometry":{"type":"Point","coordinates":[-101.6813806,21.19637]},"properties":{"id":"MX-GUA-5098","nombre":"Molino Residencial","portfolio":"MTP","estado":"GUA","municipio":"León"}},{"type":"Feature","geometry":{"type":"Point","coordinates":[-101.671778,21.1]},"properties":{"id":"MX-GUA-5099","nombre":"Jimenez Moreno","portfolio":"MTP","estado":"GUA","municipio":"León"}},{"type":"Feature","geometry":{"type":"Point","coordinates":[-101.366201,20.681989]},"properties":{"id":"MX-GUA-5101","nombre":"Greenwich","portfolio":"MTP","estado":"GUA","municipio":"Irapuato"}},{"type":"Feature","geometry":{"type":"Point","coordinates":[-101.713528,21.1275]},"properties":{"id":"MX-GUA-5102","nombre":"Marina Nacional","portfolio":"MTP","estado":"GUA","municipio":"León"}},{"type":"Feature","geometry":{"type":"Point","coordinates":[-101.36289722,20.99585278]},"properties":{"id":"MX-GUA-5104","nombre":"Cubilete","portfolio":"MTP","estado":"GUA","municipio":"Silao de la Victoria"}},{"type":"Feature","geometry":{"type":"Point","coordinates":[-101.230694,20.584989]},"properties":{"id":"MX-GUA-5105","nombre":"Via Alta Salamanca","portfolio":"MTP","estado":"GUA","municipio":"Salamanca"}},{"type":"Feature","geometry":{"type":"Point","coordinates":[-101.615589,21.059461]},"properties":{"id":"MX-GUA-5106","nombre":"San José Del Refugio","portfolio":"MTP","estado":"GUA","municipio":"León"}},{"type":"Feature","geometry":{"type":"Point","coordinates":[-101.68428333,21.11979722]},"properties":{"id":"MX-GUA-5109","nombre":"Reforma","portfolio":"MTP","estado":"GUA","municipio":"León"}},{"type":"Feature","geometry":{"type":"Point","coordinates":[-101.72837222,21.1026]},"properties":{"id":"MX-GUA-5110","nombre":"León II","portfolio":"MTP","estado":"GUA","municipio":"León"}},{"type":"Feature","geometry":{"type":"Point","coordinates":[-101.60012222,21.10175556]},"properties":{"id":"MX-GUA-5112","nombre":"Asís","portfolio":"MTP","estado":"GUA","municipio":"León"}},{"type":"Feature","geometry":{"type":"Point","coordinates":[-101.582654,21.092006]},"properties":{"id":"MX-GUA-5116","nombre":"Grafito","portfolio":"MTP","estado":"GUA","municipio":"León"}},{"type":"Feature","geometry":{"type":"Point","coordinates":[-101.2417306,20.58310833]},"properties":{"id":"MX-GUA-5117","nombre":"Ciudad Bajio","portfolio":"CAPSA","estado":"GUA","municipio":"Salamanca"}},{"type":"Feature","geometry":{"type":"Point","coordinates":[-101.390935,20.648599]},"properties":{"id":"MX-GUA-5118","nombre":"Las Liebres","portfolio":"MTP","estado":"GUA","municipio":"Irapuato"}},{"type":"Feature","geometry":{"type":"Point","coordinates":[-101.636544,21.081789]},"properties":{"id":"MX-GUA-5119","nombre":"Real De Jerez","portfolio":"MTP","estado":"GUA","municipio":"León"}},{"type":"Feature","geometry":{"type":"Point","coordinates":[-100.8126,20.52503056]},"properties":{"id":"MX-GUA-5120","nombre":"Geminis","portfolio":"MTP","estado":"GUA","municipio":"Celaya"}},{"type":"Feature","geometry":{"type":"Point","coordinates":[-100.819625,20.532242]},"properties":{"id":"MX-GUA-5121","nombre":"Las Americas","portfolio":"MTP","estado":"GUA","municipio":"Celaya"}},{"type":"Feature","geometry":{"type":"Point","coordinates":[-101.8457778,20.97865833]},"properties":{"id":"MX-GUA-5126","nombre":"El Maguey","portfolio":"MTP","estado":"GUA","municipio":"San Francisco Del Rincón"}},{"type":"Feature","geometry":{"type":"Point","coordinates":[-101.76455278,21.18735278]},"properties":{"id":"MX-GUA-5129","nombre":"Brisa De España","portfolio":"MTP","estado":"GUA","municipio":"León"}},{"type":"Feature","geometry":{"type":"Point","coordinates":[-101.70901111,21.12953889]},"properties":{"id":"MX-GUA-5130","nombre":"Andalucia","portfolio":"MTP","estado":"GUA","municipio":"León"}},{"type":"Feature","geometry":{"type":"Point","coordinates":[-100.744637,20.912697]},"properties":{"id":"MX-GUA-5131","nombre":"Ru - 01 ODAS","portfolio":"MTP","estado":"GUA","municipio":"San Miguel de Allende"}},{"type":"Feature","geometry":{"type":"Point","coordinates":[-100.742758,20.912745]},"properties":{"id":"MX-GUA-5132","nombre":"Ru - 02 ODAS","portfolio":"MTP","estado":"GUA","municipio":"San Miguel de Allende"}},{"type":"Feature","geometry":{"type":"Point","coordinates":[-100.740632,20.912416]},"properties":{"id":"MX-GUA-5133","nombre":"Ru - 03 ODAS","portfolio":"MTP","estado":"GUA","municipio":"San Miguel de Allende"}},{"type":"Feature","geometry":{"type":"Point","coordinates":[-100.743584,20.911019]},"properties":{"id":"MX-GUA-5134","nombre":"Ru - 04 ODAS","portfolio":"MTP","estado":"GUA","municipio":"San Miguel de Allende"}},{"type":"Feature","geometry":{"type":"Point","coordinates":[-100.740317,20.914158]},"properties":{"id":"MX-GUA-5135","nombre":"Ru - 05 ODAS","portfolio":"MTP","estado":"GUA","municipio":"San Miguel de Allende"}},{"type":"Feature","geometry":{"type":"Point","coordinates":[-100.746555,20.915665]},"properties":{"id":"MX-GUA-5136","nombre":"Ru - 06 ODAS","portfolio":"MTP","estado":"GUA","municipio":"San Miguel de Allende"}},{"type":"Feature","geometry":{"type":"Point","coordinates":[-100.74184,20.910862]},"properties":{"id":"MX-GUA-5137","nombre":"Ru - 07 ODAS","portfolio":"MTP","estado":"GUA","municipio":"San Miguel de Allende"}},{"type":"Feature","geometry":{"type":"Point","coordinates":[-100.7416,20.91561]},"properties":{"id":"MX-GUA-5138","nombre":"Ru - 08 ODAS","portfolio":"MTP","estado":"GUA","municipio":"San Miguel de Allende"}},{"type":"Feature","geometry":{"type":"Point","coordinates":[-100.746133,20.912547]},"properties":{"id":"MX-GUA-5139","nombre":"Ru - 09 ODAS","portfolio":"MTP","estado":"GUA","municipio":"San Miguel de Allende"}},{"type":"Feature","geometry":{"type":"Point","coordinates":[-100.743746,20.915634]},"properties":{"id":"MX-GUA-5140","nombre":"Ru - 10 ODAS","portfolio":"MTP","estado":"GUA","municipio":"San Miguel de Allende"}},{"type":"Feature","geometry":{"type":"Point","coordinates":[-100.744589,20.913945]},"properties":{"id":"MX-GUA-5141","nombre":"Ru - 11 ODAS","portfolio":"MTP","estado":"GUA","municipio":"San Miguel de Allende"}},{"type":"Feature","geometry":{"type":"Point","coordinates":[-100.745777,20.914487]},"properties":{"id":"MX-GUA-5142","nombre":"Ru - 12 ODAS","portfolio":"MTP","estado":"GUA","municipio":"San Miguel de Allende"}},{"type":"Feature","geometry":{"type":"Point","coordinates":[-100.749421,20.917294]},"properties":{"id":"MX-GUA-5143","nombre":"Ru - 13 ODAS","portfolio":"MTP","estado":"GUA","municipio":"San Miguel de Allende"}},{"type":"Feature","geometry":{"type":"Point","coordinates":[-100.740343,20.911176]},"properties":{"id":"MX-GUA-5144","nombre":"Ru - 14 ODAS","portfolio":"MTP","estado":"GUA","municipio":"San Miguel de Allende"}},{"type":"Feature","geometry":{"type":"Point","coordinates":[-100.74009,20.915353]},"properties":{"id":"MX-GUA-5145","nombre":"Ru - 15 ODAS","portfolio":"MTP","estado":"GUA","municipio":"San Miguel de Allende"}},{"type":"Feature","geometry":{"type":"Point","coordinates":[-100.743677,20.914575]},"properties":{"id":"MX-GUA-5146","nombre":"Ru - 16 ODAS","portfolio":"MTP","estado":"GUA","municipio":"San Miguel de Allende"}},{"type":"Feature","geometry":{"type":"Point","coordinates":[-100.74525,20.915561]},"properties":{"id":"MX-GUA-5147","nombre":"Ru - 17 ODAS","portfolio":"MTP","estado":"GUA","municipio":"San Miguel de Allende"}},{"type":"Feature","geometry":{"type":"Point","coordinates":[-100.748216,20.91595]},"properties":{"id":"MX-GUA-5148","nombre":"Ru - 18 ODAS","portfolio":"MTP","estado":"GUA","municipio":"San Miguel de Allende"}},{"type":"Feature","geometry":{"type":"Point","coordinates":[-100.741174,20.916492]},"properties":{"id":"MX-GUA-5149","nombre":"Ru - 19 ODAS","portfolio":"MTP","estado":"GUA","municipio":"San Miguel de Allende"}},{"type":"Feature","geometry":{"type":"Point","coordinates":[-100.744193,20.916762]},"properties":{"id":"MX-GUA-5150","nombre":"Ru - 20 ODAS","portfolio":"MTP","estado":"GUA","municipio":"San Miguel de Allende"}},{"type":"Feature","geometry":{"type":"Point","coordinates":[-100.739143,20.912356]},"properties":{"id":"MX-GUA-5151","nombre":"Ru - 21 ODAS","portfolio":"MTP","estado":"GUA","municipio":"San Miguel de Allende"}},{"type":"Feature","geometry":{"type":"Point","coordinates":[-100.738879,20.909481]},"properties":{"id":"MX-GUA-5152","nombre":"Ru - 22 ODAS","portfolio":"MTP","estado":"GUA","municipio":"San Miguel de Allende"}},{"type":"Feature","geometry":{"type":"Point","coordinates":[-100.742802,20.909344]},"properties":{"id":"MX-GUA-5153","nombre":"Ru - 23 ODAS","portfolio":"MTP","estado":"GUA","municipio":"San Miguel de Allende"}},{"type":"Feature","geometry":{"type":"Point","coordinates":[-100.740503,20.909012]},"properties":{"id":"MX-GUA-5154","nombre":"Ru - 24 ODAS","portfolio":"MTP","estado":"GUA","municipio":"San Miguel de Allende"}},{"type":"Feature","geometry":{"type":"Point","coordinates":[-100.74638,20.910664]},"properties":{"id":"MX-GUA-5155","nombre":"Ru - 25 ODAS","portfolio":"MTP","estado":"GUA","municipio":"San Miguel de Allende"}},{"type":"Feature","geometry":{"type":"Point","coordinates":[-100.744003,20.909104]},"properties":{"id":"MX-GUA-5156","nombre":"Ru - 26 ODAS","portfolio":"MTP","estado":"GUA","municipio":"San Miguel de Allende"}},{"type":"Feature","geometry":{"type":"Point","coordinates":[-100.73955,20.914604]},"properties":{"id":"MX-GUA-5157","nombre":"Ru - 27 ODAS","portfolio":"MTP","estado":"GUA","municipio":"San Miguel de Allende"}},{"type":"Feature","geometry":{"type":"Point","coordinates":[-100.747514,20.908433]},"properties":{"id":"MX-GUA-5158","nombre":"Ru - 28 ODAS","portfolio":"MTP","estado":"GUA","municipio":"San Miguel de Allende"}},{"type":"Feature","geometry":{"type":"Point","coordinates":[-100.749561,20.907809]},"properties":{"id":"MX-GUA-5159","nombre":"Ru - 29 ODAS","portfolio":"MTP","estado":"GUA","municipio":"San Miguel de Allende"}},{"type":"Feature","geometry":{"type":"Point","coordinates":[-100.742378,20.916251]},"properties":{"id":"MX-GUA-5160","nombre":"Ru - 30 ODAS","portfolio":"MTP","estado":"GUA","municipio":"San Miguel de Allende"}},{"type":"Feature","geometry":{"type":"Point","coordinates":[-100.741299,20.908713]},"properties":{"id":"MX-GUA-5161","nombre":"Ru - 31 ODAS","portfolio":"MTP","estado":"GUA","municipio":"San Miguel de Allende"}},{"type":"Feature","geometry":{"type":"Point","coordinates":[-100.741968,20.908054]},"properties":{"id":"MX-GUA-5162","nombre":"Ru - 32 ODAS","portfolio":"MTP","estado":"GUA","municipio":"San Miguel de Allende"}},{"type":"Feature","geometry":{"type":"Point","coordinates":[-100.74584,20.90741]},"properties":{"id":"MX-GUA-5163","nombre":"Ru - 33 ODAS","portfolio":"MTP","estado":"GUA","municipio":"San Miguel de Allende"}},{"type":"Feature","geometry":{"type":"Point","coordinates":[-100.742073,20.914618]},"properties":{"id":"MX-GUA-5164","nombre":"Ru - 34 ODAS","portfolio":"MTP","estado":"GUA","municipio":"San Miguel de Allende"}},{"type":"Feature","geometry":{"type":"Point","coordinates":[-100.745286,20.909907]},"properties":{"id":"MX-GUA-5165","nombre":"Ru - 35 ODAS","portfolio":"MTP","estado":"GUA","municipio":"San Miguel de Allende"}},{"type":"Feature","geometry":{"type":"Point","coordinates":[-100.758194,20.919861]},"properties":{"id":"MX-GUA-5166","nombre":"Hotel BTS","portfolio":"MTP","estado":"GUA","municipio":"San Miguel de Allende"}},{"type":"Feature","geometry":{"type":"Point","coordinates":[-100.747235,20.571206]},"properties":{"id":"MX-GUA-5167","nombre":"Octopan","portfolio":"MTP","estado":"GUA","municipio":"Celaya"}},{"type":"Feature","geometry":{"type":"Point","coordinates":[-101.589333,21.119056]},"properties":{"id":"MX-GUA-5168","nombre":"San Jose Del Potrero","portfolio":"MTP","estado":"GUA","municipio":"León"}},{"type":"Feature","geometry":{"type":"Point","coordinates":[-101.75533333,21.13777788]},"properties":{"id":"MX-GUA-5169","nombre":"Leibniz","portfolio":"MTP","estado":"GUA","municipio":"León"}},{"type":"Feature","geometry":{"type":"Point","coordinates":[-101.61045556,21.1330001]},"properties":{"id":"MX-GUA-5170","nombre":"Juan Alonso De Torres","portfolio":"MTP","estado":"GUA","municipio":"León"}},{"type":"Feature","geometry":{"type":"Point","coordinates":[-101.55167778,21.11348343]},"properties":{"id":"MX-GUA-5171","nombre":"Otates","portfolio":"MTP","estado":"GUA","municipio":"León"}},{"type":"Feature","geometry":{"type":"Point","coordinates":[-101.607217,21.103372]},"properties":{"id":"MX-GUA-5172","nombre":"Judas","portfolio":"MTP","estado":"GUA","municipio":"León"}},{"type":"Feature","geometry":{"type":"Point","coordinates":[-101.25378,21.014253]},"properties":{"id":"MX-GUA-5173","nombre":"Pipila","portfolio":"MTP","estado":"GUA","municipio":"Guanajuato"}},{"type":"Feature","geometry":{"type":"Point","coordinates":[-101.66525556,21.11966389]},"properties":{"id":"MX-GUA-5174","nombre":"Nueva Estancia","portfolio":"MTP","estado":"GUA","municipio":"León"}},{"type":"Feature","geometry":{"type":"Point","coordinates":[-101.679251,21.124132]},"properties":{"id":"MX-GUA-5175","nombre":"Nuevo Hospital","portfolio":"MTP","estado":"GUA","municipio":"León"}},{"type":"Feature","geometry":{"type":"Point","coordinates":[-101.70163,21.14733]},"properties":{"id":"MX-GUA-5176","nombre":"Miura","portfolio":"MTP","estado":"GUA","municipio":"León"}},{"type":"Feature","geometry":{"type":"Point","coordinates":[-100.72375,20.033583]},"properties":{"id":"MX-GUA-5177","nombre":"Pan Grande","portfolio":"MTP","estado":"GUA","municipio":"Acámbaro"}},{"type":"Feature","geometry":{"type":"Point","coordinates":[-101.339461,20.703515]},"properties":{"id":"MX-GUA-5179","nombre":"Rincón Arcos","portfolio":"MTP","estado":"GUA","municipio":"Guanajuato"}},{"type":"Feature","geometry":{"type":"Point","coordinates":[-100.75819444,20.91986111]},"properties":{"id":"MX-GUA-5180","nombre":"Amapola","portfolio":"MTP","estado":"GUA","municipio":"San Miguel de Allende"}},{"type":"Feature","geometry":{"type":"Point","coordinates":[-100.79916,20.3866666]},"properties":{"id":"MX-GUA-5181","nombre":"Ojo Seco","portfolio":"MTP","estado":"GUA","municipio":"TBD"}},{"type":"Feature","geometry":{"type":"Point","coordinates":[-101.20036,20.5689166]},"properties":{"id":"MX-GUA-5183","nombre":"Xidoo","portfolio":"MTP","estado":"GUA","municipio":"Guanajuato"}},{"type":"Feature","geometry":{"type":"Point","coordinates":[-101.3380556,20.64416667]},"properties":{"id":"MX-GUA-5185","nombre":"Bernalejo","portfolio":"MTP","estado":"GUA","municipio":"TBD"}},{"type":"Feature","geometry":{"type":"Point","coordinates":[-100.15929,21.0999306]},"properties":{"id":"MX-GUA-5186","nombre":"Tierra Blanca","portfolio":"MTP","estado":"GUA","municipio":"TBD"}},{"type":"Feature","geometry":{"type":"Point","coordinates":[-101.43501,20.931389]},"properties":{"id":"MX-GUA-5187","nombre":"Residencial La Luz","portfolio":"MTP","estado":"GUA","municipio":"Guanajuato"}},{"type":"Feature","geometry":{"type":"Point","coordinates":[-101.7108,21.1499]},"properties":{"id":"MX-GUA-5188","nombre":"Universidad Del Bajio","portfolio":"MTP","estado":"GUA","municipio":"León"}},{"type":"Feature","geometry":{"type":"Point","coordinates":[-101.684524,21.107908]},"properties":{"id":"MX-GUA-5189","nombre":"Onda","portfolio":"MTP","estado":"GUA","municipio":"Guanajuato"}},{"type":"Feature","geometry":{"type":"Point","coordinates":[-101.68082,21.1458]},"properties":{"id":"MX-GUA-5190","nombre":"Peñitas","portfolio":"MTP","estado":"GUA","municipio":"Guanajuato"}},{"type":"Feature","geometry":{"type":"Point","coordinates":[-101.637309,21.143263]},"properties":{"id":"MX-GUA-5191","nombre":"León I","portfolio":"MTP","estado":"GUA","municipio":"León"}},{"type":"Feature","geometry":{"type":"Point","coordinates":[-101.66359,21.1241166]},"properties":{"id":"MX-GUA-5192","nombre":"Zona Piel","portfolio":"MTP","estado":"GUA","municipio":"León"}},{"type":"Feature","geometry":{"type":"Point","coordinates":[-101.712535,20.434283]},"properties":{"id":"MX-GUA-5193","nombre":"El Huarapo","portfolio":"MTP","estado":"GUA","municipio":"Pénjamo"}},{"type":"Feature","geometry":{"type":"Point","coordinates":[-100.9690556,20.47941667]},"properties":{"id":"MX-GUA-5194","nombre":"Arrocera","portfolio":"MTP","estado":"GUA","municipio":"TBD"}},{"type":"Feature","geometry":{"type":"Point","coordinates":[-100.8264444,20.52911111]},"properties":{"id":"MX-GUA-5195","nombre":"Santo Cristo","portfolio":"MTP","estado":"GUA","municipio":"TBD"}},{"type":"Feature","geometry":{"type":"Point","coordinates":[-101.6924511,21.12481278]},"properties":{"id":"MX-GUA-5196","nombre":"Nicaragua","portfolio":"MTP","estado":"GUA","municipio":"TBD"}},{"type":"Feature","geometry":{"type":"Point","coordinates":[-101.24264,21.004528]},"properties":{"id":"MX-GUA-5197","nombre":"Panorámica","portfolio":"MTP","estado":"GUA","municipio":"TBD"}},{"type":"Feature","geometry":{"type":"Point","coordinates":[-101.86953,20.3740555]},"properties":{"id":"MX-GUA-5198","nombre":"Cruz Verde","portfolio":"MTP","estado":"GUA","municipio":"Guanajuato"}},{"type":"Feature","geometry":{"type":"Point","coordinates":[-101.84531,20.2821389]},"properties":{"id":"MX-GUA-5200","nombre":"Los Morales","portfolio":"MTP","estado":"GUA","municipio":"TBD"}},{"type":"Feature","geometry":{"type":"Point","coordinates":[-101.43753,20.9535969]},"properties":{"id":"MX-GUA-5203","nombre":"Ramales","portfolio":"MTP","estado":"GUA","municipio":"Guanajuato"}},{"type":"Feature","geometry":{"type":"Point","coordinates":[-101.19277778,20.58552778]},"properties":{"id":"MX-GUA-5204","nombre":"Bellavista","portfolio":"MTP","estado":"GUA","municipio":"Salamanca"}},{"type":"Feature","geometry":{"type":"Point","coordinates":[-100.80266,20.4410555]},"properties":{"id":"MX-GUA-5205","nombre":"Los Mancera","portfolio":"MTP","estado":"GUA","municipio":"TBD"}},{"type":"Feature","geometry":{"type":"Point","coordinates":[-100.79586111,20.50983333]},"properties":{"id":"MX-GUA-5206","nombre":"Camelia","portfolio":"MTP","estado":"GUA","municipio":"Celaya"}},{"type":"Feature","geometry":{"type":"Point","coordinates":[-100.83419444,20.49430556]},"properties":{"id":"MX-GUA-5207","nombre":"Ugto Celaya","portfolio":"MTP","estado":"GUA","municipio":"Guanajuato"}},{"type":"Feature","geometry":{"type":"Point","coordinates":[-101.26633,21.0231805]},"properties":{"id":"MX-GUA-5210","nombre":"Carrizo","portfolio":"MTP","estado":"GUA","municipio":"Guanajuato"}},{"type":"Feature","geometry":{"type":"Point","coordinates":[-101.71799722,21.18893889]},"properties":{"id":"MX-GUA-5214","nombre":"Gran Jardín","portfolio":"MTP","estado":"GUA","municipio":"Leon"}},{"type":"Feature","geometry":{"type":"Point","coordinates":[-101.383175,20.64013056]},"properties":{"id":"MX-GUA-5239","nombre":"Del Jardin","portfolio":"MTP","estado":"GUA","municipio":"Irapuato"}},{"type":"Feature","geometry":{"type":"Point","coordinates":[-101.9545278,20.72325]},"properties":{"id":"MX-GUA-5240","nombre":"Manuel Doblado","portfolio":"MTP","estado":"GUA","municipio":"Ciudad Manuel Doblado"}},{"type":"Feature","geometry":{"type":"Point","coordinates":[-101.2010583,20.40083056]},"properties":{"id":"MX-GUA-5241","nombre":"Malpais","portfolio":"MTP","estado":"GUA","municipio":"Lagunilla De Malpais"}},{"type":"Feature","geometry":{"type":"Point","coordinates":[-98.7372,20.10634]},"properties":{"id":"MX-HID-0003","nombre":"Pachuca Cubitos","portfolio":"MTP","estado":"HID","municipio":"Pachuca"}},{"type":"Feature","geometry":{"type":"Point","coordinates":[-98.97882,19.827677]},"properties":{"id":"MX-HID-0006","nombre":"Eje Oriente Poniente","portfolio":"MTP","estado":"HID","municipio":"Tizayuca"}},{"type":"Feature","geometry":{"type":"Point","coordinates":[-98.96908333,19.85794444]},"properties":{"id":"MX-HID-0007","nombre":"Norte Juarez","portfolio":"MTP","estado":"HID","municipio":"Tizayuca"}},{"type":"Feature","geometry":{"type":"Point","coordinates":[-98.2762472,20.957658]},"properties":{"id":"MX-HID-0010","nombre":"Acatepec","portfolio":"MTP","estado":"HID","municipio":"Huautla"}},{"type":"Feature","geometry":{"type":"Point","coordinates":[-98.982174,21.289708]},"properties":{"id":"MX-HID-0011","nombre":"La Laguna","portfolio":"MTP","estado":"HID","municipio":"Pisaflores"}},{"type":"Feature","geometry":{"type":"Point","coordinates":[-98.33542777,20.844155]},"properties":{"id":"MX-HID-0012","nombre":"Pachiquitla","portfolio":"MTP","estado":"HID","municipio":"Xochiatipan"}},{"type":"Feature","geometry":{"type":"Point","coordinates":[-98.506163,21.360902]},"properties":{"id":"MX-HID-0013","nombre":"Lopez Portillo","portfolio":"MTP","estado":"HID","municipio":"Hidalgo"}},{"type":"Feature","geometry":{"type":"Point","coordinates":[-98.644244,20.890047]},"properties":{"id":"MX-HID-0014","nombre":"Ahuacatlan","portfolio":"MTP","estado":"HID","municipio":"Hidalgo"}},{"type":"Feature","geometry":{"type":"Point","coordinates":[-98.658394,21.330006]},"properties":{"id":"MX-HID-0015","nombre":"El Potrero","portfolio":"MTP","estado":"HID","municipio":"Hidalgo"}},{"type":"Feature","geometry":{"type":"Point","coordinates":[-98.730505,20.933148]},"properties":{"id":"MX-HID-0016","nombre":"Tlaltepingo","portfolio":"MTP","estado":"HID","municipio":"Tlaltepingo"}},{"type":"Feature","geometry":{"type":"Point","coordinates":[-98.467154,20.825143]},"properties":{"id":"MX-HID-0017","nombre":"Atecoxco","portfolio":"MTP","estado":"HID","municipio":"Atecoxco"}},{"type":"Feature","geometry":{"type":"Point","coordinates":[-98.55636076,19.77819011]},"properties":{"id":"MX-HID-0018","nombre":"Sahagun","portfolio":"MTP","estado":"HID","municipio":"Tepeapulco"}},{"type":"Feature","geometry":{"type":"Point","coordinates":[-98.50452482,19.76894508]},"properties":{"id":"MX-HID-0019","nombre":"20 De Noviembre","portfolio":"MTP","estado":"HID","municipio":"Hidalgo"}},{"type":"Feature","geometry":{"type":"Point","coordinates":[-98.646385,20.168888]},"properties":{"id":"MX-HID-0022","nombre":"Omitlán De Juárez","portfolio":"MTP","estado":"HID","municipio":"TBD"}},{"type":"Feature","geometry":{"type":"Point","coordinates":[-98.954083,20.278389]},"properties":{"id":"MX-HID-0023","nombre":"Daxtha","portfolio":"MTP","estado":"HID","municipio":"Actopan"}},{"type":"Feature","geometry":{"type":"Point","coordinates":[-98.990089,21.101333]},"properties":{"id":"MX-HID-0024","nombre":"Chapulhuacan","portfolio":"MTP","estado":"HID","municipio":"Hidalgo"}},{"type":"Feature","geometry":{"type":"Point","coordinates":[-98.329175,20.903733]},"properties":{"id":"MX-HID-0025","nombre":"Chiatitla","portfolio":"MTP","estado":"HID","municipio":"Hidalgo"}},{"type":"Feature","geometry":{"type":"Point","coordinates":[-98.159427,21.049851]},"properties":{"id":"MX-HID-0026","nombre":"El Ixtle","portfolio":"MTP","estado":"HID","municipio":"Hidalgo"}},{"type":"Feature","geometry":{"type":"Point","coordinates":[-98.282811,21.037119]},"properties":{"id":"MX-HID-0027","nombre":"Huautla","portfolio":"MTP","estado":"HID","municipio":"Hidalgo"}},{"type":"Feature","geometry":{"type":"Point","coordinates":[-99.151617,20.768467]},"properties":{"id":"MX-HID-0028","nombre":"Nicolás Flores","portfolio":"MTP","estado":"HID","municipio":"Hidalgo"}},{"type":"Feature","geometry":{"type":"Point","coordinates":[-98.217206,20.48185]},"properties":{"id":"MX-HID-0029","nombre":"Palo Gordo","portfolio":"MTP","estado":"HID","municipio":"Hidalgo"}},{"type":"Feature","geometry":{"type":"Point","coordinates":[-98.098614,20.502708]},"properties":{"id":"MX-HID-0030","nombre":"San Bartolo Tutotepec","portfolio":"MTP","estado":"HID","municipio":"Hidalgo"}},{"type":"Feature","geometry":{"type":"Point","coordinates":[-98.104209,20.421373]},"properties":{"id":"MX-HID-0031","nombre":"Santa Ursula","portfolio":"MTP","estado":"HID","municipio":"Hidalgo"}},{"type":"Feature","geometry":{"type":"Point","coordinates":[-98.915389,20.980119]},"properties":{"id":"MX-HID-0032","nombre":"Xilocoatitla","portfolio":"MTP","estado":"HID","municipio":"Hidalgo"}},{"type":"Feature","geometry":{"type":"Point","coordinates":[-98.382828,20.949619]},"properties":{"id":"MX-HID-0033","nombre":"Yahualica","portfolio":"MTP","estado":"HID","municipio":"Hidalgo"}},{"type":"Feature","geometry":{"type":"Point","coordinates":[-98.040669,20.621556]},"properties":{"id":"MX-HID-0034","nombre":"El Xoñe","portfolio":"MTP","estado":"HID","municipio":"Hidalgo"}},{"type":"Feature","geometry":{"type":"Point","coordinates":[-99.099742,21.099906]},"properties":{"id":"MX-HID-0035","nombre":"Las Fuentes","portfolio":"MTP","estado":"HID","municipio":"Hidalgo"}},{"type":"Feature","geometry":{"type":"Point","coordinates":[-98.95243,21.02364]},"properties":{"id":"MX-HID-0036","nombre":"Buenavista","portfolio":"MTP","estado":"HID","municipio":"Hidalgo"}},{"type":"Feature","geometry":{"type":"Point","coordinates":[-98.217735,20.963763]},"properties":{"id":"MX-HID-0037","nombre":"Pepeyoca","portfolio":"MTP","estado":"HID","municipio":"Hidalgo"}},{"type":"Feature","geometry":{"type":"Point","coordinates":[-98.212242,21.016199]},"properties":{"id":"MX-HID-0038","nombre":"Tamoyon","portfolio":"MTP","estado":"HID","municipio":"Hidalgo"}},{"type":"Feature","geometry":{"type":"Point","coordinates":[-98.689964,20.665861]},"properties":{"id":"MX-HID-0039","nombre":"Alumbres","portfolio":"MTP","estado":"HID","municipio":"Hidalgo"}},{"type":"Feature","geometry":{"type":"Point","coordinates":[-99.014257,19.805967]},"properties":{"id":"MX-HID-0040","nombre":"Capacidad-064","portfolio":"MTP","estado":"HID","municipio":"Estado de México"}},{"type":"Feature","geometry":{"type":"Point","coordinates":[-99.04716,19.81682]},"properties":{"id":"MX-HID-0041","nombre":"Capacidad-159","portfolio":"MTP","estado":"HID","municipio":"Zumpango"}},{"type":"Feature","geometry":{"type":"Point","coordinates":[-98.946202,21.199379]},"properties":{"id":"MX-HID-0042","nombre":"El-Garabato","portfolio":"MTP","estado":"HID","municipio":"Hidalgo"}},{"type":"Feature","geometry":{"type":"Point","coordinates":[-98.887786,21.08393]},"properties":{"id":"MX-HID-0043","nombre":"San-Andres","portfolio":"MTP","estado":"HID","municipio":"San Andrés"}},{"type":"Feature","geometry":{"type":"Point","coordinates":[-99.332253,19.900193]},"properties":{"id":"MX-HID-0044","nombre":"Antigua-Mexico-Queretaro","portfolio":"MTP","estado":"HID","municipio":"Tepeji del Río de Ocampo"}},{"type":"Feature","geometry":{"type":"Point","coordinates":[-98.69371,20.07554]},"properties":{"id":"MX-HID-0045","nombre":"Pachuquilla","portfolio":"MTP","estado":"HID","municipio":"Hidalgo"}},{"type":"Feature","geometry":{"type":"Point","coordinates":[-98.335544,20.049417]},"properties":{"id":"MX-HID-0046","nombre":"El Condor","portfolio":"MTP","estado":"HID","municipio":"Hidalgo"}},{"type":"Feature","geometry":{"type":"Point","coordinates":[-99.5206,20.6109]},"properties":{"id":"MX-HID-0047","nombre":"Presa Zimapan","portfolio":"MTP","estado":"HID","municipio":"Hidalgo"}},{"type":"Feature","geometry":{"type":"Point","coordinates":[-98.661099,20.639742]},"properties":{"id":"MX-HID-0048","nombre":"Capacidad-063","portfolio":"MTP","estado":"HID","municipio":"Hidalgo"}},{"type":"Feature","geometry":{"type":"Point","coordinates":[-98.7025,19.98197222]},"properties":{"id":"MX-HID-5001","nombre":"Xochihuacan","portfolio":"MTP","estado":"HID","municipio":"ZEMPOALA"}},{"type":"Feature","geometry":{"type":"Point","coordinates":[-99.33444444,20.05686111]},"properties":{"id":"MX-HID-5006","nombre":"Via Lactea","portfolio":"MTP","estado":"HID","municipio":"Tula"}},{"type":"Feature","geometry":{"type":"Point","coordinates":[-99.155405,20.100237]},"properties":{"id":"MX-HID-5007","nombre":"Tetepango","portfolio":"MTP","estado":"HID","municipio":"Tetepango"}},{"type":"Feature","geometry":{"type":"Point","coordinates":[-98.885878,20.116931]},"properties":{"id":"MX-HID-5008","nombre":"San Agustin Tlaxiaca","portfolio":"MTP","estado":"HID","municipio":"San Agustín Tlaxiaca"}},{"type":"Feature","geometry":{"type":"Point","coordinates":[-98.656615,20.648751]},"properties":{"id":"MX-HID-5009","nombre":"Zacualtipan","portfolio":"MTP","estado":"HID","municipio":"Zacualtipán"}},{"type":"Feature","geometry":{"type":"Point","coordinates":[-98.71697222,20.06147222]},"properties":{"id":"MX-HID-5010","nombre":"Fracc San Cristobal","portfolio":"MTP","estado":"HID","municipio":"Pachuca"}},{"type":"Feature","geometry":{"type":"Point","coordinates":[-98.78951667,20.01786111]},"properties":{"id":"MX-HID-5011","nombre":"Santa Matilde","portfolio":"MTP","estado":"HID","municipio":"Zempoala"}},{"type":"Feature","geometry":{"type":"Point","coordinates":[-98.720833,20.084722]},"properties":{"id":"MX-HID-5012","nombre":"Cadena","portfolio":"MTP","estado":"HID","municipio":"Mineral de la Reforma"}},{"type":"Feature","geometry":{"type":"Point","coordinates":[-98.734342,20.071704]},"properties":{"id":"MX-HID-5013","nombre":"El Chacon","portfolio":"MTP","estado":"HID","municipio":"Mineral de la Reforma"}},{"type":"Feature","geometry":{"type":"Point","coordinates":[-98.728858,20.042475]},"properties":{"id":"MX-HID-5014","nombre":"Chavarria","portfolio":"MTP","estado":"HID","municipio":"Pachuca"}},{"type":"Feature","geometry":{"type":"Point","coordinates":[-98.4165,20.068574]},"properties":{"id":"MX-HID-5021","nombre":"Tuxpan","portfolio":"MTP","estado":"HID","municipio":"Tulancingo De Bravo"}},{"type":"Feature","geometry":{"type":"Point","coordinates":[-99.34153,20.055933]},"properties":{"id":"MX-HID-5022","nombre":"Zaragozas","portfolio":"MTP","estado":"HID","municipio":"Tula"}},{"type":"Feature","geometry":{"type":"Point","coordinates":[-98.32591667,19.95608333]},"properties":{"id":"MX-HID-5024","nombre":"Aserradero","portfolio":"MTP","estado":"HID","municipio":"Cuautepec de Hinojosa"}},{"type":"Feature","geometry":{"type":"Point","coordinates":[-98.68077778,20.144275]},"properties":{"id":"MX-HID-5026","nombre":"Hiloche","portfolio":"MTP","estado":"HID","municipio":"Mineral del Monte"}},{"type":"Feature","geometry":{"type":"Point","coordinates":[-99.19570917,20.14133056]},"properties":{"id":"MX-HID-5027","nombre":"Juandho","portfolio":"MTP","estado":"HID","municipio":"Tlahuelilpan"}},{"type":"Feature","geometry":{"type":"Point","coordinates":[-98.74288917,20.14249583]},"properties":{"id":"MX-HID-5028","nombre":"San Cristobal","portfolio":"MTP","estado":"HID","municipio":"Pachuca de Soto"}},{"type":"Feature","geometry":{"type":"Point","coordinates":[-98.9708125,19.8834375]},"properties":{"id":"MX-HID-5031","nombre":"La Cruz Tizayuca","portfolio":"MTP","estado":"HID","municipio":"Tizayuca"}},{"type":"Feature","geometry":{"type":"Point","coordinates":[-98.784697,20.106008]},"properties":{"id":"MX-HID-5032","nombre":"Ampliacion El Palmar","portfolio":"MTP","estado":"HID","municipio":"Pachuca"}},{"type":"Feature","geometry":{"type":"Point","coordinates":[-98.9731875,19.8694375]},"properties":{"id":"MX-HID-5033","nombre":"Fresnos Tizayuca","portfolio":"MTP","estado":"HID","municipio":"Tizayuca"}},{"type":"Feature","geometry":{"type":"Point","coordinates":[-98.758226,20.052999]},"properties":{"id":"MX-HID-5034","nombre":"Los Tuzos","portfolio":"MTP","estado":"HID","municipio":"Mineral De La Reforma"}},{"type":"Feature","geometry":{"type":"Point","coordinates":[-98.78161,20.09858]},"properties":{"id":"MX-HID-5035","nombre":"Bonfil","portfolio":"MTP","estado":"HID","municipio":"Pachuca"}},{"type":"Feature","geometry":{"type":"Point","coordinates":[-98.77231,20.09758]},"properties":{"id":"MX-HID-5036","nombre":"Pirules","portfolio":"MTP","estado":"HID","municipio":"Pachuca"}},{"type":"Feature","geometry":{"type":"Point","coordinates":[-99.337843,20.0279569]},"properties":{"id":"MX-HID-5037","nombre":"Rio Tula","portfolio":"MTP","estado":"HID","municipio":"Tula"}},{"type":"Feature","geometry":{"type":"Point","coordinates":[-99.33781,19.90446]},"properties":{"id":"MX-HID-5038","nombre":"Rio Tepeji","portfolio":"MTP","estado":"HID","municipio":"Tepeji del Rio Ocampo"}},{"type":"Feature","geometry":{"type":"Point","coordinates":[-98.752167,20.090525]},"properties":{"id":"MX-HID-5039","nombre":"Valle de San Javier","portfolio":"MTP","estado":"HID","municipio":"Pachuca de Soto"}},{"type":"Feature","geometry":{"type":"Point","coordinates":[-98.731644,20.128139]},"properties":{"id":"MX-HID-5041","nombre":"Plaza Independencia","portfolio":"MTP","estado":"HID","municipio":"Pachuca de Soto"}},{"type":"Feature","geometry":{"type":"Point","coordinates":[-99.2215472,20.0502638]},"properties":{"id":"MX-HID-5043","nombre":"Atitalaquia","portfolio":"MTP","estado":"HID","municipio":"TBD"}},{"type":"Feature","geometry":{"type":"Point","coordinates":[-99.21717926,20.4763985]},"properties":{"id":"MX-HID-5044","nombre":"Calvario","portfolio":"MTP","estado":"HID","municipio":"Hidalgo"}},{"type":"Feature","geometry":{"type":"Point","coordinates":[-98.754314,20.09645]},"properties":{"id":"MX-HID-5045","nombre":"San Javier","portfolio":"MTP","estado":"HID","municipio":"Pachuca de Soto"}},{"type":"Feature","geometry":{"type":"Point","coordinates":[-99.32324827,19.932443]},"properties":{"id":"MX-HID-5046","nombre":"Presa Escondida","portfolio":"MTP","estado":"HID","municipio":"Hidalgo"}},{"type":"Feature","geometry":{"type":"Point","coordinates":[-98.757776,20.13024]},"properties":{"id":"MX-HID-5047","nombre":"Pachuca Norte","portfolio":"MTP","estado":"HID","municipio":"Hidalgo"}},{"type":"Feature","geometry":{"type":"Point","coordinates":[-99.345337,20.024422]},"properties":{"id":"MX-HID-5048","nombre":"Tula-Tepeji","portfolio":"MTP","estado":"HID","municipio":"San Marcos"}},{"type":"Feature","geometry":{"type":"Point","coordinates":[-98.354202,20.1047]},"properties":{"id":"MX-HID-5049","nombre":"Cantera","portfolio":"MTP","estado":"HID","municipio":"Hidalgo"}},{"type":"Feature","geometry":{"type":"Point","coordinates":[-99.345097,20.057547]},"properties":{"id":"MX-HID-5050","nombre":"Tula Norte","portfolio":"MTP","estado":"HID","municipio":"Tula de Allende"}},{"type":"Feature","geometry":{"type":"Point","coordinates":[-98.765824,20.114004]},"properties":{"id":"MX-HID-5051","nombre":"Ramon Bonfil","portfolio":"MTP","estado":"HID","municipio":"Pachuca de Soto"}},{"type":"Feature","geometry":{"type":"Point","coordinates":[-98.360944,20.059556]},"properties":{"id":"MX-HID-5052","nombre":"Medias Tierras","portfolio":"MTP","estado":"HID","municipio":"Hidalgo"}},{"type":"Feature","geometry":{"type":"Point","coordinates":[-98.372781,20.078003]},"properties":{"id":"MX-HID-5053","nombre":"Benito Juarez","portfolio":"MTP","estado":"HID","municipio":"TBD"}},{"type":"Feature","geometry":{"type":"Point","coordinates":[-99.340858,19.906429]},"properties":{"id":"MX-HID-5054","nombre":"Rio Tepeji","portfolio":"MTP","estado":"HID","municipio":"Tepeji del Río de Ocampo"}},{"type":"Feature","geometry":{"type":"Point","coordinates":[-98.704658,20.097486]},"properties":{"id":"MX-HID-5055","nombre":"Del Mango","portfolio":"MTP","estado":"HID","municipio":"Mineral de la Reforma"}},{"type":"Feature","geometry":{"type":"Point","coordinates":[-98.671629,20.13282]},"properties":{"id":"MX-HID-5072","nombre":"Mineral Del Monte","portfolio":"MTP","estado":"HID","municipio":"Mineral Del Monte"}},{"type":"Feature","geometry":{"type":"Point","coordinates":[-98.7738069,20.1136686]},"properties":{"id":"MX-HID-5075","nombre":"Federalismo","portfolio":"MTP","estado":"HID","municipio":"Pachuca"}},{"type":"Feature","geometry":{"type":"Point","coordinates":[-98.937154,19.877283]},"properties":{"id":"MX-HID-5084","nombre":"Bae El Manantial","portfolio":"MTP","estado":"HID","municipio":"Tizayuca"}},{"type":"Feature","geometry":{"type":"Point","coordinates":[-103.79098,21.82909]},"properties":{"id":"MX-JAL-0003","nombre":"Bolaños","portfolio":"MTP","estado":"JAL","municipio":"Bolaños"}},{"type":"Feature","geometry":{"type":"Point","coordinates":[-103.35252,20.7098888]},"properties":{"id":"MX-JAL-0004","nombre":"Fidel Velazquez","portfolio":"MTP","estado":"JAL","municipio":"Guadalajara"}},{"type":"Feature","geometry":{"type":"Point","coordinates":[-103.1925,20.3522222]},"properties":{"id":"MX-JAL-0006","nombre":"Ixtlahuacan De Los Membrillos","portfolio":"MTP","estado":"JAL","municipio":"Ixtlahuacán Del Río"}},{"type":"Feature","geometry":{"type":"Point","coordinates":[-102.76802,20.3705833]},"properties":{"id":"MX-JAL-0009","nombre":"Socrates","portfolio":"MTP","estado":"JAL","municipio":"Ocotlán"}},{"type":"Feature","geometry":{"type":"Point","coordinates":[-103.317714,20.68468]},"properties":{"id":"MX-JAL-0013","nombre":"Puerto Melaque","portfolio":"MTP","estado":"JAL","municipio":"Guadalajara"}},{"type":"Feature","geometry":{"type":"Point","coordinates":[-105.210486,20.6716]},"properties":{"id":"MX-JAL-0020","nombre":"El Magisterio","portfolio":"MTP","estado":"JAL","municipio":"Puerto Vallarta"}},{"type":"Feature","geometry":{"type":"Point","coordinates":[-105.20441,20.67311]},"properties":{"id":"MX-JAL-0021","nombre":"Progreso","portfolio":"MTP","estado":"JAL","municipio":"Puerto Vallarta"}},{"type":"Feature","geometry":{"type":"Point","coordinates":[-102.58691,21.673722]},"properties":{"id":"MX-JAL-0022","nombre":"Pueblo Textilero","portfolio":"MTP","estado":"JAL","municipio":"Villa Hidalgo"}},{"type":"Feature","geometry":{"type":"Point","coordinates":[-104.682778,19.2027778]},"properties":{"id":"MX-JAL-0024","nombre":"Barra De Navidad","portfolio":"MTP","estado":"JAL","municipio":"Barra de Navidad"}},{"type":"Feature","geometry":{"type":"Point","coordinates":[-103.411725,20.596872]},"properties":{"id":"MX-JAL-0028","nombre":"Haciendas De San Jose","portfolio":"MTP","estado":"JAL","municipio":"Tlaquepaque"}},{"type":"Feature","geometry":{"type":"Point","coordinates":[-103.283864,20.6992306]},"properties":{"id":"MX-JAL-0029","nombre":"Rio Verde","portfolio":"MTP","estado":"JAL","municipio":"Guadalajara"}},{"type":"Feature","geometry":{"type":"Point","coordinates":[-103.28695,20.6794166]},"properties":{"id":"MX-JAL-0030","nombre":"San Eugenio","portfolio":"MTP","estado":"JAL","municipio":"Guadalajara"}},{"type":"Feature","geometry":{"type":"Point","coordinates":[-103.2889,20.64056]},"properties":{"id":"MX-JAL-0032","nombre":"Altos Norte","portfolio":"MTP","estado":"JAL","municipio":"Tlaquepaque"}},{"type":"Feature","geometry":{"type":"Point","coordinates":[-103.3375,20.7091111]},"properties":{"id":"MX-JAL-0043","nombre":"Tucson","portfolio":"MTP","estado":"JAL","municipio":"Guadalajara"}},{"type":"Feature","geometry":{"type":"Point","coordinates":[-103.84105,20.8926222]},"properties":{"id":"MX-JAL-0045","nombre":"De Abajo","portfolio":"MTP","estado":"JAL","municipio":"Tequila"}},{"type":"Feature","geometry":{"type":"Point","coordinates":[-103.83424,20.885817]},"properties":{"id":"MX-JAL-0046","nombre":"La Muralla","portfolio":"MTP","estado":"JAL","municipio":"Tequila"}},{"type":"Feature","geometry":{"type":"Point","coordinates":[-102.77917,20.3681916]},"properties":{"id":"MX-JAL-0048","nombre":"La Primavera","portfolio":"MTP","estado":"JAL","municipio":"Ocotlán"}},{"type":"Feature","geometry":{"type":"Point","coordinates":[-103.303333,20.4286111]},"properties":{"id":"MX-JAL-0053","nombre":"Cajititlan","portfolio":"MTP","estado":"JAL","municipio":"Jalisco"}},{"type":"Feature","geometry":{"type":"Point","coordinates":[-102.14299,21.38125]},"properties":{"id":"MX-JAL-0054","nombre":"Cañada","portfolio":"MTP","estado":"JAL","municipio":"Jalisco"}},{"type":"Feature","geometry":{"type":"Point","coordinates":[-104.214167,19.8111111]},"properties":{"id":"MX-JAL-0055","nombre":"El Grullo","portfolio":"MTP","estado":"JAL","municipio":"Jalisco"}},{"type":"Feature","geometry":{"type":"Point","coordinates":[-103.546387,20.7270832]},"properties":{"id":"MX-JAL-0057","nombre":"La Venta","portfolio":"MTP","estado":"JAL","municipio":"Jalisco"}},{"type":"Feature","geometry":{"type":"Point","coordinates":[-102.787949,20.5445536]},"properties":{"id":"MX-JAL-0059","nombre":"Tototlan","portfolio":"MTP","estado":"JAL","municipio":"Jalisco"}},{"type":"Feature","geometry":{"type":"Point","coordinates":[-102.943668,20.5240834]},"properties":{"id":"MX-JAL-0060","nombre":"Coyotes","portfolio":"MTP","estado":"JAL","municipio":"Jalisco"}},{"type":"Feature","geometry":{"type":"Point","coordinates":[-102.586725,21.6818889]},"properties":{"id":"MX-JAL-0061","nombre":"Villa Hidalgo","portfolio":"MTP","estado":"JAL","municipio":"Jalisco"}},{"type":"Feature","geometry":{"type":"Point","coordinates":[-103.652717,20.713204]},"properties":{"id":"MX-JAL-0062","nombre":"Betterware","portfolio":"MTP","estado":"JAL","municipio":"Ejido Huaxtla El Arenal"}},{"type":"Feature","geometry":{"type":"Point","coordinates":[-105.24595,19.93763]},"properties":{"id":"MX-JAL-0064","nombre":"Tomatlan","portfolio":"MTP","estado":"JAL","municipio":"Tomatán"}},{"type":"Feature","geometry":{"type":"Point","coordinates":[-102.769167,20.3366667]},"properties":{"id":"MX-JAL-0066","nombre":"Nuevo Fuerte","portfolio":"MTP","estado":"JAL","municipio":"Ocotlan"}},{"type":"Feature","geometry":{"type":"Point","coordinates":[-105.2303398,20.6033141]},"properties":{"id":"MX-JAL-0071","nombre":"Basilio","portfolio":"MTP","estado":"JAL","municipio":"Jalisco"}},{"type":"Feature","geometry":{"type":"Point","coordinates":[-103.406258,20.501149]},"properties":{"id":"MX-JAL-0073","nombre":"Encinos","portfolio":"MTP","estado":"JAL","municipio":"Jalisco"}},{"type":"Feature","geometry":{"type":"Point","coordinates":[-102.1106639,21.6736056]},"properties":{"id":"MX-JAL-0075","nombre":"Bajío de San José","portfolio":"MTP","estado":"JAL","municipio":"Jalisco"}},{"type":"Feature","geometry":{"type":"Point","coordinates":[-103.543372,20.418528]},"properties":{"id":"MX-JAL-0076","nombre":"San Cayetano","portfolio":"MTP","estado":"JAL","municipio":"Jalisco"}},{"type":"Feature","geometry":{"type":"Point","coordinates":[-103.37347,20.667016]},"properties":{"id":"MX-JAL-1001","nombre":"Niños Heroes","portfolio":"MTP","estado":"JAL","municipio":"Guadalajara"}},{"type":"Feature","geometry":{"type":"Point","coordinates":[-103.38205,20.7107163]},"properties":{"id":"MX-JAL-5005","nombre":"Patria","portfolio":"MTP","estado":"JAL","municipio":"Municipio De Zapopan"}},{"type":"Feature","geometry":{"type":"Point","coordinates":[-102.595367,20.332039]},"properties":{"id":"MX-JAL-5007","nombre":"San Jose De Las Moras","portfolio":"MTP","estado":"JAL","municipio":"La Barca"}},{"type":"Feature","geometry":{"type":"Point","coordinates":[-102.8196,20.35]},"properties":{"id":"MX-JAL-5008","nombre":"Ocotlan Cerro","portfolio":"MTP","estado":"JAL","municipio":"Atoyac"}},{"type":"Feature","geometry":{"type":"Point","coordinates":[-103.531667,20.0155556]},"properties":{"id":"MX-JAL-5009","nombre":"Atoyac","portfolio":"MTP","estado":"JAL","municipio":"Atoyac"}},{"type":"Feature","geometry":{"type":"Point","coordinates":[-102.771389,20.3611111]},"properties":{"id":"MX-JAL-5011","nombre":"Celanese","portfolio":"MTP","estado":"JAL","municipio":"Ocotlán"}},{"type":"Feature","geometry":{"type":"Point","coordinates":[-102.923313,20.464733]},"properties":{"id":"MX-JAL-5013","nombre":"Zapotlan El Rey","portfolio":"MTP","estado":"JAL","municipio":"Zapotlán Del Rey"}},{"type":"Feature","geometry":{"type":"Point","coordinates":[-103.057008,20.623149]},"properties":{"id":"MX-JAL-5014","nombre":"Paraiso","portfolio":"MTP","estado":"JAL","municipio":"Zapotlanejo"}},{"type":"Feature","geometry":{"type":"Point","coordinates":[-102.773056,20.3161111]},"properties":{"id":"MX-JAL-5015","nombre":"Granjeros","portfolio":"MTP","estado":"JAL","municipio":"Ocotlán"}},{"type":"Feature","geometry":{"type":"Point","coordinates":[-103.537778,19.4175]},"properties":{"id":"MX-JAL-5017","nombre":"Tonila","portfolio":"MTP","estado":"JAL","municipio":"Tonila"}},{"type":"Feature","geometry":{"type":"Point","coordinates":[-105.214497,20.6434944]},"properties":{"id":"MX-JAL-5018","nombre":"Los Sauces","portfolio":"MTP","estado":"JAL","municipio":"Puerto Vallarta"}},{"type":"Feature","geometry":{"type":"Point","coordinates":[-105.246729,20.665378]},"properties":{"id":"MX-JAL-5019","nombre":"Marina","portfolio":"MTP","estado":"JAL","municipio":"Puerto Vallarta"}},{"type":"Feature","geometry":{"type":"Point","coordinates":[-103.418481,20.519045]},"properties":{"id":"MX-JAL-5020","nombre":"Villas De Eden","portfolio":"MTP","estado":"JAL","municipio":"Tlajomulco De Zúñiga"}},{"type":"Feature","geometry":{"type":"Point","coordinates":[-103.351382,20.598694]},"properties":{"id":"MX-JAL-5022","nombre":"Tepeyac","portfolio":"MTP","estado":"JAL","municipio":"Tlaquepaque"}},{"type":"Feature","geometry":{"type":"Point","coordinates":[-105.226355,20.665221]},"properties":{"id":"MX-JAL-5024","nombre":"La Floresta","portfolio":"MTP","estado":"JAL","municipio":"Puerto Vallarta"}},{"type":"Feature","geometry":{"type":"Point","coordinates":[-105.219655,20.709932]},"properties":{"id":"MX-JAL-5026","nombre":"Villas Las Palmas","portfolio":"MTP","estado":"JAL","municipio":"Puerto Vallarta"}},{"type":"Feature","geometry":{"type":"Point","coordinates":[-103.37675,20.51616667]},"properties":{"id":"MX-JAL-5027","nombre":"Laguna Del Cuervo","portfolio":"MTP","estado":"JAL","municipio":"Tlajomulco De Zúñiga"}},{"type":"Feature","geometry":{"type":"Point","coordinates":[-103.1241,20.5824]},"properties":{"id":"MX-JAL-5028","nombre":"La Laja","portfolio":"MTP","estado":"JAL","municipio":"Zapotlanejo"}},{"type":"Feature","geometry":{"type":"Point","coordinates":[-103.390862,20.618456]},"properties":{"id":"MX-JAL-5030","nombre":"Jacarandas","portfolio":"MTP","estado":"JAL","municipio":"Guadalajara"}},{"type":"Feature","geometry":{"type":"Point","coordinates":[-103.689131,20.706746]},"properties":{"id":"MX-JAL-5031","nombre":"Ruiseñor","portfolio":"MTP","estado":"JAL","municipio":"Tala"}},{"type":"Feature","geometry":{"type":"Point","coordinates":[-103.861325,20.58477222]},"properties":{"id":"MX-JAL-5032","nombre":"La Vega","portfolio":"MTP","estado":"JAL","municipio":"Teuchitlán"}},{"type":"Feature","geometry":{"type":"Point","coordinates":[-102.393228,21.031794]},"properties":{"id":"MX-JAL-5033","nombre":"San Miguel El Alto 2","portfolio":"MTP","estado":"JAL","municipio":"San Miguel El Alto"}},{"type":"Feature","geometry":{"type":"Point","coordinates":[-102.337929,20.717734]},"properties":{"id":"MX-JAL-5034","nombre":"Loma Alta","portfolio":"MTP","estado":"JAL","municipio":"Arandas"}},{"type":"Feature","geometry":{"type":"Point","coordinates":[-102.347456,20.681569]},"properties":{"id":"MX-JAL-5035","nombre":"Domec","portfolio":"MTP","estado":"JAL","municipio":"Arandas"}},{"type":"Feature","geometry":{"type":"Point","coordinates":[-102.455736,21.192358]},"properties":{"id":"MX-JAL-5036","nombre":"Santo Toribio","portfolio":"MTP","estado":"JAL","municipio":"Jalostotitlán"}},{"type":"Feature","geometry":{"type":"Point","coordinates":[-103.821432,20.878446]},"properties":{"id":"MX-JAL-5041","nombre":"La Escondida","portfolio":"MTP","estado":"JAL","municipio":"Tequila"}},{"type":"Feature","geometry":{"type":"Point","coordinates":[-103.96561667,20.91033889]},"properties":{"id":"MX-JAL-5042","nombre":"El Pile","portfolio":"MTP","estado":"JAL","municipio":"Magdalena"}},{"type":"Feature","geometry":{"type":"Point","coordinates":[-103.9226944,20.43283333]},"properties":{"id":"MX-JAL-5043","nombre":"San Martin Hidalgo","portfolio":"MTP","estado":"JAL","municipio":"San Martín Hidalgo"}},{"type":"Feature","geometry":{"type":"Point","coordinates":[-101.925357,21.372981]},"properties":{"id":"MX-JAL-5044","nombre":"La Laguna","portfolio":"MTP","estado":"JAL","municipio":"Lagos De Moreno"}},{"type":"Feature","geometry":{"type":"Point","coordinates":[-103.201398,20.509872]},"properties":{"id":"MX-JAL-5045","nombre":"Los Treboles","portfolio":"MTP","estado":"JAL","municipio":"El Salto"}},{"type":"Feature","geometry":{"type":"Point","coordinates":[-103.445714,20.847005]},"properties":{"id":"MX-JAL-5048","nombre":"Mirador Del Bosque","portfolio":"MTP","estado":"JAL","municipio":"Zapopan"}},{"type":"Feature","geometry":{"type":"Point","coordinates":[-103.2381667,20.86547222]},"properties":{"id":"MX-JAL-5050","nombre":"Ixtlahuacan Del Rio","portfolio":"MTP","estado":"JAL","municipio":"Ixtlahuacán Del Río"}},{"type":"Feature","geometry":{"type":"Point","coordinates":[-103.397972,20.692417]},"properties":{"id":"MX-JAL-5052","nombre":"Acueducto Montevideo","portfolio":"MTP","estado":"JAL","municipio":"Guadalajara"}},{"type":"Feature","geometry":{"type":"Point","coordinates":[-103.736239,20.672447]},"properties":{"id":"MX-JAL-5058","nombre":"Refugio","portfolio":"MTP","estado":"JAL","municipio":"Tala"}},{"type":"Feature","geometry":{"type":"Point","coordinates":[-103.463116,20.81229]},"properties":{"id":"MX-JAL-5059","nombre":"San Jose Ejidal","portfolio":"MTP","estado":"JAL","municipio":"Zapopan"}},{"type":"Feature","geometry":{"type":"Point","coordinates":[-102.3352083,21.24501667]},"properties":{"id":"MX-JAL-5063","nombre":"El Grillo","portfolio":"MTP","estado":"JAL","municipio":"San Juan De Los Lagos"}},{"type":"Feature","geometry":{"type":"Point","coordinates":[-103.712175,20.66635556]},"properties":{"id":"MX-JAL-5075","nombre":"Guadalupe","portfolio":"MTP","estado":"JAL","municipio":"Tala"}},{"type":"Feature","geometry":{"type":"Point","coordinates":[-103.6995,20.64315833]},"properties":{"id":"MX-JAL-5077","nombre":"Diegues","portfolio":"MTP","estado":"JAL","municipio":"Tala"}},{"type":"Feature","geometry":{"type":"Point","coordinates":[-103.46355556,20.80155556]},"properties":{"id":"MX-JAL-5078","nombre":"Lago Escondido","portfolio":"MTP","estado":"JAL","municipio":"Zapopan"}},{"type":"Feature","geometry":{"type":"Point","coordinates":[-103.43254,20.656216]},"properties":{"id":"MX-JAL-5079","nombre":"Plaza Guadalupe","portfolio":"CAPSA","estado":"JAL","municipio":"Zapopan"}},{"type":"Feature","geometry":{"type":"Point","coordinates":[-103.37672222,20.70369444]},"properties":{"id":"MX-JAL-5081","nombre":"Salto Del Agua","portfolio":"CAPSA","estado":"JAL","municipio":"Guadalajara"}},{"type":"Feature","geometry":{"type":"Point","coordinates":[-103.42161111,20.67297222]},"properties":{"id":"MX-JAL-5082","nombre":"Musicos","portfolio":"CAPSA","estado":"JAL","municipio":"Zapopan"}},{"type":"Feature","geometry":{"type":"Point","coordinates":[-103.4135,20.70452778]},"properties":{"id":"MX-JAL-5083","nombre":"Santa Isabel","portfolio":"CAPSA","estado":"JAL","municipio":"Zapopan"}},{"type":"Feature","geometry":{"type":"Point","coordinates":[-103.4002028,20.63795833]},"properties":{"id":"MX-JAL-5085","nombre":"Quebrada","portfolio":"CAPSA","estado":"JAL","municipio":"Zapopan"}},{"type":"Feature","geometry":{"type":"Point","coordinates":[-103.311592,20.62029]},"properties":{"id":"MX-JAL-5086","nombre":"Batalla De Zacatecas","portfolio":"CAPSA","estado":"JAL","municipio":"Tlaquepaque"}},{"type":"Feature","geometry":{"type":"Point","coordinates":[-103.43948333,20.69346667]},"properties":{"id":"MX-JAL-5087","nombre":"Paseo De Los Virreyes","portfolio":"CAPSA","estado":"JAL","municipio":"Zapopan"}},{"type":"Feature","geometry":{"type":"Point","coordinates":[-103.39316667,20.64727778]},"properties":{"id":"MX-JAL-5088","nombre":"Bosques Del Valle","portfolio":"CAPSA","estado":"JAL","municipio":"Guadalajara"}},{"type":"Feature","geometry":{"type":"Point","coordinates":[-103.39191667,20.63533333]},"properties":{"id":"MX-JAL-5089","nombre":"Isla Gomera","portfolio":"CAPSA","estado":"JAL","municipio":"Guadalajara"}},{"type":"Feature","geometry":{"type":"Point","coordinates":[-103.386828,20.719248]},"properties":{"id":"MX-JAL-5090","nombre":"El Capullo","portfolio":"CAPSA","estado":"JAL","municipio":"Zapopan"}},{"type":"Feature","geometry":{"type":"Point","coordinates":[-103.39451667,20.72191667]},"properties":{"id":"MX-JAL-5091","nombre":"Unidad Republica","portfolio":"CAPSA","estado":"JAL","municipio":"Zapopan"}},{"type":"Feature","geometry":{"type":"Point","coordinates":[-103.390683,20.759483]},"properties":{"id":"MX-JAL-5092","nombre":"Hacienda Del Jazmin","portfolio":"CAPSA","estado":"JAL","municipio":"Zapopan"}},{"type":"Feature","geometry":{"type":"Point","coordinates":[-103.336664,20.672839]},"properties":{"id":"MX-JAL-5093","nombre":"Mariano Jimenez","portfolio":"CAPSA","estado":"JAL","municipio":"Guadalajara"}},{"type":"Feature","geometry":{"type":"Point","coordinates":[-103.38302778,20.69075]},"properties":{"id":"MX-JAL-5094","nombre":"Prados Providencia","portfolio":"CAPSA","estado":"JAL","municipio":"Guadalajara"}},{"type":"Feature","geometry":{"type":"Point","coordinates":[-103.39661111,20.65258333]},"properties":{"id":"MX-JAL-5096","nombre":"Chocolatera","portfolio":"CAPSA","estado":"JAL","municipio":"Zapopan"}},{"type":"Feature","geometry":{"type":"Point","coordinates":[-103.34711111,20.70272222]},"properties":{"id":"MX-JAL-5097","nombre":"Cientificos","portfolio":"CAPSA","estado":"JAL","municipio":"Guadalajara"}},{"type":"Feature","geometry":{"type":"Point","coordinates":[-103.21498333,20.66675]},"properties":{"id":"MX-JAL-5098","nombre":"Matatlan","portfolio":"CAPSA","estado":"JAL","municipio":"Tonalá"}},{"type":"Feature","geometry":{"type":"Point","coordinates":[-103.3741,20.67105]},"properties":{"id":"MX-JAL-5100","nombre":"Deitz","portfolio":"CAPSA","estado":"JAL","municipio":"Guadalajara"}},{"type":"Feature","geometry":{"type":"Point","coordinates":[-103.369362,20.647466]},"properties":{"id":"MX-JAL-5101","nombre":"Proceso","portfolio":"CAPSA","estado":"JAL","municipio":"Guadalajara"}},{"type":"Feature","geometry":{"type":"Point","coordinates":[-103.42919444,20.7235]},"properties":{"id":"MX-JAL-5102","nombre":"Trompo Mágico","portfolio":"CAPSA","estado":"JAL","municipio":"Zapopan"}},{"type":"Feature","geometry":{"type":"Point","coordinates":[-103.38701111,20.70192778]},"properties":{"id":"MX-JAL-5103","nombre":"Aldrete","portfolio":"CAPSA","estado":"JAL","municipio":"Guadalajara"}},{"type":"Feature","geometry":{"type":"Point","coordinates":[-103.32627778,20.29316667]},"properties":{"id":"MX-JAL-5105","nombre":"Monte Coxala","portfolio":"CAPSA","estado":"JAL","municipio":"Jocotepec"}},{"type":"Feature","geometry":{"type":"Point","coordinates":[-103.42294444,20.69042778]},"properties":{"id":"MX-JAL-5106","nombre":"La Cima","portfolio":"CAPSA","estado":"JAL","municipio":"Zapopan"}},{"type":"Feature","geometry":{"type":"Point","coordinates":[-103.41741667,20.63519444]},"properties":{"id":"MX-JAL-5107","nombre":"Hacienda La Calma","portfolio":"CAPSA","estado":"JAL","municipio":"Zapopan"}},{"type":"Feature","geometry":{"type":"Point","coordinates":[-103.4659139,20.69544167]},"properties":{"id":"MX-JAL-5108","nombre":"El Bajio","portfolio":"CAPSA","estado":"JAL","municipio":"Zapopan"}},{"type":"Feature","geometry":{"type":"Point","coordinates":[-103.26508333,20.65263889]},"properties":{"id":"MX-JAL-5109","nombre":"Zalatitlan","portfolio":"CAPSA","estado":"JAL","municipio":"Tonalá"}},{"type":"Feature","geometry":{"type":"Point","coordinates":[-103.42752778,20.66922222]},"properties":{"id":"MX-JAL-5110","nombre":"Beethoven","portfolio":"CAPSA","estado":"JAL","municipio":"Zapopan"}},{"type":"Feature","geometry":{"type":"Point","coordinates":[-103.385673,20.731794]},"properties":{"id":"MX-JAL-5111","nombre":"Divina Comedia","portfolio":"CAPSA","estado":"JAL","municipio":"Zapopan"}},{"type":"Feature","geometry":{"type":"Point","coordinates":[-103.40101389,20.74152778]},"properties":{"id":"MX-JAL-5112","nombre":"Jabil","portfolio":"CAPSA","estado":"JAL","municipio":"Zapopan"}},{"type":"Feature","geometry":{"type":"Point","coordinates":[-103.44787222,20.60029722]},"properties":{"id":"MX-JAL-5113","nombre":"Magnolias","portfolio":"CAPSA","estado":"JAL","municipio":"Zapopan"}},{"type":"Feature","geometry":{"type":"Point","coordinates":[-103.41341667,20.66886111]},"properties":{"id":"MX-JAL-5114","nombre":"Aquino","portfolio":"CAPSA","estado":"JAL","municipio":"Zapopan"}},{"type":"Feature","geometry":{"type":"Point","coordinates":[-103.43103611,20.68144722]},"properties":{"id":"MX-JAL-5116","nombre":"Camichines Vallarta","portfolio":"CAPSA","estado":"JAL","municipio":"Zapopan"}},{"type":"Feature","geometry":{"type":"Point","coordinates":[-105.07227778,19.51033333]},"properties":{"id":"MX-JAL-5117","nombre":"Punta Etiopia","portfolio":"CAPSA","estado":"JAL","municipio":"La Huerta"}},{"type":"Feature","geometry":{"type":"Point","coordinates":[-103.40755556,20.66733333]},"properties":{"id":"MX-JAL-5119","nombre":"Santa Laura","portfolio":"CAPSA","estado":"JAL","municipio":"Zapopan"}},{"type":"Feature","geometry":{"type":"Point","coordinates":[-103.38050833,20.69766667]},"properties":{"id":"MX-JAL-5120","nombre":"Chivas Reub","portfolio":"CAPSA","estado":"JAL","municipio":"Guadalajara"}},{"type":"Feature","geometry":{"type":"Point","coordinates":[-103.39643333,20.68892222]},"properties":{"id":"MX-JAL-5121","nombre":"Terrazas De Monraz Revvx","portfolio":"CAPSA","estado":"JAL","municipio":"Guadalajara"}},{"type":"Feature","geometry":{"type":"Point","coordinates":[-103.44051111,20.69814167]},"properties":{"id":"MX-JAL-5122","nombre":"Naciones Unidas V2","portfolio":"CAPSA","estado":"JAL","municipio":"Zapopan"}},{"type":"Feature","geometry":{"type":"Point","coordinates":[-103.3879444,20.70969444]},"properties":{"id":"MX-JAL-5123","nombre":"Guadalajara Une","portfolio":"CAPSA","estado":"JAL","municipio":"Guadalajara"}},{"type":"Feature","geometry":{"type":"Point","coordinates":[-103.40528333,20.64876667]},"properties":{"id":"MX-JAL-5124","nombre":"Glorieta Mariano Otero","portfolio":"CAPSA","estado":"JAL","municipio":"Zapopan"}},{"type":"Feature","geometry":{"type":"Point","coordinates":[-103.38794444,20.70969444]},"properties":{"id":"MX-JAL-5125","nombre":"Montevideo","portfolio":"CAPSA","estado":"JAL","municipio":"Guadalajara"}},{"type":"Feature","geometry":{"type":"Point","coordinates":[-103.40236667,20.6526]},"properties":{"id":"MX-JAL-5126","nombre":"Bosques","portfolio":"CAPSA","estado":"JAL","municipio":"Zapopan"}},{"type":"Feature","geometry":{"type":"Point","coordinates":[-103.30313889,20.64469444]},"properties":{"id":"MX-JAL-5127","nombre":"Marqueza","portfolio":"CAPSA","estado":"JAL","municipio":"Guadalajara"}},{"type":"Feature","geometry":{"type":"Point","coordinates":[-103.46272222,20.72228611]},"properties":{"id":"MX-JAL-5129","nombre":"Reub Valle Real","portfolio":"CAPSA","estado":"JAL","municipio":"Zapopan"}},{"type":"Feature","geometry":{"type":"Point","coordinates":[-103.380222,20.662528]},"properties":{"id":"MX-JAL-5132","nombre":"Cosmos","portfolio":"MTP","estado":"JAL","municipio":"Guadalajara"}},{"type":"Feature","geometry":{"type":"Point","coordinates":[-104.37602778,19.77019444]},"properties":{"id":"MX-JAL-5152","nombre":"Ipevi","portfolio":"MTP","estado":"JAL","municipio":"Autlán De Navarro"}},{"type":"Feature","geometry":{"type":"Point","coordinates":[-103.31758333,20.45125]},"properties":{"id":"MX-JAL-5153","nombre":"Mesa De La Cruz","portfolio":"MTP","estado":"JAL","municipio":"Tlajomulco De Zúñiga"}},{"type":"Feature","geometry":{"type":"Point","coordinates":[-104.36063889,19.76888889]},"properties":{"id":"MX-JAL-5154","nombre":"Puerta De La Costa","portfolio":"MTP","estado":"JAL","municipio":"Autlán De Navarro"}},{"type":"Feature","geometry":{"type":"Point","coordinates":[-103.4158806,20.65243056]},"properties":{"id":"MX-JAL-5155","nombre":"Chichenitza","portfolio":"MTP","estado":"JAL","municipio":"Zapopan"}},{"type":"Feature","geometry":{"type":"Point","coordinates":[-103.39107,20.66044]},"properties":{"id":"MX-JAL-5156","nombre":"Orion","portfolio":"MTP","estado":"JAL","municipio":"Guadalajara"}},{"type":"Feature","geometry":{"type":"Point","coordinates":[-105.10303056,20.81705833]},"properties":{"id":"MX-JAL-5158","nombre":"Las Palmas","portfolio":"MTP","estado":"JAL","municipio":"Puerto Vallarta"}},{"type":"Feature","geometry":{"type":"Point","coordinates":[-103.4095278,20.67041667]},"properties":{"id":"MX-JAL-5162","nombre":"Hospital San Jose","portfolio":"MTP","estado":"JAL","municipio":"Zapopan"}},{"type":"Feature","geometry":{"type":"Point","coordinates":[-103.3805278,20.73815]},"properties":{"id":"MX-JAL-5165","nombre":"Auditorio Telmex 1","portfolio":"CAPSA","estado":"JAL","municipio":"Zapopan"}},{"type":"Feature","geometry":{"type":"Point","coordinates":[-103.3534861,20.69275556]},"properties":{"id":"MX-JAL-5170","nombre":"La Llave","portfolio":"MTP","estado":"JAL","municipio":"Guadalajara"}},{"type":"Feature","geometry":{"type":"Point","coordinates":[-103.186947,20.289669]},"properties":{"id":"MX-JAL-5172","nombre":"Cabeza De Demonio","portfolio":"MTP","estado":"JAL","municipio":"Chapala"}},{"type":"Feature","geometry":{"type":"Point","coordinates":[-103.433216,20.749092]},"properties":{"id":"MX-JAL-5183","nombre":"Gorrion","portfolio":"MTP","estado":"JAL","municipio":"Zapopan"}},{"type":"Feature","geometry":{"type":"Point","coordinates":[-103.37475,20.524235]},"properties":{"id":"MX-JAL-5184","nombre":"La Arbolada","portfolio":"MTP","estado":"JAL","municipio":"Tlajomulco De Zúñiga"}},{"type":"Feature","geometry":{"type":"Point","coordinates":[-103.28367,20.660805]},"properties":{"id":"MX-JAL-5186","nombre":"La Aurora","portfolio":"MTP","estado":"JAL","municipio":"Guadalajara"}},{"type":"Feature","geometry":{"type":"Point","coordinates":[-103.373667,20.660275]},"properties":{"id":"MX-JAL-5187","nombre":"Primavera","portfolio":"MTP","estado":"JAL","municipio":"Guadalajara"}},{"type":"Feature","geometry":{"type":"Point","coordinates":[-103.347392,20.678561]},"properties":{"id":"MX-JAL-5188","nombre":"Fray Antonio Alcalde","portfolio":"MTP","estado":"JAL","municipio":"Guadalajara"}},{"type":"Feature","geometry":{"type":"Point","coordinates":[-103.35844444,20.67228889]},"properties":{"id":"MX-JAL-5189","nombre":"Expiatorio","portfolio":"MTP","estado":"JAL","municipio":"Guadalajara"}},{"type":"Feature","geometry":{"type":"Point","coordinates":[-103.3772,20.67269983]},"properties":{"id":"MX-JAL-5192","nombre":"Santo Coyote","portfolio":"MTP","estado":"JAL","municipio":"Guadalajara"}},{"type":"Feature","geometry":{"type":"Point","coordinates":[-103.27095833,20.62560833]},"properties":{"id":"MX-JAL-5193","nombre":"Lomas De Camichines","portfolio":"MTP","estado":"JAL","municipio":"Tonalá"}},{"type":"Feature","geometry":{"type":"Point","coordinates":[-102.329078,21.243685]},"properties":{"id":"MX-JAL-5194","nombre":"Ahumada","portfolio":"MTP","estado":"JAL","municipio":"San Juan De Los Lagos"}},{"type":"Feature","geometry":{"type":"Point","coordinates":[-103.313806,20.626778]},"properties":{"id":"MX-JAL-5195","nombre":"La Capacha","portfolio":"MTP","estado":"JAL","municipio":"Tlaquepaque"}},{"type":"Feature","geometry":{"type":"Point","coordinates":[-103.397547,20.728106]},"properties":{"id":"MX-JAL-5196","nombre":"San Isidro Ejidal","portfolio":"MTP","estado":"JAL","municipio":"Zapopan"}},{"type":"Feature","geometry":{"type":"Point","coordinates":[-103.358432,20.60921]},"properties":{"id":"MX-JAL-5197","nombre":"Terralta","portfolio":"MTP","estado":"JAL","municipio":"Tlaquepaque"}},{"type":"Feature","geometry":{"type":"Point","coordinates":[-103.397854,20.635125]},"properties":{"id":"MX-JAL-5198","nombre":"Conchitas","portfolio":"MTP","estado":"JAL","municipio":"Tlaquepaque"}},{"type":"Feature","geometry":{"type":"Point","coordinates":[-103.277128,20.30037183]},"properties":{"id":"MX-JAL-5199","nombre":"Del Arroyo","portfolio":"MTP","estado":"JAL","municipio":"Chapala"}},{"type":"Feature","geometry":{"type":"Point","coordinates":[-105.24249383,20.58598583]},"properties":{"id":"MX-JAL-5201","nombre":"Dreams","portfolio":"CAPSA","estado":"JAL","municipio":"Puerto Vallarta"}},{"type":"Feature","geometry":{"type":"Point","coordinates":[-103.411711,20.592706]},"properties":{"id":"MX-JAL-5202","nombre":"El Real","portfolio":"MTP","estado":"JAL","municipio":"Tlaquepaque"}},{"type":"Feature","geometry":{"type":"Point","coordinates":[-103.236275,20.294814]},"properties":{"id":"MX-JAL-5205","nombre":"Ajijic","portfolio":"MTP","estado":"JAL","municipio":"Chapala"}},{"type":"Feature","geometry":{"type":"Point","coordinates":[-103.1860639,20.29641667]},"properties":{"id":"MX-JAL-5206","nombre":"Las Redes","portfolio":"MTP","estado":"JAL","municipio":"Chapala"}},{"type":"Feature","geometry":{"type":"Point","coordinates":[-103.26811,22.111918]},"properties":{"id":"MX-JAL-5207","nombre":"Colotlan","portfolio":"MTP","estado":"JAL","municipio":"Colotlán"}},{"type":"Feature","geometry":{"type":"Point","coordinates":[-103.34106389,20.6886444]},"properties":{"id":"MX-JAL-5208","nombre":"Hospital Civil","portfolio":"MTP","estado":"JAL","municipio":"Guadalajara"}},{"type":"Feature","geometry":{"type":"Point","coordinates":[-103.400864,20.523692]},"properties":{"id":"MX-JAL-5210","nombre":"Las Villas","portfolio":"MTP","estado":"JAL","municipio":"Tlajomulco de Zúñiga"}},{"type":"Feature","geometry":{"type":"Point","coordinates":[-103.4820556,19.68734722]},"properties":{"id":"MX-JAL-5213","nombre":"Libramiento Guzman","portfolio":"CAPSA","estado":"JAL","municipio":"Ciudad Guzmán"}},{"type":"Feature","geometry":{"type":"Point","coordinates":[-103.4316639,20.69598611]},"properties":{"id":"MX-JAL-5215","nombre":"Los Andes","portfolio":"CAPSA","estado":"JAL","municipio":"Zapopan"}},{"type":"Feature","geometry":{"type":"Point","coordinates":[-103.4149333,20.71902778]},"properties":{"id":"MX-JAL-5217","nombre":"Frailes","portfolio":"CAPSA","estado":"JAL","municipio":"Zapopan"}},{"type":"Feature","geometry":{"type":"Point","coordinates":[-103.2759639,20.6677444]},"properties":{"id":"MX-JAL-5227","nombre":"Las Presas","portfolio":"MTP","estado":"JAL","municipio":"Guadalajara"}},{"type":"Feature","geometry":{"type":"Point","coordinates":[-102.768778,20.7945]},"properties":{"id":"MX-JAL-5229","nombre":"Los Adobes","portfolio":"MTP","estado":"JAL","municipio":"Tepatitlán De Morelos"}},{"type":"Feature","geometry":{"type":"Point","coordinates":[-102.7715417,20.80323611]},"properties":{"id":"MX-JAL-5230","nombre":"Ayate","portfolio":"CAPSA","estado":"JAL","municipio":"Tepatitlán De Morelos"}},{"type":"Feature","geometry":{"type":"Point","coordinates":[-103.24163028,20.7553575]},"properties":{"id":"MX-JAL-5232","nombre":"La Higuera","portfolio":"MTP","estado":"JAL","municipio":"Ixtlahuacán del Río"}},{"type":"Feature","geometry":{"type":"Point","coordinates":[-103.28976389,20.95592222]},"properties":{"id":"MX-JAL-5234","nombre":"Ramones -Gdl","portfolio":"MTP","estado":"JAL","municipio":"Ixtlahuacán del Río"}},{"type":"Feature","geometry":{"type":"Point","coordinates":[-103.0418775,20.49564917]},"properties":{"id":"MX-JAL-5235","nombre":"Santa Fe -Gdl","portfolio":"MTP","estado":"JAL","municipio":"Zapotlanejo"}},{"type":"Feature","geometry":{"type":"Point","coordinates":[-103.424,20.6265]},"properties":{"id":"MX-JAL-5236","nombre":"Galileo","portfolio":"MTP","estado":"JAL","municipio":"Zapopan"}},{"type":"Feature","geometry":{"type":"Point","coordinates":[-103.278345,20.65165]},"properties":{"id":"MX-JAL-5240","nombre":"Obeliscos","portfolio":"MTP","estado":"JAL","municipio":"Guadalajara"}},{"type":"Feature","geometry":{"type":"Point","coordinates":[-103.452583,20.556639]},"properties":{"id":"MX-JAL-5244","nombre":"Los Gavilanes","portfolio":"MTP","estado":"JAL","municipio":"Tlaquepaque"}},{"type":"Feature","geometry":{"type":"Point","coordinates":[-103.4556917,19.69606389]},"properties":{"id":"MX-JAL-5245","nombre":"La Giralda V2","portfolio":"CAPSA","estado":"JAL","municipio":"Ciudad Guzmán"}},{"type":"Feature","geometry":{"type":"Point","coordinates":[-103.3817333,20.74513056]},"properties":{"id":"MX-JAL-5248","nombre":"Cucea","portfolio":"CAPSA","estado":"JAL","municipio":"Zapopan"}},{"type":"Feature","geometry":{"type":"Point","coordinates":[-103.4875528,19.67793056]},"properties":{"id":"MX-JAL-5249","nombre":"Lata Chica","portfolio":"CAPSA","estado":"JAL","municipio":"Ciudad Guzmán"}},{"type":"Feature","geometry":{"type":"Point","coordinates":[-103.490521,20.719934]},"properties":{"id":"MX-JAL-5256","nombre":"Technology Park","portfolio":"MTP","estado":"JAL","municipio":"Zapopan"}},{"type":"Feature","geometry":{"type":"Point","coordinates":[-103.2105,20.6645]},"properties":{"id":"MX-JAL-5258","nombre":"Paseos De Santiago","portfolio":"MTP","estado":"JAL","municipio":"Tonalá"}},{"type":"Feature","geometry":{"type":"Point","coordinates":[-103.384024,20.295288]},"properties":{"id":"MX-JAL-5260","nombre":"El Chante","portfolio":"MTP","estado":"JAL","municipio":"Jocotepec"}},{"type":"Feature","geometry":{"type":"Point","coordinates":[-103.486836,20.568162]},"properties":{"id":"MX-JAL-5261","nombre":"Bosques De Santa Anita","portfolio":"MTP","estado":"JAL","municipio":"Tlajomulco De Zúñiga"}},{"type":"Feature","geometry":{"type":"Point","coordinates":[-103.368829,20.783065]},"properties":{"id":"MX-JAL-5262","nombre":"Las Cañadas","portfolio":"MTP","estado":"JAL","municipio":"Zapopan"}},{"type":"Feature","geometry":{"type":"Point","coordinates":[-103.4032,20.4683]},"properties":{"id":"MX-JAL-5264","nombre":"Lomas De Tejada","portfolio":"MTP","estado":"JAL","municipio":"Tlajomulco de Zúñiga"}},{"type":"Feature","geometry":{"type":"Point","coordinates":[-103.396605,20.498131]},"properties":{"id":"MX-JAL-5265","nombre":"Colinas Del Roble","portfolio":"MTP","estado":"JAL","municipio":"Tlajomulco De Zúñiga"}},{"type":"Feature","geometry":{"type":"Point","coordinates":[-103.184806,20.559389]},"properties":{"id":"MX-JAL-5266","nombre":"Mesa De Los Laureles","portfolio":"MTP","estado":"JAL","municipio":"Tonalá"}},{"type":"Feature","geometry":{"type":"Point","coordinates":[-103.2138,20.57148056]},"properties":{"id":"MX-JAL-5267","nombre":"Las Puertas","portfolio":"MTP","estado":"JAL","municipio":"Tonalá"}},{"type":"Feature","geometry":{"type":"Point","coordinates":[-103.452201,20.61481]},"properties":{"id":"MX-JAL-5269","nombre":"Tepetitlan","portfolio":"MTP","estado":"JAL","municipio":"Zapopan"}},{"type":"Feature","geometry":{"type":"Point","coordinates":[-103.3265,20.45665]},"properties":{"id":"MX-JAL-5278","nombre":"Apto Guadalajara","portfolio":"CAPSA","estado":"JAL","municipio":"Tlajomulco de Zúñiga"}},{"type":"Feature","geometry":{"type":"Point","coordinates":[-103.018689,19.921955]},"properties":{"id":"MX-JAL-5532","nombre":"Mazamitla","portfolio":"MTP","estado":"JAL","municipio":"Mazamitla"}},{"type":"Feature","geometry":{"type":"Point","coordinates":[-103.4769639,19.68695278]},"properties":{"id":"MX-JAL-5533","nombre":"20 De Noviembre","portfolio":"CAPSA","estado":"JAL","municipio":"Ciudad Guzmán"}},{"type":"Feature","geometry":{"type":"Point","coordinates":[-103.468275,19.72016667]},"properties":{"id":"MX-JAL-5534","nombre":"El Perfume","portfolio":"CAPSA","estado":"JAL","municipio":"Ciudad Guzmán"}},{"type":"Feature","geometry":{"type":"Point","coordinates":[-103.4797583,19.71149722]},"properties":{"id":"MX-JAL-5535","nombre":"Manguz","portfolio":"CAPSA","estado":"JAL","municipio":"Ciudad Guzmán"}},{"type":"Feature","geometry":{"type":"Point","coordinates":[-103.24306667,20.62655556]},"properties":{"id":"MX-JAL-5536","nombre":"El Cid","portfolio":"MTP","estado":"JAL","municipio":"Tonalá"}},{"type":"Feature","geometry":{"type":"Point","coordinates":[-103.3812361,20.73345833]},"properties":{"id":"MX-JAL-5540","nombre":"IBS MCI Auditorio Telmex","portfolio":"CAPSA","estado":"JAL","municipio":"Zapopan"}},{"type":"Feature","geometry":{"type":"Point","coordinates":[-103.403448,20.706754]},"properties":{"id":"MX-JAL-5542","nombre":"Acueducto","portfolio":"MTP","estado":"JAL","municipio":"Guadalajara"}},{"type":"Feature","geometry":{"type":"Point","coordinates":[-103.408006,20.64017]},"properties":{"id":"MX-JAL-5543","nombre":"Sirloin","portfolio":"MTP","estado":"JAL","municipio":"Zapopan"}},{"type":"Feature","geometry":{"type":"Point","coordinates":[-103.342094,20.632351]},"properties":{"id":"MX-JAL-5544","nombre":"Valle Del Álamo","portfolio":"MTP","estado":"JAL","municipio":"Guadalajara"}},{"type":"Feature","geometry":{"type":"Point","coordinates":[-103.4067391,20.6548836]},"properties":{"id":"MX-JAL-5546","nombre":"Ciudad Del Sol","portfolio":"MTP","estado":"JAL","municipio":"Zapopan"}},{"type":"Feature","geometry":{"type":"Point","coordinates":[-103.40900983,20.71199983]},"properties":{"id":"MX-JAL-5547","nombre":"Corporativo Andares","portfolio":"MTP","estado":"JAL","municipio":"Zapopan"}},{"type":"Feature","geometry":{"type":"Point","coordinates":[-103.285639,20.51865]},"properties":{"id":"MX-JAL-5550","nombre":"Chapala","portfolio":"MTP","estado":"JAL","municipio":"Tlajomulco De Zúñiga"}},{"type":"Feature","geometry":{"type":"Point","coordinates":[-105.22003,20.68896]},"properties":{"id":"MX-JAL-5551","nombre":"Mojaneras","portfolio":"MTP","estado":"JAL","municipio":"Puerto Vallarta"}},{"type":"Feature","geometry":{"type":"Point","coordinates":[-103.285826,20.702209]},"properties":{"id":"MX-JAL-5552","nombre":"Juan Pablo","portfolio":"MTP","estado":"JAL","municipio":"Guadalajara"}},{"type":"Feature","geometry":{"type":"Point","coordinates":[-103.341827,20.673973]},"properties":{"id":"MX-JAL-5553","nombre":"Gigantes","portfolio":"MTP","estado":"JAL","municipio":"Guadalajara"}},{"type":"Feature","geometry":{"type":"Point","coordinates":[-103.377177,20.754329]},"properties":{"id":"MX-JAL-5555","nombre":"Vergel","portfolio":"MTP","estado":"JAL","municipio":"Zapopan"}},{"type":"Feature","geometry":{"type":"Point","coordinates":[-105.222879,20.66062]},"properties":{"id":"MX-JAL-5556","nombre":"Puerto Vallarta II","portfolio":"MTP","estado":"JAL","municipio":"Puerto Vallarta"}},{"type":"Feature","geometry":{"type":"Point","coordinates":[-103.35736111,20.68101111]},"properties":{"id":"MX-JAL-5557","nombre":"Joaquin Angulo","portfolio":"MTP","estado":"JAL","municipio":"GUADALAJARA"}},{"type":"Feature","geometry":{"type":"Point","coordinates":[-103.387791,20.729287]},"properties":{"id":"MX-JAL-5558","nombre":"Parres","portfolio":"MTP","estado":"JAL","municipio":"Zapopan"}},{"type":"Feature","geometry":{"type":"Point","coordinates":[-103.356015,20.665632]},"properties":{"id":"MX-JAL-5560","nombre":"Federalismo","portfolio":"MTP","estado":"JAL","municipio":"Guadalajara"}},{"type":"Feature","geometry":{"type":"Point","coordinates":[-103.354424,20.7169972]},"properties":{"id":"MX-JAL-5562","nombre":"Baños Los Granaditos","portfolio":"MTP","estado":"JAL","municipio":"Jalisco"}},{"type":"Feature","geometry":{"type":"Point","coordinates":[-103.342,20.6769]},"properties":{"id":"MX-JAL-5564","nombre":"Plaza Tapatia","portfolio":"MTP","estado":"JAL","municipio":"Guadalajara"}},{"type":"Feature","geometry":{"type":"Point","coordinates":[-102.181987,21.010685]},"properties":{"id":"MX-JAL-5566","nombre":"Allende","portfolio":"MTP","estado":"JAL","municipio":"San Julián"}},{"type":"Feature","geometry":{"type":"Point","coordinates":[-104.7878,20.523239]},"properties":{"id":"MX-JAL-5567","nombre":"Mascota","portfolio":"MTP","estado":"JAL","municipio":"Mascota"}},{"type":"Feature","geometry":{"type":"Point","coordinates":[-103.369194,20.6871948]},"properties":{"id":"MX-JAL-5568","nombre":"Arista","portfolio":"MTP","estado":"JAL","municipio":"Guadalajara"}},{"type":"Feature","geometry":{"type":"Point","coordinates":[-103.3375,20.6731]},"properties":{"id":"MX-JAL-5570","nombre":"San Juan De Dios","portfolio":"MTP","estado":"JAL","municipio":"Guadalajara"}},{"type":"Feature","geometry":{"type":"Point","coordinates":[-103.40308056,20.63971389]},"properties":{"id":"MX-JAL-5571","nombre":"Salmon","portfolio":"MTP","estado":"JAL","municipio":"Zapopan"}},{"type":"Feature","geometry":{"type":"Point","coordinates":[-103.38615,20.703394]},"properties":{"id":"MX-JAL-5572","nombre":"Colomos","portfolio":"MTP","estado":"JAL","municipio":"Guadalajara"}},{"type":"Feature","geometry":{"type":"Point","coordinates":[-103.322062,20.732631]},"properties":{"id":"MX-JAL-5574","nombre":"Lomas del Paraíso","portfolio":"MTP","estado":"JAL","municipio":"Guadalajara"}},{"type":"Feature","geometry":{"type":"Point","coordinates":[-103.3551,20.6723]},"properties":{"id":"MX-JAL-5575","nombre":"Libertad","portfolio":"MTP","estado":"JAL","municipio":"TBD"}},{"type":"Feature","geometry":{"type":"Point","coordinates":[-103.3595,20.6787]},"properties":{"id":"MX-JAL-5576","nombre":"Panadería","portfolio":"MTP","estado":"JAL","municipio":"TBD"}},{"type":"Feature","geometry":{"type":"Point","coordinates":[-103.293611,20.6477778]},"properties":{"id":"MX-JAL-5577","nombre":"Jardines De La Paz","portfolio":"MTP","estado":"JAL","municipio":"TBD"}},{"type":"Feature","geometry":{"type":"Point","coordinates":[-103.278333,20.6516667]},"properties":{"id":"MX-JAL-5578","nombre":"Obelisco","portfolio":"MTP","estado":"JAL","municipio":"Guadalajara"}},{"type":"Feature","geometry":{"type":"Point","coordinates":[-103.4547,19.6973305]},"properties":{"id":"MX-JAL-5579","nombre":"Lomas Altas","portfolio":"MTP","estado":"JAL","municipio":"TBD"}},{"type":"Feature","geometry":{"type":"Point","coordinates":[-102.76802,20.819516]},"properties":{"id":"MX-JAL-5583","nombre":"Colonias","portfolio":"MTP","estado":"JAL","municipio":"Jalisco"}},{"type":"Feature","geometry":{"type":"Point","coordinates":[-103.46832,19.7109777]},"properties":{"id":"MX-JAL-5584","nombre":"Nicolas Bravo","portfolio":"MTP","estado":"JAL","municipio":"TBD"}},{"type":"Feature","geometry":{"type":"Point","coordinates":[-103.289167,20.6005556]},"properties":{"id":"MX-JAL-5585","nombre":"San Martin","portfolio":"MTP","estado":"JAL","municipio":"Jalisco"}},{"type":"Feature","geometry":{"type":"Point","coordinates":[-103.6911499,20.77459]},"properties":{"id":"MX-JAL-5587","nombre":"Arenal Centro","portfolio":"MTP","estado":"JAL","municipio":"Jalisco"}},{"type":"Feature","geometry":{"type":"Point","coordinates":[-103.3101111,20.68369444]},"properties":{"id":"MX-JAL-5588","nombre":"Indigena","portfolio":"MTP","estado":"JAL","municipio":"Jalisco"}},{"type":"Feature","geometry":{"type":"Point","coordinates":[-103.301944,20.7091667]},"properties":{"id":"MX-JAL-5589","nombre":"La Joya","portfolio":"MTP","estado":"JAL","municipio":"TBD"}},{"type":"Feature","geometry":{"type":"Point","coordinates":[-103.3766,20.6488]},"properties":{"id":"MX-JAL-5590","nombre":"Colon","portfolio":"MTP","estado":"JAL","municipio":"Guadalajara"}},{"type":"Feature","geometry":{"type":"Point","coordinates":[-102.550833,20.2783333]},"properties":{"id":"MX-JAL-5591","nombre":"La Barca","portfolio":"MTP","estado":"JAL","municipio":"Jalisco"}},{"type":"Feature","geometry":{"type":"Point","coordinates":[-102.7697222,20.81111111]},"properties":{"id":"MX-JAL-5592","nombre":"El Pipon","portfolio":"MTP","estado":"JAL","municipio":"Jalisco"}},{"type":"Feature","geometry":{"type":"Point","coordinates":[-103.3538361,20.68493889]},"properties":{"id":"MX-JAL-5594","nombre":"El Refugio","portfolio":"MTP","estado":"JAL","municipio":"TBD"}},{"type":"Feature","geometry":{"type":"Point","coordinates":[-103.458543,20.568572]},"properties":{"id":"MX-JAL-5596","nombre":"Provenza","portfolio":"MTP","estado":"JAL","municipio":"Jalisco"}},{"type":"Feature","geometry":{"type":"Point","coordinates":[-102.466124,21.161737]},"properties":{"id":"MX-JAL-5597","nombre":"Rio","portfolio":"MTP","estado":"JAL","municipio":"Jalostotitlán"}},{"type":"Feature","geometry":{"type":"Point","coordinates":[-103.7013889,20.65083333]},"properties":{"id":"MX-JAL-5598","nombre":"Tala","portfolio":"MTP","estado":"JAL","municipio":"TBD"}},{"type":"Feature","geometry":{"type":"Point","coordinates":[-103.23251,20.652768]},"properties":{"id":"MX-JAL-5599","nombre":"Paseos De Tonala","portfolio":"MTP","estado":"JAL","municipio":"Coyula"}},{"type":"Feature","geometry":{"type":"Point","coordinates":[-103.35907,20.6835888]},"properties":{"id":"MX-JAL-5602","nombre":"Herrera Y Cairo","portfolio":"MTP","estado":"JAL","municipio":"TBD"}},{"type":"Feature","geometry":{"type":"Point","coordinates":[-103.352778,20.6197222]},"properties":{"id":"MX-JAL-5606","nombre":"Manantial","portfolio":"MTP","estado":"JAL","municipio":"TBD"}},{"type":"Feature","geometry":{"type":"Point","coordinates":[-102.758333,20.8172222]},"properties":{"id":"MX-JAL-5608","nombre":"Espaditas","portfolio":"MTP","estado":"JAL","municipio":"TBD"}},{"type":"Feature","geometry":{"type":"Point","coordinates":[-103.362498,20.554127]},"properties":{"id":"MX-JAL-5609","nombre":"Autodromo","portfolio":"MTP","estado":"JAL","municipio":"TBD"}},{"type":"Feature","geometry":{"type":"Point","coordinates":[-103.264675,20.439]},"properties":{"id":"MX-JAL-5611","nombre":"Los Reyes","portfolio":"MTP","estado":"JAL","municipio":"La Alameda"}},{"type":"Feature","geometry":{"type":"Point","coordinates":[-103.3386,20.6939]},"properties":{"id":"MX-JAL-5614","nombre":"Maestros","portfolio":"MTP","estado":"JAL","municipio":"Guadalajara"}},{"type":"Feature","geometry":{"type":"Point","coordinates":[-103.374832,20.6140556]},"properties":{"id":"MX-JAL-5615","nombre":"Polanquito","portfolio":"MTP","estado":"JAL","municipio":"Jalisco"}},{"type":"Feature","geometry":{"type":"Point","coordinates":[-103.320663,20.635056]},"properties":{"id":"MX-JAL-5616","nombre":"Rancho Blanco","portfolio":"MTP","estado":"JAL","municipio":"Jalisco"}},{"type":"Feature","geometry":{"type":"Point","coordinates":[-103.335225,20.68138889]},"properties":{"id":"MX-JAL-5618","nombre":"Zapaterias","portfolio":"MTP","estado":"JAL","municipio":"Guadalajara"}},{"type":"Feature","geometry":{"type":"Point","coordinates":[-103.5716,20.228475]},"properties":{"id":"MX-JAL-5619","nombre":"Zacoalco Centro","portfolio":"MTP","estado":"JAL","municipio":"TBD"}},{"type":"Feature","geometry":{"type":"Point","coordinates":[-102.778642,20.8165638]},"properties":{"id":"MX-JAL-5622","nombre":"Colosio","portfolio":"MTP","estado":"JAL","municipio":"Jalisco"}},{"type":"Feature","geometry":{"type":"Point","coordinates":[-103.29467,20.698923]},"properties":{"id":"MX-JAL-5625","nombre":"Refaccionaria La Guera","portfolio":"MTP","estado":"JAL","municipio":"Guadalajara"}},{"type":"Feature","geometry":{"type":"Point","coordinates":[-103.3836784,20.68490873]},"properties":{"id":"MX-JAL-5626","nombre":"Lomas de Guevara","portfolio":"MTP","estado":"JAL","municipio":"Jalisco"}},{"type":"Feature","geometry":{"type":"Point","coordinates":[-98.852892,19.839515]},"properties":{"id":"MX-MEX-0006","nombre":"San Bartolo","portfolio":"MTP","estado":"MEX","municipio":"Temascalapa"}},{"type":"Feature","geometry":{"type":"Point","coordinates":[-89.394352,21.001017]},"properties":{"id":"MX-MEX-0007","nombre":"Tixkokob","portfolio":"MTP","estado":"YUC","municipio":"Tixkokob"}},{"type":"Feature","geometry":{"type":"Point","coordinates":[-99.09722222,19.64719444]},"properties":{"id":"MX-MEX-0008","nombre":"Dental York","portfolio":"MTP","estado":"MEX","municipio":"Coacalco de Berriozábal"}},{"type":"Feature","geometry":{"type":"Point","coordinates":[-96.122433,19.095633]},"properties":{"id":"MX-MEX-0009","nombre":"Las Palmas","portfolio":"MTP","estado":"VER","municipio":"Medellín de Bravo"}},{"type":"Feature","geometry":{"type":"Point","coordinates":[-97.005825,19.425304]},"properties":{"id":"MX-MEX-0010","nombre":"Chihilan","portfolio":"MTP","estado":"VER","municipio":"Xico"}},{"type":"Feature","geometry":{"type":"Point","coordinates":[-99.228526,19.553997]},"properties":{"id":"MX-MEX-0012","nombre":"Balcones","portfolio":"MTP","estado":"MEX","municipio":"Atizapán de Zaragoza"}},{"type":"Feature","geometry":{"type":"Point","coordinates":[-99.612564,19.306399]},"properties":{"id":"MX-MEX-0013","nombre":"Toluca","portfolio":"MTP","estado":"MEX","municipio":"Toluca"}},{"type":"Feature","geometry":{"type":"Point","coordinates":[-99.648732,18.946345]},"properties":{"id":"MX-MEX-0014","nombre":"El Colorado","portfolio":"MTP","estado":"MEX","municipio":"Villa Guerrero"}},{"type":"Feature","geometry":{"type":"Point","coordinates":[-99.17022222,19.63097222]},"properties":{"id":"MX-MEX-0015","nombre":"Lecheria","portfolio":"MTP","estado":"MEX","municipio":"Tultitlán"}},{"type":"Feature","geometry":{"type":"Point","coordinates":[-98.8671888,19.4818305]},"properties":{"id":"MX-MEX-0016","nombre":"San Luis Huexotla","portfolio":"MTP","estado":"MEX","municipio":"Texcoco"}},{"type":"Feature","geometry":{"type":"Point","coordinates":[-99.20708169,19.65994748]},"properties":{"id":"MX-MEX-0020","nombre":"Los Arcos","portfolio":"MTP","estado":"MEX","municipio":"Cuautitlán Izcalli"}},{"type":"Feature","geometry":{"type":"Point","coordinates":[-98.988052,19.620556]},"properties":{"id":"MX-MEX-0021","nombre":"Atlautenco","portfolio":"MTP","estado":"MEX","municipio":"Ecatepec De Morelos"}},{"type":"Feature","geometry":{"type":"Point","coordinates":[-99.05325338,19.41124795]},"properties":{"id":"MX-MEX-0022","nombre":"Mecanico Nissan","portfolio":"MTP","estado":"MEX","municipio":"Nezahualcóyotl"}},{"type":"Feature","geometry":{"type":"Point","coordinates":[-99.282425,19.450529]},"properties":{"id":"MX-MEX-0023","nombre":"Minas El Caracol","portfolio":"MTP","estado":"MEX","municipio":"Naucalpan de Juárez"}},{"type":"Feature","geometry":{"type":"Point","coordinates":[-99.3149,20.89209]},"properties":{"id":"MX-MEX-0025","nombre":"Los Corrales","portfolio":"MTP","estado":"MEX","municipio":"Estado de México"}},{"type":"Feature","geometry":{"type":"Point","coordinates":[-99.206214,19.5406323]},"properties":{"id":"MX-MEX-0027","nombre":"MSC Tlalnepantla","portfolio":"MTP","estado":"MEX","municipio":"Tlalnepantla de Baz"}},{"type":"Feature","geometry":{"type":"Point","coordinates":[-99.04374903,19.52316746]},"properties":{"id":"MX-MEX-0028","nombre":"Guanajuato A","portfolio":"MTP","estado":"MEX","municipio":"Ecatepec De Morelos"}},{"type":"Feature","geometry":{"type":"Point","coordinates":[-98.7690499,19.1250027]},"properties":{"id":"MX-MEX-0029","nombre":"Amecameca Centro Pop","portfolio":"MTP","estado":"MEX","municipio":"Amecameca"}},{"type":"Feature","geometry":{"type":"Point","coordinates":[-98.89368333,19.55923611]},"properties":{"id":"MX-MEX-0031","nombre":"Av. Del Trabajo","portfolio":"MTP","estado":"MEX","municipio":"Chiconcuac"}},{"type":"Feature","geometry":{"type":"Point","coordinates":[-99.3100694,19.6021055]},"properties":{"id":"MX-MEX-0037","nombre":"Primavera Juarez","portfolio":"MTP","estado":"MEX","municipio":"Nicolás Romero"}},{"type":"Feature","geometry":{"type":"Point","coordinates":[-99.05817222,19.60968056]},"properties":{"id":"MX-MEX-0038","nombre":"Rios","portfolio":"MTP","estado":"MEX","municipio":"Ecatepec de Morelos"}},{"type":"Feature","geometry":{"type":"Point","coordinates":[-98.92516667,19.40647778]},"properties":{"id":"MX-MEX-0039","nombre":"Ejercito Del Trabajo","portfolio":"MTP","estado":"MEX","municipio":"Chicoloapan"}},{"type":"Feature","geometry":{"type":"Point","coordinates":[-99.045773,19.618933]},"properties":{"id":"MX-MEX-0046","nombre":"Ejidos De San Cristobal","portfolio":"MTP","estado":"MEX","municipio":"Ecatepec De Morelos"}},{"type":"Feature","geometry":{"type":"Point","coordinates":[-99.20553,19.83314]},"properties":{"id":"MX-MEX-0047","nombre":"Catrina","portfolio":"MTP","estado":"MEX","municipio":"Huehuetoca"}},{"type":"Feature","geometry":{"type":"Point","coordinates":[-99.185416,19.608695]},"properties":{"id":"MX-MEX-0048","nombre":"Mariano Escobedo","portfolio":"MTP","estado":"MEX","municipio":"Cuautitlán Izcalli"}},{"type":"Feature","geometry":{"type":"Point","coordinates":[-99.03877778,19.40144444]},"properties":{"id":"MX-MEX-0049","nombre":"Nicolas Bravo","portfolio":"MTP","estado":"MEX","municipio":"Nezahualcóyotl"}},{"type":"Feature","geometry":{"type":"Point","coordinates":[-98.88703,19.42284]},"properties":{"id":"MX-MEX-0050","nombre":"Real De Chicoloapan","portfolio":"MTP","estado":"MEX","municipio":"Chicoloapan"}},{"type":"Feature","geometry":{"type":"Point","coordinates":[-98.88819444,19.50816667]},"properties":{"id":"MX-MEX-0053","nombre":"Esfir","portfolio":"MTP","estado":"MEX","municipio":"Texcoco"}},{"type":"Feature","geometry":{"type":"Point","coordinates":[-98.9635527,19.3758083]},"properties":{"id":"MX-MEX-0054","nombre":"Deportivo Los Reyes","portfolio":"MTP","estado":"MEX","municipio":"Chimalhuacán"}},{"type":"Feature","geometry":{"type":"Point","coordinates":[-99.70698,19.26529009]},"properties":{"id":"MX-MEX-0055","nombre":"Tecnológico Monterrey","portfolio":"MTP","estado":"MEX","municipio":"Toluca"}},{"type":"Feature","geometry":{"type":"Point","coordinates":[-99.57151655,19.31704112]},"properties":{"id":"MX-MEX-0056","nombre":"Colonias Geovillas","portfolio":"MTP","estado":"MEX","municipio":"San Pedro Totoltepec"}},{"type":"Feature","geometry":{"type":"Point","coordinates":[-99.600539,19.328263]},"properties":{"id":"MX-MEX-0058","nombre":"San Mateo Otzacatipan","portfolio":"MTP","estado":"MEX","municipio":"Toluca"}},{"type":"Feature","geometry":{"type":"Point","coordinates":[-99.559196,19.417553]},"properties":{"id":"MX-MEX-0063","nombre":"Villa Cuauhtemoc","portfolio":"MTP","estado":"MEX","municipio":"Toluca"}},{"type":"Feature","geometry":{"type":"Point","coordinates":[-98.760034,19.70181]},"properties":{"id":"MX-MEX-0064","nombre":"Otumba II","portfolio":"MTP","estado":"MEX","municipio":"Otumba de Gómez Farías"}},{"type":"Feature","geometry":{"type":"Point","coordinates":[-98.905167,19.515945]},"properties":{"id":"MX-MEX-0065","nombre":"Tocuila","portfolio":"MTP","estado":"MEX","municipio":"Texcoco"}},{"type":"Feature","geometry":{"type":"Point","coordinates":[-99.271472,19.404772]},"properties":{"id":"MX-MEX-0068","nombre":"Magnocentro","portfolio":"MTP","estado":"MEX","municipio":"Naucalpan de Juárez"}},{"type":"Feature","geometry":{"type":"Point","coordinates":[-99.1761138,19.55203289]},"properties":{"id":"MX-MEX-0069","nombre":"Carretera San Rafael Tenayuca","portfolio":"MTP","estado":"MEX","municipio":"Tlalnepantla de Baz"}},{"type":"Feature","geometry":{"type":"Point","coordinates":[-98.98383,19.77361]},"properties":{"id":"MX-MEX-0070","nombre":"Tecamac Salida A Zumpango","portfolio":"MTP","estado":"MEX","municipio":"Reyes Acozac"}},{"type":"Feature","geometry":{"type":"Point","coordinates":[-98.9311805,19.2901666]},"properties":{"id":"MX-MEX-0072","nombre":"Independencia","portfolio":"MTP","estado":"MEX","municipio":"Valle de Chalco Solidaridad"}},{"type":"Feature","geometry":{"type":"Point","coordinates":[-98.98948889,19.63498889]},"properties":{"id":"MX-MEX-0073","nombre":"Embajada","portfolio":"MTP","estado":"MEX","municipio":"Ecatepec De Morelos"}},{"type":"Feature","geometry":{"type":"Point","coordinates":[-98.882675,19.3042333]},"properties":{"id":"MX-MEX-0074","nombre":"El Capulin","portfolio":"MTP","estado":"MEX","municipio":"Ixtapaluca"}},{"type":"Feature","geometry":{"type":"Point","coordinates":[-98.835042,19.679411]},"properties":{"id":"MX-MEX-0075","nombre":"Xolalpa","portfolio":"MTP","estado":"MEX","municipio":"Tehotihuacán"}},{"type":"Feature","geometry":{"type":"Point","coordinates":[-98.8813166,19.4633611]},"properties":{"id":"MX-MEX-0076","nombre":"San Esteban","portfolio":"MTP","estado":"MEX","municipio":"Estado de México"}},{"type":"Feature","geometry":{"type":"Point","coordinates":[-99.068687,19.509736]},"properties":{"id":"MX-MEX-0077","nombre":"Xalostoc","portfolio":"MTP","estado":"MEX","municipio":"Ecatepec de Morelos"}},{"type":"Feature","geometry":{"type":"Point","coordinates":[-98.8561518,19.5644886]},"properties":{"id":"MX-MEX-0079","nombre":"Ixayoc","portfolio":"MTP","estado":"MEX","municipio":"Papalotla"}},{"type":"Feature","geometry":{"type":"Point","coordinates":[-99.168654,19.667259]},"properties":{"id":"MX-MEX-0080","nombre":"Maracana","portfolio":"MTP","estado":"MEX","municipio":"Cuautitlan"}},{"type":"Feature","geometry":{"type":"Point","coordinates":[-99.04869392,19.54864193]},"properties":{"id":"MX-MEX-0083","nombre":"Guaymas","portfolio":"MTP","estado":"MEX","municipio":"Ecatepec de Morelos"}},{"type":"Feature","geometry":{"type":"Point","coordinates":[-99.200302,19.5439]},"properties":{"id":"MX-MEX-0084","nombre":"Nodo Tlalnepantla","portfolio":"MTP","estado":"MEX","municipio":"Tlanepantla de Baz"}},{"type":"Feature","geometry":{"type":"Point","coordinates":[-99.158889,19.675556]},"properties":{"id":"MX-MEX-0085","nombre":"Santa Elena","portfolio":"MTP","estado":"MEX","municipio":"Cuatitlán"}},{"type":"Feature","geometry":{"type":"Point","coordinates":[-99.207757,19.515115]},"properties":{"id":"MX-MEX-0088","nombre":"Sra. Elena","portfolio":"MTP","estado":"MEX","municipio":"Estado de México"}},{"type":"Feature","geometry":{"type":"Point","coordinates":[-99.0177944,19.503875]},"properties":{"id":"MX-MEX-0089","nombre":"Adolfo Ruiz Cortinez","portfolio":"MTP","estado":"MEX","municipio":"TBD"}},{"type":"Feature","geometry":{"type":"Point","coordinates":[-99.56235,20.03897]},"properties":{"id":"MX-MEX-0091","nombre":"Merendero","portfolio":"MTP","estado":"MEX","municipio":"Estado de México"}},{"type":"Feature","geometry":{"type":"Point","coordinates":[-100.063856,19.089097]},"properties":{"id":"MX-MEX-0092","nombre":"Godinez Tehuastepec","portfolio":"MTP","estado":"MEX","municipio":"Estado de México"}},{"type":"Feature","geometry":{"type":"Point","coordinates":[-99.588617,19.115395]},"properties":{"id":"MX-MEX-0093","nombre":"Capacidad-173","portfolio":"MTP","estado":"MEX","municipio":"Estado de Mexico"}},{"type":"Feature","geometry":{"type":"Point","coordinates":[-99.596889,18.953161]},"properties":{"id":"MX-MEX-0094","nombre":"Capacidad-128","portfolio":"MTP","estado":"MEX","municipio":"Estado de México"}},{"type":"Feature","geometry":{"type":"Point","coordinates":[-99.65193,19.0662]},"properties":{"id":"MX-MEX-0095","nombre":"Capacidad-204","portfolio":"MTP","estado":"MEX","municipio":"Estado de Mexico"}},{"type":"Feature","geometry":{"type":"Point","coordinates":[-99.66766667,19.22925]},"properties":{"id":"MX-MEX-0100","nombre":"Shigande","portfolio":"MTP","estado":"MEX","municipio":"Estado de México"}},{"type":"Feature","geometry":{"type":"Point","coordinates":[-99.02693,19.57909]},"properties":{"id":"MX-MEX-0102","nombre":"Olimpica Jalalpa","portfolio":"MTP","estado":"MEX","municipio":"Estado Mexico"}},{"type":"Feature","geometry":{"type":"Point","coordinates":[-98.83235,19.58681]},"properties":{"id":"MX-MEX-0103","nombre":"La Loma San Isidro","portfolio":"MTP","estado":"MEX","municipio":"Estado Mexico"}},{"type":"Feature","geometry":{"type":"Point","coordinates":[-98.92563,19.20768]},"properties":{"id":"MX-MEX-0105","nombre":"1 Diciembre","portfolio":"MTP","estado":"MEX","municipio":"Estado Mexico"}},{"type":"Feature","geometry":{"type":"Point","coordinates":[-99.244478,19.838376]},"properties":{"id":"MX-MEX-0111","nombre":"Huehuetoca","portfolio":"MTP","estado":"MEX","municipio":"TBD"}},{"type":"Feature","geometry":{"type":"Point","coordinates":[-99.600188,19.277171]},"properties":{"id":"MX-MEX-0112","nombre":"Chicahualco","portfolio":"MTP","estado":"MEX","municipio":"TBD"}},{"type":"Feature","geometry":{"type":"Point","coordinates":[-98.9624,19.2945]},"properties":{"id":"MX-MEX-0114","nombre":"Maria Isabel Chalco","portfolio":"MTP","estado":"MEX","municipio":"Valle de Chalco"}},{"type":"Feature","geometry":{"type":"Point","coordinates":[-99.470627,19.182069]},"properties":{"id":"MX-MEX-0116","nombre":"Tianguistenco","portfolio":"MTP","estado":"MEX","municipio":"Estado De México"}},{"type":"Feature","geometry":{"type":"Point","coordinates":[-99.611382,19.138133]},"properties":{"id":"MX-MEX-0117","nombre":"Capacidad-327","portfolio":"MTP","estado":"MEX","municipio":"Estado de México"}},{"type":"Feature","geometry":{"type":"Point","coordinates":[-99.522601,19.115623]},"properties":{"id":"MX-MEX-0118","nombre":"Capacidad-172","portfolio":"MTP","estado":"MEX","municipio":"Estado de México"}},{"type":"Feature","geometry":{"type":"Point","coordinates":[-98.791978,19.214379]},"properties":{"id":"MX-MEX-0119","nombre":"Capacidad-324","portfolio":"MTP","estado":"MEX","municipio":"Estado de México"}},{"type":"Feature","geometry":{"type":"Point","coordinates":[-99.091902,19.941099]},"properties":{"id":"MX-MEX-0120","nombre":"Capacidad-245","portfolio":"MTP","estado":"MEX","municipio":"Estado de Mexico"}},{"type":"Feature","geometry":{"type":"Point","coordinates":[-99.743247,19.570851]},"properties":{"id":"MX-MEX-0121","nombre":"Capacidad-116","portfolio":"MTP","estado":"MEX","municipio":"Ixtlahuaca, Estado Mexico"}},{"type":"Feature","geometry":{"type":"Point","coordinates":[-99.60084,19.39035]},"properties":{"id":"MX-MEX-0122","nombre":"Capacidad-174","portfolio":"MTP","estado":"MEX","municipio":"Estado de México"}},{"type":"Feature","geometry":{"type":"Point","coordinates":[-99.055278,19.934081]},"properties":{"id":"MX-MEX-0125","nombre":"Capacidad-359","portfolio":"MTP","estado":"MEX","municipio":"Estado de Mexico"}},{"type":"Feature","geometry":{"type":"Point","coordinates":[-99.115773,19.710549]},"properties":{"id":"MX-MEX-0126","nombre":"Capacidad-322","portfolio":"MTP","estado":"MEX","municipio":"Estado de Mexico"}},{"type":"Feature","geometry":{"type":"Point","coordinates":[-99.532918,19.818629]},"properties":{"id":"MX-MEX-0128","nombre":"Capacidad-179","portfolio":"MTP","estado":"MEX","municipio":"Chapa de Mota"}},{"type":"Feature","geometry":{"type":"Point","coordinates":[-99.984593,19.818707]},"properties":{"id":"MX-MEX-0130","nombre":"Tepeolulco","portfolio":"MTP","estado":"MEX","municipio":"Estado de México"}},{"type":"Feature","geometry":{"type":"Point","coordinates":[-99.88334,19.79606]},"properties":{"id":"MX-MEX-0132","nombre":"Mario Colin","portfolio":"MTP","estado":"MEX","municipio":"Estado de Mexico"}},{"type":"Feature","geometry":{"type":"Point","coordinates":[-99.067086,19.490614]},"properties":{"id":"MX-MEX-0134","nombre":"San Felipe Jesus","portfolio":"MTP","estado":"MEX","municipio":"Estado de México"}},{"type":"Feature","geometry":{"type":"Point","coordinates":[-99.653191,19.278665]},"properties":{"id":"MX-MEX-1001","nombre":"La Hortaliza","portfolio":"MTP","estado":"MEX","municipio":"Toluca"}},{"type":"Feature","geometry":{"type":"Point","coordinates":[-99.222655,19.68056]},"properties":{"id":"MX-MEX-1005","nombre":"Del Cristo","portfolio":"MTP","estado":"MEX","municipio":"Cuautitlán Izcalli"}},{"type":"Feature","geometry":{"type":"Point","coordinates":[-99.205328,19.630254]},"properties":{"id":"MX-MEX-1025","nombre":"Francisco Villa","portfolio":"MTP","estado":"MEX","municipio":"Cuautitlán Izcalli"}},{"type":"Feature","geometry":{"type":"Point","coordinates":[-98.86265,19.344295]},"properties":{"id":"MX-MEX-5006","nombre":"Morelos","portfolio":"MTP","estado":"MEX","municipio":"Ixtapaluca"}},{"type":"Feature","geometry":{"type":"Point","coordinates":[-99.541633,19.322659]},"properties":{"id":"MX-MEX-5008","nombre":"Cerrillo Pueblo","portfolio":"MTP","estado":"MEX","municipio":"Toluca"}},{"type":"Feature","geometry":{"type":"Point","coordinates":[-99.686895,19.335546]},"properties":{"id":"MX-MEX-5009","nombre":"Calixtlahuaca","portfolio":"MTP","estado":"MEX","municipio":"Toluca"}},{"type":"Feature","geometry":{"type":"Point","coordinates":[-98.878011,19.416714]},"properties":{"id":"MX-MEX-5013","nombre":"Real De Costitlan","portfolio":"MTP","estado":"MEX","municipio":"Chicoloapan de Juárez"}},{"type":"Feature","geometry":{"type":"Point","coordinates":[-99.411814,19.560274]},"properties":{"id":"MX-MEX-5014","nombre":"Tlazala De Fabela","portfolio":"MTP","estado":"MEX","municipio":"Tlazala de Fabela"}},{"type":"Feature","geometry":{"type":"Point","coordinates":[-99.38541666,19.65858333]},"properties":{"id":"MX-MEX-5015","nombre":"San Jose El Vidrio","portfolio":"MTP","estado":"MEX","municipio":"Nicolás Romero"}},{"type":"Feature","geometry":{"type":"Point","coordinates":[-99.63155833,19.20649167]},"properties":{"id":"MX-MEX-5016","nombre":"Simon Bolivar","portfolio":"MTP","estado":"MEX","municipio":"calimaya de diaz gonzalez"}},{"type":"Feature","geometry":{"type":"Point","coordinates":[-98.75778333,19.20929166]},"properties":{"id":"MX-MEX-5017","nombre":"San Rafael","portfolio":"MTP","estado":"MEX","municipio":"Tlalmanalco"}},{"type":"Feature","geometry":{"type":"Point","coordinates":[-99.419206,18.980489]},"properties":{"id":"MX-MEX-5020","nombre":"Ocuilan","portfolio":"MTP","estado":"MEX","municipio":"Ocuilán de Arteaga"}},{"type":"Feature","geometry":{"type":"Point","coordinates":[-98.724291,19.68859]},"properties":{"id":"MX-MEX-5021","nombre":"San Marcos","portfolio":"MTP","estado":"MEX","municipio":"Otumba"}},{"type":"Feature","geometry":{"type":"Point","coordinates":[-100.007493,19.92311]},"properties":{"id":"MX-MEX-5022","nombre":"Temascalcingo Centro","portfolio":"MTP","estado":"MEX","municipio":"Temascalcingo de José María Velazco"}},{"type":"Feature","geometry":{"type":"Point","coordinates":[-99.642247,19.146893]},"properties":{"id":"MX-MEX-5026","nombre":"Zaragoza De Guadalupe","portfolio":"MTP","estado":"MEX","municipio":"Calimaya de Díaz Gonzalez"}},{"type":"Feature","geometry":{"type":"Point","coordinates":[-99.572194,19.263641]},"properties":{"id":"MX-MEX-5027","nombre":"Agricola Bellavista","portfolio":"MTP","estado":"MEX","municipio":"Toluca de Lerdo"}},{"type":"Feature","geometry":{"type":"Point","coordinates":[-99.62161111,19.23868611]},"properties":{"id":"MX-MEX-5028","nombre":"Sta Ma Magdalena Ocotitlan","portfolio":"MTP","estado":"MEX","municipio":"Metepec"}},{"type":"Feature","geometry":{"type":"Point","coordinates":[-99.472904,19.723437]},"properties":{"id":"MX-MEX-5030","nombre":"Villa Del Carbon","portfolio":"MTP","estado":"MEX","municipio":"Villa Del Carbón"}},{"type":"Feature","geometry":{"type":"Point","coordinates":[-100.06355556,19.27833333]},"properties":{"id":"MX-MEX-5031","nombre":"La Laguna","portfolio":"MTP","estado":"MEX","municipio":"Amanalco de Becerra"}},{"type":"Feature","geometry":{"type":"Point","coordinates":[-99.04844444,19.61375]},"properties":{"id":"MX-MEX-5032","nombre":"Avenida Texcoco","portfolio":"MTP","estado":"MEX","municipio":"Ecatepec de Morelos"}},{"type":"Feature","geometry":{"type":"Point","coordinates":[-99.642967,19.38851]},"properties":{"id":"MX-MEX-5033","nombre":"Ara Real De San Pablo","portfolio":"MTP","estado":"MEX","municipio":"Toluca de Lerdo"}},{"type":"Feature","geometry":{"type":"Point","coordinates":[-99.64306111,19.24140556]},"properties":{"id":"MX-MEX-5034","nombre":"San Felipe Tlalmimilolpan","portfolio":"MTP","estado":"MEX","municipio":"Toluca"}},{"type":"Feature","geometry":{"type":"Point","coordinates":[-99.895543,19.375821]},"properties":{"id":"MX-MEX-5035","nombre":"La Gavia","portfolio":"MTP","estado":"MEX","municipio":"Villa Victoria"}},{"type":"Feature","geometry":{"type":"Point","coordinates":[-100.13425,19.1655]},"properties":{"id":"MX-MEX-5036","nombre":"Las Vegas","portfolio":"MTP","estado":"MEX","municipio":"Valle De Bravo"}},{"type":"Feature","geometry":{"type":"Point","coordinates":[-100.09875,19.19155556]},"properties":{"id":"MX-MEX-5037","nombre":"Fontana","portfolio":"MTP","estado":"MEX","municipio":"Valle De Bravo"}},{"type":"Feature","geometry":{"type":"Point","coordinates":[-99.00733333,19.81163889]},"properties":{"id":"MX-MEX-5038","nombre":"Centauro Del Norte","portfolio":"MTP","estado":"MEX","municipio":"Zumpango de Ocampo"}},{"type":"Feature","geometry":{"type":"Point","coordinates":[-99.15781,19.718813]},"properties":{"id":"MX-MEX-5039","nombre":"Parque San Mateo","portfolio":"MTP","estado":"MEX","municipio":"Cuautitlán"}},{"type":"Feature","geometry":{"type":"Point","coordinates":[-99.53527778,19.95430556]},"properties":{"id":"MX-MEX-5042","nombre":"Pueblo Jilotepec","portfolio":"MTP","estado":"MEX","municipio":"Jilotepec de Molina Enriquez"}},{"type":"Feature","geometry":{"type":"Point","coordinates":[-99.56830556,19.36522222]},"properties":{"id":"MX-MEX-5043","nombre":"Villa Toscana","portfolio":"MTP","estado":"MEX","municipio":"Toluca"}},{"type":"Feature","geometry":{"type":"Point","coordinates":[-99.227444,19.612806]},"properties":{"id":"MX-MEX-5048","nombre":"Ampliacion Lomas Del Bosque","portfolio":"MTP","estado":"MEX","municipio":"Cuautitlán Izcalli"}},{"type":"Feature","geometry":{"type":"Point","coordinates":[-99.689364,19.272856]},"properties":{"id":"MX-MEX-5050","nombre":"Cultura Toluca","portfolio":"MTP","estado":"MEX","municipio":"Toluca"}},{"type":"Feature","geometry":{"type":"Point","coordinates":[-99.256561,19.558122]},"properties":{"id":"MX-MEX-5051","nombre":"Residencial La Aura","portfolio":"MTP","estado":"MEX","municipio":"Atizapán De Zaragoza"}},{"type":"Feature","geometry":{"type":"Point","coordinates":[-99.159956,19.668267]},"properties":{"id":"MX-MEX-5053","nombre":"Villas De Cuautitlan","portfolio":"MTP","estado":"MEX","municipio":"Cuautitlán"}},{"type":"Feature","geometry":{"type":"Point","coordinates":[-99.63035833,19.2543]},"properties":{"id":"MX-MEX-5054","nombre":"Tec Milenio Toluca","portfolio":"MTP","estado":"MEX","municipio":"Toluca de Lerdo"}},{"type":"Feature","geometry":{"type":"Point","coordinates":[-100.118969,19.206726]},"properties":{"id":"MX-MEX-5055","nombre":"Espinazo","portfolio":"MTP","estado":"MEX","municipio":"Valle De Bravo"}},{"type":"Feature","geometry":{"type":"Point","coordinates":[-98.90832,19.214905]},"properties":{"id":"MX-MEX-5056","nombre":"San Pablo Atlazalpan","portfolio":"MTP","estado":"MEX","municipio":"Chalco"}},{"type":"Feature","geometry":{"type":"Point","coordinates":[-100.22219444,19.17733333]},"properties":{"id":"MX-MEX-5058","nombre":"Colorines","portfolio":"MTP","estado":"MEX","municipio":"Valle De Bravo"}},{"type":"Feature","geometry":{"type":"Point","coordinates":[-99.433642,19.292045]},"properties":{"id":"MX-MEX-5061","nombre":"Sola","portfolio":"MTP","estado":"MEX","municipio":"Ocoyoacac"}},{"type":"Feature","geometry":{"type":"Point","coordinates":[-99.212988,19.6475]},"properties":{"id":"MX-MEX-5065","nombre":"Atlanta","portfolio":"MTP","estado":"MEX","municipio":"Cuautitlán Izcalli"}},{"type":"Feature","geometry":{"type":"Point","coordinates":[-99.017869,19.592356]},"properties":{"id":"MX-MEX-5067","nombre":"Magallan","portfolio":"MTP","estado":"MEX","municipio":"Ecatepec De Morelos"}},{"type":"Feature","geometry":{"type":"Point","coordinates":[-99.20068,19.55023]},"properties":{"id":"MX-MEX-5070","nombre":"Bombas Tlalne","portfolio":"MTP","estado":"MEX","municipio":"Mexico City"}},{"type":"Feature","geometry":{"type":"Point","coordinates":[-99.768594,19.296897]},"properties":{"id":"MX-MEX-5074","nombre":"Tlalcilalcalpan","portfolio":"MTP","estado":"MEX","municipio":"Almoloya De Juárez"}},{"type":"Feature","geometry":{"type":"Point","coordinates":[-98.888431,19.406394]},"properties":{"id":"MX-MEX-5075","nombre":"Chicoloapan","portfolio":"MTP","estado":"MEX","municipio":"Chicoloapan De Juárez"}},{"type":"Feature","geometry":{"type":"Point","coordinates":[-99.719833,18.899083]},"properties":{"id":"MX-MEX-5085","nombre":"San Miguel Laderas","portfolio":"MTP","estado":"MEX","municipio":"Villa Guerrero"}},{"type":"Feature","geometry":{"type":"Point","coordinates":[-99.740693,20.152933]},"properties":{"id":"MX-MEX-5089","nombre":"Encinillas","portfolio":"MTP","estado":"MEX","municipio":"Polotitlán de la Ilustración"}},{"type":"Feature","geometry":{"type":"Point","coordinates":[-99.47063889,19.97538889]},"properties":{"id":"MX-MEX-5090","nombre":"Entronque Jilotepec","portfolio":"MTP","estado":"MEX","municipio":"Jilotepec"}},{"type":"Feature","geometry":{"type":"Point","coordinates":[-99.59111111,20.05833333]},"properties":{"id":"MX-MEX-5091","nombre":"Palo Alto","portfolio":"MTP","estado":"MEX","municipio":"Jilotepec de Molina Enriquez"}},{"type":"Feature","geometry":{"type":"Point","coordinates":[-99.18404722,19.64638889]},"properties":{"id":"MX-MEX-5092","nombre":"Cuautitlan","portfolio":"CAPSA","estado":"MEX","municipio":"Cuautitlán"}},{"type":"Feature","geometry":{"type":"Point","coordinates":[-99.22622222,19.46630556]},"properties":{"id":"MX-MEX-5093","nombre":"Toreo Naucalpan","portfolio":"CAPSA","estado":"MEX","municipio":"Naucalpan de Juárez"}},{"type":"Feature","geometry":{"type":"Point","coordinates":[-99.20861111,19.64805556]},"properties":{"id":"MX-MEX-5094","nombre":"Atlanta","portfolio":"CAPSA","estado":"MEX","municipio":"Cuautitlán Izcalli"}},{"type":"Feature","geometry":{"type":"Point","coordinates":[-99.17577778,19.40975]},"properties":{"id":"MX-MEX-5095","nombre":"Hipodromo Condesa","portfolio":"CAPSA","estado":"DIF","municipio":"Cuauhtémoc"}},{"type":"Feature","geometry":{"type":"Point","coordinates":[-100.39004167,25.66560833]},"properties":{"id":"MX-MEX-5096","nombre":"Santa Barbara","portfolio":"CAPSA","estado":"NLE","municipio":"Garza García"}},{"type":"Feature","geometry":{"type":"Point","coordinates":[-99.23522222,19.50566667]},"properties":{"id":"MX-MEX-5098","nombre":"Satelite","portfolio":"CAPSA","estado":"MEX","municipio":"Naucalpan de Juárez"}},{"type":"Feature","geometry":{"type":"Point","coordinates":[-99.574391,19.282079]},"properties":{"id":"MX-MEX-5099","nombre":"Hotel Quinta Del Rey","portfolio":"CAPSA","estado":"MEX","municipio":"Toluca de Lerdo"}},{"type":"Feature","geometry":{"type":"Point","coordinates":[-99.17888889,19.57419444]},"properties":{"id":"MX-MEX-5100","nombre":"Movil Tlayapa","portfolio":"CAPSA","estado":"MEX","municipio":"Tutitlan"}},{"type":"Feature","geometry":{"type":"Point","coordinates":[-99.537333,19.306901]},"properties":{"id":"MX-MEX-5101","nombre":"Parque Industrial Cerrillo","portfolio":"CAPSA","estado":"MEX","municipio":"Lerma"}},{"type":"Feature","geometry":{"type":"Point","coordinates":[-99.219785,19.703689]},"properties":{"id":"MX-MEX-5102","nombre":"Rio Hondo Tepotzotlan","portfolio":"CAPSA","estado":"MEX","municipio":"Cuautitlán Izcalli"}},{"type":"Feature","geometry":{"type":"Point","coordinates":[-99.72663889,19.30302778]},"properties":{"id":"MX-MEX-5103","nombre":"San Luis Mextepec","portfolio":"CAPSA","estado":"MEX","municipio":"San Miguel Zinacantepec"}},{"type":"Feature","geometry":{"type":"Point","coordinates":[-99.581964,19.283475]},"properties":{"id":"MX-MEX-5104","nombre":"Zona Hotelera","portfolio":"MTP","estado":"MEX","municipio":"Toluca de Lerdo"}},{"type":"Feature","geometry":{"type":"Point","coordinates":[-99.70453889,19.25425]},"properties":{"id":"MX-MEX-5105","nombre":"Cacalomacan","portfolio":"MTP","estado":"MEX","municipio":"Cacalomacán"}},{"type":"Feature","geometry":{"type":"Point","coordinates":[-99.57716667,19.25577778]},"properties":{"id":"MX-MEX-5106","nombre":"Nueva San Luis","portfolio":"MTP","estado":"MEX","municipio":"Metepec"}},{"type":"Feature","geometry":{"type":"Point","coordinates":[-99.66244444,19.22097222]},"properties":{"id":"MX-MEX-5107","nombre":"San Juan Tilapa","portfolio":"MTP","estado":"MEX","municipio":"Toluca"}},{"type":"Feature","geometry":{"type":"Point","coordinates":[-99.627472,19.256861]},"properties":{"id":"MX-MEX-5121","nombre":"Las Jaras","portfolio":"MTP","estado":"MEX","municipio":"Toluca de Lerdo"}},{"type":"Feature","geometry":{"type":"Point","coordinates":[-98.92830556,19.58158333]},"properties":{"id":"MX-MEX-5122","nombre":"San Cristobal Nexquipayac","portfolio":"MTP","estado":"MEX","municipio":"San Salvador Atenco"}},{"type":"Feature","geometry":{"type":"Point","coordinates":[-99.33887222,19.62734167]},"properties":{"id":"MX-MEX-5124","nombre":"Lirios","portfolio":"MTP","estado":"MEX","municipio":"Nicolás Romero"}},{"type":"Feature","geometry":{"type":"Point","coordinates":[-99.189528,19.608778]},"properties":{"id":"MX-MEX-5125","nombre":"Tepetlixpan","portfolio":"MTP","estado":"MEX","municipio":"Tutitlan"}},{"type":"Feature","geometry":{"type":"Point","coordinates":[-99.198788,19.539141]},"properties":{"id":"MX-MEX-5126","nombre":"Sat Tlanepantla","portfolio":"MTP","estado":"MEX","municipio":"Tlalnepantla de Baz"}},{"type":"Feature","geometry":{"type":"Point","coordinates":[-99.667724,19.2869]},"properties":{"id":"MX-MEX-5127","nombre":"Nemesio Diez","portfolio":"MTP","estado":"MEX","municipio":"Toluca"}},{"type":"Feature","geometry":{"type":"Point","coordinates":[-99.56632,19.31437]},"properties":{"id":"MX-MEX-5128","nombre":"Nueva San Pedro","portfolio":"MTP","estado":"MEX","municipio":"Toluca"}},{"type":"Feature","geometry":{"type":"Point","coordinates":[-99.554074,19.337156]},"properties":{"id":"MX-MEX-5129","nombre":"La Constitucion","portfolio":"MTP","estado":"MEX","municipio":"Toluca de Lerdo"}},{"type":"Feature","geometry":{"type":"Point","coordinates":[-99.528766,19.260785]},"properties":{"id":"MX-MEX-5130","nombre":"Del Potrero","portfolio":"MTP","estado":"MEX","municipio":"San Mateo Atenco"}},{"type":"Feature","geometry":{"type":"Point","coordinates":[-99.576211,19.30543]},"properties":{"id":"MX-MEX-5131","nombre":"Santa Maria Totoltepec","portfolio":"MTP","estado":"MEX","municipio":"Toluca"}},{"type":"Feature","geometry":{"type":"Point","coordinates":[-99.57652,19.34908]},"properties":{"id":"MX-MEX-5132","nombre":"Aero Toluca","portfolio":"MTP","estado":"MEX","municipio":"Toluca"}},{"type":"Feature","geometry":{"type":"Point","coordinates":[-99.558297,19.410531]},"properties":{"id":"MX-MEX-5133","nombre":"Andador","portfolio":"MTP","estado":"MEX","municipio":"Villa Cuauhtémoc"}},{"type":"Feature","geometry":{"type":"Point","coordinates":[-99.47397,19.27125]},"properties":{"id":"MX-MEX-5135","nombre":"Rio Ocoyoacac","portfolio":"MTP","estado":"MEX","municipio":"Ocoyoacac"}},{"type":"Feature","geometry":{"type":"Point","coordinates":[-99.008262,19.382651]},"properties":{"id":"MX-MEX-5137","nombre":"Rio Blanco","portfolio":"MTP","estado":"MEX","municipio":"Mexico City"}},{"type":"Feature","geometry":{"type":"Point","coordinates":[-99.214981,19.619404]},"properties":{"id":"MX-MEX-5138","nombre":"Plan De Guadalupe","portfolio":"MTP","estado":"MEX","municipio":"Cuautitlán Izcalli"}},{"type":"Feature","geometry":{"type":"Point","coordinates":[-99.014408,19.388244]},"properties":{"id":"MX-MEX-5139","nombre":"Neza Centro","portfolio":"MTP","estado":"MEX","municipio":"Mexico City"}},{"type":"Feature","geometry":{"type":"Point","coordinates":[-98.9849,19.39066]},"properties":{"id":"MX-MEX-5140","nombre":"Esperanza","portfolio":"MTP","estado":"MEX","municipio":"Mexico City"}},{"type":"Feature","geometry":{"type":"Point","coordinates":[-99.117672,19.645916]},"properties":{"id":"MX-MEX-5141","nombre":"Tultepec Conjunto Del Valle","portfolio":"MTP","estado":"MEX","municipio":"Coacalco De Berriozábal"}},{"type":"Feature","geometry":{"type":"Point","coordinates":[-99.122,19.634126]},"properties":{"id":"MX-MEX-5142","nombre":"Fuente Del Tauro","portfolio":"MTP","estado":"MEX","municipio":"Coacalco De Berriozábal"}},{"type":"Feature","geometry":{"type":"Point","coordinates":[-99.06778,19.655331]},"properties":{"id":"MX-MEX-5143","nombre":"Golondrinas","portfolio":"MTP","estado":"MEX","municipio":"Ecatepec de Morelos"}},{"type":"Feature","geometry":{"type":"Point","coordinates":[-99.094255,19.67771]},"properties":{"id":"MX-MEX-5144","nombre":"Quintana Roo","portfolio":"MTP","estado":"MEX","municipio":"Tutitlan"}},{"type":"Feature","geometry":{"type":"Point","coordinates":[-99.292605,19.615121]},"properties":{"id":"MX-MEX-5145","nombre":"San Isidro La Paz","portfolio":"MTP","estado":"MEX","municipio":"Nicolás Romero"}},{"type":"Feature","geometry":{"type":"Point","coordinates":[-99.24592,19.56889]},"properties":{"id":"MX-MEX-5146","nombre":"Asta Bandera","portfolio":"MTP","estado":"MEX","municipio":"Atizapán De Zaragoza"}},{"type":"Feature","geometry":{"type":"Point","coordinates":[-99.251809,19.606301]},"properties":{"id":"MX-MEX-5147","nombre":"Clinica Medica","portfolio":"MTP","estado":"MEX","municipio":"Atizapán De Zaragoza"}},{"type":"Feature","geometry":{"type":"Point","coordinates":[-99.078541,19.668586]},"properties":{"id":"MX-MEX-5148","nombre":"Planicie","portfolio":"MTP","estado":"MEX","municipio":"Tutitlan"}},{"type":"Feature","geometry":{"type":"Point","coordinates":[-99.035692,19.644875]},"properties":{"id":"MX-MEX-5149","nombre":"Castilla","portfolio":"MTP","estado":"MEX","municipio":"Tecámac de Felipe Villanueva"}},{"type":"Feature","geometry":{"type":"Point","coordinates":[-99.240167,19.627639]},"properties":{"id":"MX-MEX-5151","nombre":"Faisan","portfolio":"MTP","estado":"MEX","municipio":"Cuautitlán Izcalli"}},{"type":"Feature","geometry":{"type":"Point","coordinates":[-99.61442777,19.55002983]},"properties":{"id":"MX-MEX-5153","nombre":"Jiquipilco","portfolio":"MTP","estado":"MEX","municipio":"Jiquipilco"}},{"type":"Feature","geometry":{"type":"Point","coordinates":[-99.233526,19.472074]},"properties":{"id":"MX-MEX-5154","nombre":"Rio Duero","portfolio":"MTP","estado":"MEX","municipio":"Naucalpan De Juárez"}},{"type":"Feature","geometry":{"type":"Point","coordinates":[-99.21578,19.579825]},"properties":{"id":"MX-MEX-5155","nombre":"Tlane Park","portfolio":"MTP","estado":"MEX","municipio":"Atizapán de Zaragoza"}},{"type":"Feature","geometry":{"type":"Point","coordinates":[-99.59946,19.30339]},"properties":{"id":"MX-MEX-5156","nombre":"Av Industrial Automotriz","portfolio":"MTP","estado":"MEX","municipio":"Toluca"}},{"type":"Feature","geometry":{"type":"Point","coordinates":[-99.215975,19.542842]},"properties":{"id":"MX-MEX-5157","nombre":"Cumbres De Acutzingo","portfolio":"MTP","estado":"MEX","municipio":"Tlalnepantla de Baz"}},{"type":"Feature","geometry":{"type":"Point","coordinates":[-99.05802778,19.87130556]},"properties":{"id":"MX-MEX-5158","nombre":"Jilotzingo","portfolio":"MTP","estado":"MEX","municipio":"Hueypoxtla"}},{"type":"Feature","geometry":{"type":"Point","coordinates":[-99.131643,19.751788]},"properties":{"id":"MX-MEX-5159","nombre":"Bocanegra","portfolio":"MTP","estado":"MEX","municipio":"Cuautitlán"}},{"type":"Feature","geometry":{"type":"Point","coordinates":[-98.967803,19.723912]},"properties":{"id":"MX-MEX-5160","nombre":"GEO Tecamac","portfolio":"MTP","estado":"MEX","municipio":"Tecámac"}},{"type":"Feature","geometry":{"type":"Point","coordinates":[-98.868679,19.201942]},"properties":{"id":"MX-MEX-5161","nombre":"Temamatla Centro","portfolio":"MTP","estado":"MEX","municipio":"Temamatla"}},{"type":"Feature","geometry":{"type":"Point","coordinates":[-99.484389,19.034139]},"properties":{"id":"MX-MEX-5163","nombre":"Piaxtla","portfolio":"MTP","estado":"MEX","municipio":"Ocuilan"}},{"type":"Feature","geometry":{"type":"Point","coordinates":[-99.822528,19.291194]},"properties":{"id":"MX-MEX-5164","nombre":"Maria Del Monte","portfolio":"MTP","estado":"MEX","municipio":"San Miguel Zinacantepec"}},{"type":"Feature","geometry":{"type":"Point","coordinates":[-99.170481,19.388318]},"properties":{"id":"MX-MEX-5166","nombre":"Del Valle Centro IIIR","portfolio":"MTP","estado":"DIF","municipio":"Benito Juárez"}},{"type":"Feature","geometry":{"type":"Point","coordinates":[-99.05780556,19.24952778]},"properties":{"id":"MX-MEX-5167","nombre":"Barrio De Chalma","portfolio":"MTP","estado":"DIF","municipio":"Mexico City"}},{"type":"Feature","geometry":{"type":"Point","coordinates":[-99.0355,19.634453]},"properties":{"id":"MX-MEX-5168","nombre":"Heroes Tecamac","portfolio":"MTP","estado":"MEX","municipio":"Tecámac"}},{"type":"Feature","geometry":{"type":"Point","coordinates":[-99.875307,19.804777]},"properties":{"id":"MX-MEX-5169","nombre":"Manuel Del Mazo","portfolio":"MTP","estado":"MEX","municipio":"Atlacomulco"}},{"type":"Feature","geometry":{"type":"Point","coordinates":[-99.89425,19.808144]},"properties":{"id":"MX-MEX-5170","nombre":"Atlacomulco","portfolio":"MTP","estado":"MEX","municipio":"Atlacomulco"}},{"type":"Feature","geometry":{"type":"Point","coordinates":[-98.760451,19.723998]},"properties":{"id":"MX-MEX-5171","nombre":"Axapusco","portfolio":"MTP","estado":"MEX","municipio":"Axapusco"}},{"type":"Feature","geometry":{"type":"Point","coordinates":[-99.0139128,19.406606]},"properties":{"id":"MX-MEX-5173","nombre":"Chimalhuacan","portfolio":"MTP","estado":"MEX","municipio":"Mexico City"}},{"type":"Feature","geometry":{"type":"Point","coordinates":[-98.991294,19.378594]},"properties":{"id":"MX-MEX-5174","nombre":"Tepozanes","portfolio":"MTP","estado":"MEX","municipio":"Mexico City"}},{"type":"Feature","geometry":{"type":"Point","coordinates":[-98.996287,19.58669]},"properties":{"id":"MX-MEX-5175","nombre":"Sosa Texcoco","portfolio":"MTP","estado":"MEX","municipio":"Tepexpan"}},{"type":"Feature","geometry":{"type":"Point","coordinates":[-99.628896,19.350301]},"properties":{"id":"MX-MEX-5176","nombre":"Cuexcontitlan","portfolio":"MTP","estado":"MEX","municipio":"Toluca"}},{"type":"Feature","geometry":{"type":"Point","coordinates":[-99.02216,19.38954]},"properties":{"id":"MX-MEX-5177","nombre":"Santa Anita","portfolio":"MTP","estado":"MEX","municipio":"Mexico City"}},{"type":"Feature","geometry":{"type":"Point","coordinates":[-100.121865,19.181785]},"properties":{"id":"MX-MEX-5180","nombre":"Jose Ceja","portfolio":"MTP","estado":"MEX","municipio":"Valle de Bravo"}},{"type":"Feature","geometry":{"type":"Point","coordinates":[-99.29736111,19.64236111]},"properties":{"id":"MX-MEX-5523","nombre":"Canal De Huamantla","portfolio":"MTP","estado":"MEX","municipio":"Nicolás Romero"}},{"type":"Feature","geometry":{"type":"Point","coordinates":[-98.975121,19.606622]},"properties":{"id":"MX-MEX-5598","nombre":"Terranova","portfolio":"MTP","estado":"MEX","municipio":"Acolman de Nezahualcóyotl"}},{"type":"Feature","geometry":{"type":"Point","coordinates":[-99.16129,19.750462]},"properties":{"id":"MX-MEX-5599","nombre":"Teoloyucan","portfolio":"MTP","estado":"MEX","municipio":"Teoloyucan"}},{"type":"Feature","geometry":{"type":"Point","coordinates":[-98.859783,19.546929]},"properties":{"id":"MX-MEX-5600","nombre":"Ecuador","portfolio":"MTP","estado":"MEX","municipio":"Texcoco de Mora"}},{"type":"Feature","geometry":{"type":"Point","coordinates":[-98.867217,19.498783]},"properties":{"id":"MX-MEX-5601","nombre":"San Diego","portfolio":"MTP","estado":"MEX","municipio":"Texcoco de Mora"}},{"type":"Feature","geometry":{"type":"Point","coordinates":[-98.913553,19.430003]},"properties":{"id":"MX-MEX-5602","nombre":"Victor Puebla","portfolio":"MTP","estado":"MEX","municipio":"Texcoco de Mora"}},{"type":"Feature","geometry":{"type":"Point","coordinates":[-99.617425,19.311806]},"properties":{"id":"MX-MEX-5604","nombre":"Rincon San Lorenzo","portfolio":"MTP","estado":"MEX","municipio":"Toluca"}},{"type":"Feature","geometry":{"type":"Point","coordinates":[-99.636376,19.299402]},"properties":{"id":"MX-MEX-5605","nombre":"Parque Bomba","portfolio":"MTP","estado":"MEX","municipio":"Toluca"}},{"type":"Feature","geometry":{"type":"Point","coordinates":[-99.567977,19.298091]},"properties":{"id":"MX-MEX-5606","nombre":"Avante","portfolio":"MTP","estado":"MEX","municipio":"Toluca"}},{"type":"Feature","geometry":{"type":"Point","coordinates":[-99.036431,19.434294]},"properties":{"id":"MX-MEX-5608","nombre":"Rivapalacios","portfolio":"MTP","estado":"MEX","municipio":"Mexico City"}},{"type":"Feature","geometry":{"type":"Point","coordinates":[-99.7584309,19.3686333]},"properties":{"id":"MX-MEX-5610","nombre":"Almoloya De Juarez","portfolio":"MTP","estado":"MEX","municipio":"Villa de Almoloya de Juárez"}},{"type":"Feature","geometry":{"type":"Point","coordinates":[-99.10337,19.64808]},"properties":{"id":"MX-MEX-5611","nombre":"Heroes Coacalco","portfolio":"MTP","estado":"MEX","municipio":"Coacalco De Berriozábal"}},{"type":"Feature","geometry":{"type":"Point","coordinates":[-99.251265,19.481217]},"properties":{"id":"MX-MEX-5612","nombre":"Mega San Mateo","portfolio":"MTP","estado":"MEX","municipio":"Naucalpan De Juárez"}},{"type":"Feature","geometry":{"type":"Point","coordinates":[-99.56789,19.37664]},"properties":{"id":"MX-MEX-5613","nombre":"Paseos Santin","portfolio":"MTP","estado":"MEX","municipio":"Toluca de Lerdo"}},{"type":"Feature","geometry":{"type":"Point","coordinates":[-99.10594,19.63907]},"properties":{"id":"MX-MEX-5615","nombre":"Mexiquense","portfolio":"MTP","estado":"MEX","municipio":"Coacalco De Berriozábal"}},{"type":"Feature","geometry":{"type":"Point","coordinates":[-99.07455833,19.70302778]},"properties":{"id":"MX-MEX-5617","nombre":"Hacienda Santa Ines","portfolio":"MTP","estado":"MEX","municipio":"Santa Ana Nextlalpan"}},{"type":"Feature","geometry":{"type":"Point","coordinates":[-99.650036,19.285587]},"properties":{"id":"MX-MEX-5622","nombre":"Pino Suarez","portfolio":"MTP","estado":"MEX","municipio":"Toluca"}},{"type":"Feature","geometry":{"type":"Point","coordinates":[-98.990694,19.393014]},"properties":{"id":"MX-MEX-5624","nombre":"La Cigarra","portfolio":"MTP","estado":"MEX","municipio":"Mexico City"}},{"type":"Feature","geometry":{"type":"Point","coordinates":[-99.041869,19.413511]},"properties":{"id":"MX-MEX-5625","nombre":"Vicente Riva Palacio","portfolio":"MTP","estado":"MEX","municipio":"Mexico City"}},{"type":"Feature","geometry":{"type":"Point","coordinates":[-99.02843611,19.4195833]},"properties":{"id":"MX-MEX-5626","nombre":"Virgencitas","portfolio":"MTP","estado":"MEX","municipio":"Mexico City"}},{"type":"Feature","geometry":{"type":"Point","coordinates":[-99.05774,19.47828]},"properties":{"id":"MX-MEX-5628","nombre":"Vergel Guadalupe","portfolio":"MTP","estado":"MEX","municipio":"Mexico City"}},{"type":"Feature","geometry":{"type":"Point","coordinates":[-98.894224,19.514533]},"properties":{"id":"MX-MEX-5629","nombre":"Campo Deportivo","portfolio":"MTP","estado":"MEX","municipio":"Texcoco de Mora"}},{"type":"Feature","geometry":{"type":"Point","coordinates":[-98.845442,19.536429]},"properties":{"id":"MX-MEX-5630","nombre":"El Batan","portfolio":"MTP","estado":"MEX","municipio":"Texcoco de Mora"}},{"type":"Feature","geometry":{"type":"Point","coordinates":[-98.869081,19.684919]},"properties":{"id":"MX-MEX-5631","nombre":"Teotihuacan","portfolio":"MTP","estado":"MEX","municipio":"Teotihuacán"}},{"type":"Feature","geometry":{"type":"Point","coordinates":[-99.916756,19.819053]},"properties":{"id":"MX-MEX-5632","nombre":"Tlacotepec","portfolio":"MTP","estado":"MEX","municipio":"Atlacomulco"}},{"type":"Feature","geometry":{"type":"Point","coordinates":[-98.81069444,19.22116667]},"properties":{"id":"MX-MEX-5639","nombre":"San Mateo Tezoquipan","portfolio":"MTP","estado":"MEX","municipio":"Chalco"}},{"type":"Feature","geometry":{"type":"Point","coordinates":[-98.960329,19.204635]},"properties":{"id":"MX-MEX-5644","nombre":"San Juan Y San Pedro Tezompa","portfolio":"MTP","estado":"MEX","municipio":"Chalco"}},{"type":"Feature","geometry":{"type":"Point","coordinates":[-99.14019444,19.68055556]},"properties":{"id":"MX-MEX-5647","nombre":"Libramiento 2 De Marzo","portfolio":"MTP","estado":"MEX","municipio":"Tultepec"}},{"type":"Feature","geometry":{"type":"Point","coordinates":[-99.455709,19.305266]},"properties":{"id":"MX-MEX-5648","nombre":"Ameyalco","portfolio":"MTP","estado":"MEX","municipio":"Lerma de Villada"}},{"type":"Feature","geometry":{"type":"Point","coordinates":[-98.99675,19.66888889]},"properties":{"id":"MX-MEX-5649","nombre":"Ozumbilla","portfolio":"MTP","estado":"MEX","municipio":"Tecámac"}},{"type":"Feature","geometry":{"type":"Point","coordinates":[-99.521352,19.191035]},"properties":{"id":"MX-MEX-5650","nombre":"El Trebol","portfolio":"MTP","estado":"MEX","municipio":"Santiago Tianguistenco"}},{"type":"Feature","geometry":{"type":"Point","coordinates":[-99.52533889,19.10814722]},"properties":{"id":"MX-MEX-5651","nombre":"Techuchulco","portfolio":"MTP","estado":"MEX","municipio":"joquicingo de leon guzman"}},{"type":"Feature","geometry":{"type":"Point","coordinates":[-98.94936667,19.7439167]},"properties":{"id":"MX-MEX-5653","nombre":"Santa Maria Xonacahuacan","portfolio":"MTP","estado":"MEX","municipio":"Tecámac"}},{"type":"Feature","geometry":{"type":"Point","coordinates":[-99.84963889,19.77256111]},"properties":{"id":"MX-MEX-5662","nombre":"Valle De Los Sauces","portfolio":"CAPSA","estado":"MEX","municipio":"Atlacomulco"}},{"type":"Feature","geometry":{"type":"Point","coordinates":[-99.735194,19.12304]},"properties":{"id":"MX-MEX-5663","nombre":"Nevado De Toluca","portfolio":"MTP","estado":"MEX","municipio":"Toluca"}},{"type":"Feature","geometry":{"type":"Point","coordinates":[-99.505202,18.983073]},"properties":{"id":"MX-MEX-5664","nombre":"Maninalco","portfolio":"MTP","estado":"MEX","municipio":"Malinalco"}},{"type":"Feature","geometry":{"type":"Point","coordinates":[-99.581111,19.381056]},"properties":{"id":"MX-MEX-5665","nombre":"Toluca 2000","portfolio":"CAPSA","estado":"MEX","municipio":"Toluca de Lerdo"}},{"type":"Feature","geometry":{"type":"Point","coordinates":[-99.576089,19.291069]},"properties":{"id":"MX-MEX-5669","nombre":"Avante","portfolio":"MTP","estado":"MEX","municipio":"TOLUCA"}},{"type":"Feature","geometry":{"type":"Point","coordinates":[-99.531718,19.298598]},"properties":{"id":"MX-MEX-5670","nombre":"Industrial Isidro Fabela","portfolio":"MTP","estado":"MEX","municipio":"LERMA"}},{"type":"Feature","geometry":{"type":"Point","coordinates":[-99.028133,19.62517499]},"properties":{"id":"MX-MEX-5672","nombre":"Heroes Bosques","portfolio":"MTP","estado":"MEX","municipio":"Tecámac"}},{"type":"Feature","geometry":{"type":"Point","coordinates":[-99.25401,19.65866]},"properties":{"id":"MX-MEX-5673","nombre":"Ejido Huilango","portfolio":"MTP","estado":"MEX","municipio":"Cuautitlán Izcalli"}},{"type":"Feature","geometry":{"type":"Point","coordinates":[-99.222817,19.715624]},"properties":{"id":"MX-MEX-5674","nombre":"Lapicito","portfolio":"MTP","estado":"MEX","municipio":"Tepotzotlán"}},{"type":"Feature","geometry":{"type":"Point","coordinates":[-98.9705,19.72296]},"properties":{"id":"MX-MEX-5675","nombre":"Peña Y Peña","portfolio":"MTP","estado":"MEX","municipio":"Tecámac"}},{"type":"Feature","geometry":{"type":"Point","coordinates":[-99.221662,19.454198]},"properties":{"id":"MX-MEX-5682","nombre":"Parque Chapultepec UVM","portfolio":"MTP","estado":"MEX","municipio":"Naucalpan de Juárez"}},{"type":"Feature","geometry":{"type":"Point","coordinates":[-99.05066,19.54793]},"properties":{"id":"MX-MEX-5684","nombre":"Guaymas","portfolio":"MTP","estado":"MEX","municipio":"ECATEPEC DE MORELOS"}},{"type":"Feature","geometry":{"type":"Point","coordinates":[-99.21311,19.85974]},"properties":{"id":"MX-MEX-5685","nombre":"Barranca Prieta","portfolio":"MTP","estado":"MEX","municipio":"HUEHUETOCA"}},{"type":"Feature","geometry":{"type":"Point","coordinates":[-99.00093,19.64627]},"properties":{"id":"MX-MEX-5686","nombre":"Fortaleza","portfolio":"MTP","estado":"MEX","municipio":"ECATEPEC DE MORELOS"}},{"type":"Feature","geometry":{"type":"Point","coordinates":[-99.029976,19.516454]},"properties":{"id":"MX-MEX-5687","nombre":"Fuentes De Aragon","portfolio":"MTP","estado":"MEX","municipio":"Ecatepec de Morelos"}},{"type":"Feature","geometry":{"type":"Point","coordinates":[-99.045034,19.576749]},"properties":{"id":"MX-MEX-5688","nombre":"Oriente 4","portfolio":"MTP","estado":"MEX","municipio":"Ecatepec de Morelos"}},{"type":"Feature","geometry":{"type":"Point","coordinates":[-99.088825,19.515358]},"properties":{"id":"MX-MEX-5689","nombre":"Pugibet","portfolio":"MTP","estado":"MEX","municipio":"TLALNEPANTLA DE BAZ"}},{"type":"Feature","geometry":{"type":"Point","coordinates":[-98.975212,19.348703]},"properties":{"id":"MX-MEX-5690","nombre":"Tehuehuetitla","portfolio":"MTP","estado":"MEX","municipio":"La Paz"}},{"type":"Feature","geometry":{"type":"Point","coordinates":[-99.245803,19.469267]},"properties":{"id":"MX-MEX-5691","nombre":"Figueroa","portfolio":"MTP","estado":"MEX","municipio":"Naucalpan de Juárez"}},{"type":"Feature","geometry":{"type":"Point","coordinates":[-98.944271,19.310844]},"properties":{"id":"MX-MEX-5692","nombre":"De Xico","portfolio":"MTP","estado":"MEX","municipio":"Valle de Chalco Solidaridad"}},{"type":"Feature","geometry":{"type":"Point","coordinates":[-99.278912,19.687265]},"properties":{"id":"MX-MEX-5693","nombre":"Cuautlalpan","portfolio":"MTP","estado":"MEX","municipio":"Tepotzotlán"}},{"type":"Feature","geometry":{"type":"Point","coordinates":[-99.585577,19.2915]},"properties":{"id":"MX-MEX-5694","nombre":"Totoltepec","portfolio":"MTP","estado":"MEX","municipio":"TOLUCA"}},{"type":"Feature","geometry":{"type":"Point","coordinates":[-99.244525,19.451828]},"properties":{"id":"MX-MEX-5695","nombre":"La Parrillita","portfolio":"MTP","estado":"MEX","municipio":"Naucalpan de Juárez"}},{"type":"Feature","geometry":{"type":"Point","coordinates":[-99.266278,19.544322]},"properties":{"id":"MX-MEX-5696","nombre":"Via Dr Jimenez Cantu","portfolio":"CAPSA","estado":"MEX","municipio":"Atizapán De Zaragoza"}},{"type":"Feature","geometry":{"type":"Point","coordinates":[-98.6527175,19.12026]},"properties":{"id":"MX-MEX-5697","nombre":"Altzomoni","portfolio":"MTP","estado":"MEX","municipio":"Amecameca de Juarez"}},{"type":"Feature","geometry":{"type":"Point","coordinates":[-99.2637175,19.76514611]},"properties":{"id":"MX-MEX-5699","nombre":"Coyotepec","portfolio":"MTP","estado":"MEX","municipio":"Tepotzotlán"}},{"type":"Feature","geometry":{"type":"Point","coordinates":[-99.3665,19.64216111]},"properties":{"id":"MX-MEX-5701","nombre":"El Vidrio","portfolio":"MTP","estado":"MEX","municipio":"Mexico City"}},{"type":"Feature","geometry":{"type":"Point","coordinates":[-99.38130167,19.32443028]},"properties":{"id":"MX-MEX-5704","nombre":"Palmas","portfolio":"MTP","estado":"MEX","municipio":"Huixquilucan de Degollado"}},{"type":"Feature","geometry":{"type":"Point","coordinates":[-99.703702,18.881845]},"properties":{"id":"MX-MEX-5705","nombre":"San Miguel Laderas","portfolio":"MTP","estado":"MEX","municipio":"Huixquilucan"}},{"type":"Feature","geometry":{"type":"Point","coordinates":[-99.50425278,18.9826139]},"properties":{"id":"MX-MEX-5706","nombre":"San Simón","portfolio":"MTP","estado":"MEX","municipio":"Malinalco"}},{"type":"Feature","geometry":{"type":"Point","coordinates":[-99.11653888,19.591425]},"properties":{"id":"MX-MEX-5707","nombre":"Tres Padres","portfolio":"MTP","estado":"MEX","municipio":"Ecatepec de Morelos"}},{"type":"Feature","geometry":{"type":"Point","coordinates":[-99.679695,19.30200194]},"properties":{"id":"MX-MEX-5709","nombre":"Toluca -Teresona","portfolio":"MTP","estado":"MEX","municipio":"Toluca"}},{"type":"Feature","geometry":{"type":"Point","coordinates":[-99.573994,19.334633]},"properties":{"id":"MX-MEX-5710","nombre":"Cerrada Emiliano Zapata","portfolio":"CAPSA","estado":"MEX","municipio":"Toluca de Lerdo"}},{"type":"Feature","geometry":{"type":"Point","coordinates":[-98.82530194,19.75450889]},"properties":{"id":"MX-MEX-5711","nombre":"Cerro Gordo","portfolio":"MTP","estado":"MEX","municipio":"Axapusco"}},{"type":"Feature","geometry":{"type":"Point","coordinates":[-99.0949,19.7425]},"properties":{"id":"MX-MEX-5713","nombre":"Hombres Ilustres","portfolio":"MTP","estado":"MEX","municipio":"Santa Ana Nextlalpan"}},{"type":"Feature","geometry":{"type":"Point","coordinates":[-98.93669,19.44503]},"properties":{"id":"MX-MEX-5714","nombre":"Cantaritos","portfolio":"MTP","estado":"MEX","municipio":"Chimalhuacán"}},{"type":"Feature","geometry":{"type":"Point","coordinates":[-99.031765,19.426359]},"properties":{"id":"MX-MEX-5715","nombre":"Xochiaca","portfolio":"MTP","estado":"MEX","municipio":"Nezahualcóyotl"}},{"type":"Feature","geometry":{"type":"Point","coordinates":[-99.27472222,19.43213889]},"properties":{"id":"MX-MEX-5716","nombre":"Bosque Real","portfolio":"MTP","estado":"MEX","municipio":"Naucalpan De Juárez"}},{"type":"Feature","geometry":{"type":"Point","coordinates":[-99.260443,19.438971]},"properties":{"id":"MX-MEX-5717","nombre":"Bosques De La Herradura","portfolio":"MTP","estado":"MEX","municipio":"Naucalpan De Juárez"}},{"type":"Feature","geometry":{"type":"Point","coordinates":[-99.64502222,18.9616]},"properties":{"id":"MX-MEX-5718","nombre":"Galeana","portfolio":"MTP","estado":"MEX","municipio":"Villa Guerrero"}},{"type":"Feature","geometry":{"type":"Point","coordinates":[-99.1988,19.6405]},"properties":{"id":"MX-MEX-5719","nombre":"Paseo Del Alba","portfolio":"MTP","estado":"MEX","municipio":"Cuautitlán Izcalli"}},{"type":"Feature","geometry":{"type":"Point","coordinates":[-98.93603056,19.59731944]},"properties":{"id":"MX-MEX-5722","nombre":"Hortelanos","portfolio":"MTP","estado":"MEX","municipio":"Tezoyuca"}},{"type":"Feature","geometry":{"type":"Point","coordinates":[-99.154219,19.729683]},"properties":{"id":"MX-MEX-5723","nombre":"Villa Maria","portfolio":"MTP","estado":"MEX","municipio":"Mexico City"}},{"type":"Feature","geometry":{"type":"Point","coordinates":[-99.08930556,19.567]},"properties":{"id":"MX-MEX-5724","nombre":"Rancho Viejo","portfolio":"MTP","estado":"MEX","municipio":"Ecatepec De Morelos"}},{"type":"Feature","geometry":{"type":"Point","coordinates":[-99.02235,19.63969167]},"properties":{"id":"MX-MEX-5728","nombre":"Candelaria","portfolio":"MTP","estado":"MEX","municipio":"Tecámac"}},{"type":"Feature","geometry":{"type":"Point","coordinates":[-98.90938889,19.384]},"properties":{"id":"MX-MEX-5729","nombre":"Minas Chimalhuacan","portfolio":"MTP","estado":"MEX","municipio":"Chimalhuacán"}},{"type":"Feature","geometry":{"type":"Point","coordinates":[-99.78124444,19.29680556]},"properties":{"id":"MX-MEX-5730","nombre":"GEO El Nevado","portfolio":"MTP","estado":"MEX","municipio":"Almoloya De Juárez"}},{"type":"Feature","geometry":{"type":"Point","coordinates":[-99.62615,18.88892778]},"properties":{"id":"MX-MEX-5733","nombre":"La Finca","portfolio":"MTP","estado":"MEX","municipio":"Villa Guerrero"}},{"type":"Feature","geometry":{"type":"Point","coordinates":[-99.179533,19.543403]},"properties":{"id":"MX-MEX-5735","nombre":"Varese","portfolio":"MTP","estado":"MEX","municipio":"Tlalnepantla De Baz"}},{"type":"Feature","geometry":{"type":"Point","coordinates":[-99.162081,19.629507]},"properties":{"id":"MX-MEX-5738","nombre":"Recursos Hidraulicos","portfolio":"MTP","estado":"MEX","municipio":"Tutitlan"}},{"type":"Feature","geometry":{"type":"Point","coordinates":[-98.922442,19.280767]},"properties":{"id":"MX-MEX-5739","nombre":"33 Oriente","portfolio":"MTP","estado":"MEX","municipio":"Valle de Chalco Solidaridad"}},{"type":"Feature","geometry":{"type":"Point","coordinates":[-98.92928883,19.37473283]},"properties":{"id":"MX-MEX-5740","nombre":"Ignacio Allende","portfolio":"MTP","estado":"MEX","municipio":"La Paz"}},{"type":"Feature","geometry":{"type":"Point","coordinates":[-98.873572,19.523286]},"properties":{"id":"MX-MEX-5743","nombre":"Calpulalpan","portfolio":"MTP","estado":"MEX","municipio":"Texcoco de Mora"}},{"type":"Feature","geometry":{"type":"Point","coordinates":[-98.874728,19.428278]},"properties":{"id":"MX-MEX-5744","nombre":"Circuito San Antonio","portfolio":"MTP","estado":"MEX","municipio":"Texcoco de Mora"}},{"type":"Feature","geometry":{"type":"Point","coordinates":[-99.557791,19.363364]},"properties":{"id":"MX-MEX-5745","nombre":"Centro Dinamico Pegaso","portfolio":"MTP","estado":"MEX","municipio":"Toluca"}},{"type":"Feature","geometry":{"type":"Point","coordinates":[-98.64006,19.777113]},"properties":{"id":"MX-MEX-5746","nombre":"Arco Antonio Ometusco","portfolio":"MTP","estado":"MEX","municipio":"Axapusco"}},{"type":"Feature","geometry":{"type":"Point","coordinates":[-99.136222,19.648917]},"properties":{"id":"MX-MEX-5747","nombre":"Volvo Tultitlan","portfolio":"MTP","estado":"MEX","municipio":"Tultepec"}},{"type":"Feature","geometry":{"type":"Point","coordinates":[-98.852028,19.275111]},"properties":{"id":"MX-MEX-5748","nombre":"Pueblo Nuevo Chalco","portfolio":"MTP","estado":"MEX","municipio":"Chalco de Díaz Covarrubias"}},{"type":"Feature","geometry":{"type":"Point","coordinates":[-99.27037,19.60419]},"properties":{"id":"MX-MEX-5749","nombre":"Lomas Del Lago","portfolio":"MTP","estado":"MEX","municipio":"Nicolás Romero"}},{"type":"Feature","geometry":{"type":"Point","coordinates":[-99.337757,19.618706]},"properties":{"id":"MX-MEX-5750","nombre":"La Desviacion","portfolio":"MTP","estado":"MEX","municipio":"Nicolás Romero"}},{"type":"Feature","geometry":{"type":"Point","coordinates":[-99.164513,19.730247]},"properties":{"id":"MX-MEX-5753","nombre":"Cedis Ford","portfolio":"MTP","estado":"MEX","municipio":"Teoloyucan"}},{"type":"Feature","geometry":{"type":"Point","coordinates":[-98.958912,19.275525]},"properties":{"id":"MX-MEX-5756","nombre":"Lago De Chalco","portfolio":"MTP","estado":"MEX","municipio":"Valle De Chalco Solidaridad"}},{"type":"Feature","geometry":{"type":"Point","coordinates":[-99.156692,19.631614]},"properties":{"id":"MX-MEX-5757","nombre":"Tultipark II","portfolio":"MTP","estado":"MEX","municipio":"Tutitlan"}},{"type":"Feature","geometry":{"type":"Point","coordinates":[-98.79703,19.04502]},"properties":{"id":"MX-MEX-5758","nombre":"San Juan Ozumba","portfolio":"MTP","estado":"MEX","municipio":"Ozumba de Alzate"}},{"type":"Feature","geometry":{"type":"Point","coordinates":[-99.015578,19.394114]},"properties":{"id":"MX-MEX-5759","nombre":"Mixcalco","portfolio":"MTP","estado":"MEX","municipio":"Mexico City"}},{"type":"Feature","geometry":{"type":"Point","coordinates":[-99.17539,19.706482]},"properties":{"id":"MX-MEX-5760","nombre":"El Mirador II","portfolio":"MTP","estado":"MEX","municipio":"Cuautitlán"}},{"type":"Feature","geometry":{"type":"Point","coordinates":[-98.843417,19.247278]},"properties":{"id":"MX-MEX-5762","nombre":"La Candelaria Tlapala","portfolio":"MTP","estado":"MEX","municipio":"Chalco de Díaz Covarrubias"}},{"type":"Feature","geometry":{"type":"Point","coordinates":[-99.097766,19.809173]},"properties":{"id":"MX-MEX-5765","nombre":"Zaragoza II","portfolio":"MTP","estado":"MEX","municipio":"Zumpango de Ocampo"}},{"type":"Feature","geometry":{"type":"Point","coordinates":[-99.6551,19.0136]},"properties":{"id":"MX-MEX-5766","nombre":"San Jose","portfolio":"MTP","estado":"MEX","municipio":"Villa Guerrero"}},{"type":"Feature","geometry":{"type":"Point","coordinates":[-99.078833,19.654133]},"properties":{"id":"MX-MEX-5767","nombre":"IMSS Coacalco","portfolio":"MTP","estado":"MEX","municipio":"Coacalco De Berriozábal"}},{"type":"Feature","geometry":{"type":"Point","coordinates":[-99.186949,19.731979]},"properties":{"id":"MX-MEX-5770","nombre":"El Polvo","portfolio":"MTP","estado":"MEX","municipio":"Mexico City"}},{"type":"Feature","geometry":{"type":"Point","coordinates":[-99.392622,19.298281]},"properties":{"id":"MX-MEX-5771","nombre":"Salazar","portfolio":"MTP","estado":"MEX","municipio":"Ocoyoacac"}},{"type":"Feature","geometry":{"type":"Point","coordinates":[-99.069739,19.66566]},"properties":{"id":"MX-MEX-5772","nombre":"C Lara","portfolio":"MTP","estado":"MEX","municipio":"Jaltenco"}},{"type":"Feature","geometry":{"type":"Point","coordinates":[-99.078,19.518547]},"properties":{"id":"MX-MEX-5773","nombre":"Industrial Xalostoc","portfolio":"MTP","estado":"MEX","municipio":"Ecatepec De Morelos"}},{"type":"Feature","geometry":{"type":"Point","coordinates":[-99.2409202,19.4551303]},"properties":{"id":"MX-MEX-5781","nombre":"Rio Hondo","portfolio":"MTP","estado":"MEX","municipio":"Naucalpan de Juárez"}},{"type":"Feature","geometry":{"type":"Point","coordinates":[-98.911028,19.765444]},"properties":{"id":"MX-MEX-5782","nombre":"Tlachihualpa","portfolio":"MTP","estado":"MEX","municipio":"Temascalapa"}},{"type":"Feature","geometry":{"type":"Point","coordinates":[-99.579169,19.243454]},"properties":{"id":"MX-MEX-5784","nombre":"Niño Perdido","portfolio":"MTP","estado":"MEX","municipio":"Toluca de Lerdo"}},{"type":"Feature","geometry":{"type":"Point","coordinates":[-99.706111,19.278889]},"properties":{"id":"MX-MEX-5785","nombre":"Sefemex","portfolio":"MTP","estado":"MEX","municipio":"San Miguel Zinacantepec"}},{"type":"Feature","geometry":{"type":"Point","coordinates":[-99.132946,19.810951]},"properties":{"id":"MX-MEX-5786","nombre":"Abasolo II","portfolio":"MTP","estado":"MEX","municipio":"Zumpango de Ocampo"}},{"type":"Feature","geometry":{"type":"Point","coordinates":[-99.059083,19.502472]},"properties":{"id":"MX-MEX-5787","nombre":"El Chamizal","portfolio":"MTP","estado":"MEX","municipio":"Ecatepec De Morelos"}},{"type":"Feature","geometry":{"type":"Point","coordinates":[-98.915441,19.377461]},"properties":{"id":"MX-MEX-5788","nombre":"Zafiro","portfolio":"MTP","estado":"MEX","municipio":"Chimalhuacán"}},{"type":"Feature","geometry":{"type":"Point","coordinates":[-98.934583,19.328186]},"properties":{"id":"MX-MEX-5789","nombre":"Chuayffet","portfolio":"MTP","estado":"MEX","municipio":"Ixtapaluca"}},{"type":"Feature","geometry":{"type":"Point","coordinates":[-98.944027,19.399958]},"properties":{"id":"MX-MEX-5790","nombre":"Nativitas","portfolio":"MTP","estado":"MEX","municipio":"Chimalhuacán"}},{"type":"Feature","geometry":{"type":"Point","coordinates":[-99.427567,19.201864]},"properties":{"id":"MX-MEX-5791","nombre":"Almaya","portfolio":"MTP","estado":"MEX","municipio":"Santiago Tianguistenco"}},{"type":"Feature","geometry":{"type":"Point","coordinates":[-98.944947,19.389513]},"properties":{"id":"MX-MEX-5792","nombre":"Tepetates","portfolio":"MTP","estado":"MEX","municipio":"Chimalhuacán"}},{"type":"Feature","geometry":{"type":"Point","coordinates":[-99.564828,19.25475]},"properties":{"id":"MX-MEX-5793","nombre":"Portofino","portfolio":"MTP","estado":"MEX","municipio":"Metepec"}},{"type":"Feature","geometry":{"type":"Point","coordinates":[-99.01659,19.249836]},"properties":{"id":"MX-MEX-5794","nombre":"Cristo Rey","portfolio":"MTP","estado":"DIF","municipio":"Xochimilco"}},{"type":"Feature","geometry":{"type":"Point","coordinates":[-99.133461,19.442583]},"properties":{"id":"MX-MEX-5795","nombre":"Organo","portfolio":"MTP","estado":"DIF","municipio":"Cuauhtémoc"}},{"type":"Feature","geometry":{"type":"Point","coordinates":[-99.12529,19.437737]},"properties":{"id":"MX-MEX-5796","nombre":"Lecumberri","portfolio":"MTP","estado":"DIF","municipio":"Cuauhtémoc"}},{"type":"Feature","geometry":{"type":"Point","coordinates":[-99.064456,19.536656]},"properties":{"id":"MX-MEX-5798","nombre":"Santa Clara II","portfolio":"MTP","estado":"MEX","municipio":"Ecatepec de Morelos"}},{"type":"Feature","geometry":{"type":"Point","coordinates":[-99.015722,19.623528]},"properties":{"id":"MX-MEX-5799","nombre":"La Guadalupana Ecatepec","portfolio":"MTP","estado":"MEX","municipio":"Tecámac"}},{"type":"Feature","geometry":{"type":"Point","coordinates":[-98.986139,19.6495]},"properties":{"id":"MX-MEX-5801","nombre":"Los Heroes San Pablo","portfolio":"MTP","estado":"MEX","municipio":"Ecatepec de Morelos"}},{"type":"Feature","geometry":{"type":"Point","coordinates":[-98.97235,19.601694]},"properties":{"id":"MX-MEX-5802","nombre":"Real Del Valle","portfolio":"MTP","estado":"MEX","municipio":"Tezoyuca"}},{"type":"Feature","geometry":{"type":"Point","coordinates":[-99.042126,19.317242]},"properties":{"id":"MX-MEX-5803","nombre":"La Polvorilla","portfolio":"MTP","estado":"DIF","municipio":"Iztapalapa"}},{"type":"Feature","geometry":{"type":"Point","coordinates":[-99.090333,19.631621]},"properties":{"id":"MX-MEX-5804","nombre":"Zentralia Coacalco","portfolio":"MTP","estado":"MEX","municipio":"Coacalco de Berriozábal"}},{"type":"Feature","geometry":{"type":"Point","coordinates":[-98.932868,19.36548]},"properties":{"id":"MX-MEX-5805","nombre":"San Jose Las Palmas","portfolio":"MTP","estado":"MEX","municipio":"La Paz"}},{"type":"Feature","geometry":{"type":"Point","coordinates":[-99.544059,19.301695]},"properties":{"id":"MX-MEX-5806","nombre":"Parque Industrial Doña Rosa","portfolio":"MTP","estado":"MEX","municipio":"Lerma"}},{"type":"Feature","geometry":{"type":"Point","coordinates":[-99.201501,19.530629]},"properties":{"id":"MX-MEX-5807","nombre":"Valle Del Paraiso II","portfolio":"MTP","estado":"MEX","municipio":"Tlalnepantla de Baz"}},{"type":"Feature","geometry":{"type":"Point","coordinates":[-99.455356,19.272027]},"properties":{"id":"MX-MEX-5809","nombre":"Tepexoyuca","portfolio":"MTP","estado":"MEX","municipio":"Ocoyoacac"}},{"type":"Feature","geometry":{"type":"Point","coordinates":[-99.033332,19.415013]},"properties":{"id":"MX-MEX-5810","nombre":"Lago Michigan","portfolio":"MTP","estado":"MEX","municipio":"Mexico City"}},{"type":"Feature","geometry":{"type":"Point","coordinates":[-98.8735583,19.3064139]},"properties":{"id":"MX-MEX-5812","nombre":"San Buena Aventura","portfolio":"MTP","estado":"MEX","municipio":"IXTAPALUCA"}},{"type":"Feature","geometry":{"type":"Point","coordinates":[-98.8392,19.2944]},"properties":{"id":"MX-MEX-5813","nombre":"Cuatro Vientos","portfolio":"MTP","estado":"MEX","municipio":"IXTAPALUCA"}},{"type":"Feature","geometry":{"type":"Point","coordinates":[-98.95375561,19.35691306]},"properties":{"id":"MX-MEX-5814","nombre":"La Magdalena","portfolio":"MTP","estado":"MEX","municipio":"LA PAZ"}},{"type":"Feature","geometry":{"type":"Point","coordinates":[-98.958578,19.369197]},"properties":{"id":"MX-MEX-5815","nombre":"Río Bravo","portfolio":"MTP","estado":"MEX","municipio":"LA PAZ"}},{"type":"Feature","geometry":{"type":"Point","coordinates":[-99.203437,19.852404]},"properties":{"id":"MX-MEX-5816","nombre":"Santa María","portfolio":"MTP","estado":"MEX","municipio":"HUEHUETOCA"}},{"type":"Feature","geometry":{"type":"Point","coordinates":[-99.600921,19.270414]},"properties":{"id":"MX-MEX-5817","nombre":"Gobernadores","portfolio":"MTP","estado":"MEX","municipio":"Toluca de Lerdo"}},{"type":"Feature","geometry":{"type":"Point","coordinates":[-98.87578333,19.3221833]},"properties":{"id":"MX-MEX-5818","nombre":"Los Reyes Ixtapaluca","portfolio":"MTP","estado":"MEX","municipio":"IXTAPALUCA"}},{"type":"Feature","geometry":{"type":"Point","coordinates":[-98.90593056,19.29561944]},"properties":{"id":"MX-MEX-5819","nombre":"Ctb Mazo","portfolio":"MTP","estado":"MEX","municipio":"IXTAPALUCA"}},{"type":"Feature","geometry":{"type":"Point","coordinates":[-98.94975,19.78026111]},"properties":{"id":"MX-MEX-5820","nombre":"Desague","portfolio":"MTP","estado":"MEX","municipio":"Tecámac de Felipe Villanueva"}},{"type":"Feature","geometry":{"type":"Point","coordinates":[-99.662134,19.328286]},"properties":{"id":"MX-MEX-5822","nombre":"Santa Cruz II","portfolio":"MTP","estado":"MEX","municipio":"Toluca"}},{"type":"Feature","geometry":{"type":"Point","coordinates":[-99.263699,19.46651]},"properties":{"id":"MX-MEX-5823","nombre":"De Los Arcos","portfolio":"MTP","estado":"MEX","municipio":"Naucalpan de Juárez"}},{"type":"Feature","geometry":{"type":"Point","coordinates":[-99.16613801,19.378071]},"properties":{"id":"MX-MEX-5824","nombre":"Amores II","portfolio":"MTP","estado":"DIF","municipio":"Benito Juárez"}},{"type":"Feature","geometry":{"type":"Point","coordinates":[-99.24448333,19.83130843]},"properties":{"id":"MX-MEX-5826","nombre":"Tula-Jorobas","portfolio":"MTP","estado":"MEX","municipio":"Huehuetoca"}},{"type":"Feature","geometry":{"type":"Point","coordinates":[-98.88814722,19.7664751]},"properties":{"id":"MX-MEX-5827","nombre":"Temascalapa","portfolio":"MTP","estado":"MEX","municipio":"Temascalapa"}},{"type":"Feature","geometry":{"type":"Point","coordinates":[-99.63293889,19.07781121]},"properties":{"id":"MX-MEX-5828","nombre":"Parcela","portfolio":"MTP","estado":"MEX","municipio":"Tenango del Valle"}},{"type":"Feature","geometry":{"type":"Point","coordinates":[-99.2567403,19.8435112]},"properties":{"id":"MX-MEX-5829","nombre":"Urbi Villas Del Rey","portfolio":"MTP","estado":"MEX","municipio":"Huehuetoca"}},{"type":"Feature","geometry":{"type":"Point","coordinates":[-99.664833,19.250444]},"properties":{"id":"MX-MEX-5831","nombre":"Capultitlan","portfolio":"MTP","estado":"MEX","municipio":"Estado de México"}},{"type":"Feature","geometry":{"type":"Point","coordinates":[-99.27251488,19.39436879]},"properties":{"id":"MX-MEX-5832","nombre":"Fuente Del Olivo","portfolio":"MTP","estado":"MEX","municipio":"Estado de México"}},{"type":"Feature","geometry":{"type":"Point","coordinates":[-99.49667,19.28181009]},"properties":{"id":"MX-MEX-5834","nombre":"Outlet Lerma","portfolio":"MTP","estado":"MEX","municipio":"Estado de México"}},{"type":"Feature","geometry":{"type":"Point","coordinates":[-99.676414,19.26697]},"properties":{"id":"MX-MEX-5835","nombre":"Seminario","portfolio":"MTP","estado":"MEX","municipio":"Estado de México"}},{"type":"Feature","geometry":{"type":"Point","coordinates":[-99.714248,19.300467]},"properties":{"id":"MX-MEX-5836","nombre":"Zamarrero","portfolio":"MTP","estado":"MEX","municipio":"Estado de México"}},{"type":"Feature","geometry":{"type":"Point","coordinates":[-99.033377,19.664359]},"properties":{"id":"MX-MEX-5838","nombre":"Lago Baykal","portfolio":"MTP","estado":"MEX","municipio":"Tecámac"}},{"type":"Feature","geometry":{"type":"Point","coordinates":[-98.99463,19.68985]},"properties":{"id":"MX-MEX-5839","nombre":"Sierra Hermosa","portfolio":"MTP","estado":"MEX","municipio":"Estado de Mexico"}},{"type":"Feature","geometry":{"type":"Point","coordinates":[-99.229448,19.509444]},"properties":{"id":"MX-MEX-5840","nombre":"Edificio Nextel","portfolio":"MTP","estado":"MEX","municipio":"Naucalpan de Juárez"}},{"type":"Feature","geometry":{"type":"Point","coordinates":[-99.256361,19.517806]},"properties":{"id":"MX-MEX-5841","nombre":"Fuentes de satelite","portfolio":"MTP","estado":"MEX","municipio":"Naucalpan de Juárez"}},{"type":"Feature","geometry":{"type":"Point","coordinates":[-99.3195,19.570111]},"properties":{"id":"MX-MEX-5842","nombre":"Torre de agua","portfolio":"MTP","estado":"MEX","municipio":"CD López Mateos"}},{"type":"Feature","geometry":{"type":"Point","coordinates":[-99.236992,19.416317]},"properties":{"id":"MX-MEX-5845","nombre":"Acacias","portfolio":"MTP","estado":"MEX","municipio":"Estado de México"}},{"type":"Feature","geometry":{"type":"Point","coordinates":[-99.103778,19.654556]},"properties":{"id":"MX-MEX-5846","nombre":"Los Heroes Coacalco","portfolio":"MTP","estado":"MEX","municipio":"Estado de México"}},{"type":"Feature","geometry":{"type":"Point","coordinates":[-99.251027,19.480272]},"properties":{"id":"MX-MEX-5847","nombre":"Tercer Mundo","portfolio":"MTP","estado":"MEX","municipio":"Estado de México"}},{"type":"Feature","geometry":{"type":"Point","coordinates":[-99.046347,19.598811]},"properties":{"id":"MX-MEX-5848","nombre":"Ecatepec Centro","portfolio":"MTP","estado":"MEX","municipio":"Estado de México"}},{"type":"Feature","geometry":{"type":"Point","coordinates":[-98.8967,19.262925]},"properties":{"id":"MX-MEX-5849","nombre":"Crespo","portfolio":"MTP","estado":"MEX","municipio":"Chalco de Díaz Covarrubias"}},{"type":"Feature","geometry":{"type":"Point","coordinates":[-99.2861111,19.39861111]},"properties":{"id":"MX-MEX-5850","nombre":"Walmart Interlomas","portfolio":"MTP","estado":"MEX","municipio":"Huixquilucan"}},{"type":"Feature","geometry":{"type":"Point","coordinates":[-99.251411,19.542122]},"properties":{"id":"MX-MEX-5851","nombre":"Porres","portfolio":"MTP","estado":"MEX","municipio":"CD López Mateos"}},{"type":"Feature","geometry":{"type":"Point","coordinates":[-99.352727,19.360715]},"properties":{"id":"MX-MEX-5852","nombre":"Degollado","portfolio":"MTP","estado":"MEX","municipio":"Huixquilucan De Degollado"}},{"type":"Feature","geometry":{"type":"Point","coordinates":[-99.180111,19.529222]},"properties":{"id":"MX-MEX-5853","nombre":"Juarez Medina","portfolio":"MTP","estado":"MEX","municipio":"Tlanepantla"}},{"type":"Feature","geometry":{"type":"Point","coordinates":[-99.250192,19.500586]},"properties":{"id":"MX-MEX-5854","nombre":"Idiomas","portfolio":"MTP","estado":"MEX","municipio":"Naucalpan de Juarez"}},{"type":"Feature","geometry":{"type":"Point","coordinates":[-99.265908,19.486558]},"properties":{"id":"MX-MEX-5855","nombre":"Cerro de Moctezuma","portfolio":"MTP","estado":"MEX","municipio":"Naucalpan de Juarez"}},{"type":"Feature","geometry":{"type":"Point","coordinates":[-99.205703,19.6865]},"properties":{"id":"MX-MEX-5856","nombre":"El Encerrado","portfolio":"MTP","estado":"MEX","municipio":"Cuautitlán Izcalli"}},{"type":"Feature","geometry":{"type":"Point","coordinates":[-99.04163709,19.53885646]},"properties":{"id":"MX-MEX-5860","nombre":"Chimalpopoca","portfolio":"MTP","estado":"MEX","municipio":"TBD"}},{"type":"Feature","geometry":{"type":"Point","coordinates":[-99.0228694,19.4146944]},"properties":{"id":"MX-MEX-5861","nombre":"Bordo Tulipan","portfolio":"MTP","estado":"MEX","municipio":"Estado de México"}},{"type":"Feature","geometry":{"type":"Point","coordinates":[-99.25894167,19.60101389]},"properties":{"id":"MX-MEX-5862","nombre":"Real Orquidea","portfolio":"MTP","estado":"MEX","municipio":"Estado de México"}},{"type":"Feature","geometry":{"type":"Point","coordinates":[-99.02330556,19.59288889]},"properties":{"id":"MX-MEX-5863","nombre":"Libertadores De America","portfolio":"MTP","estado":"MEX","municipio":"Ecatepec de Morelos"}},{"type":"Feature","geometry":{"type":"Point","coordinates":[-99.5074719,19.2665561]},"properties":{"id":"MX-MEX-5864","nombre":"Quiroga","portfolio":"MTP","estado":"MEX","municipio":"TBD"}},{"type":"Feature","geometry":{"type":"Point","coordinates":[-99.1193837,19.6329782]},"properties":{"id":"MX-MEX-5865","nombre":"Cruztitlan","portfolio":"MTP","estado":"MEX","municipio":"San Francisco Coacalco"}},{"type":"Feature","geometry":{"type":"Point","coordinates":[-99.2762444,19.5054083]},"properties":{"id":"MX-MEX-5866","nombre":"Parras","portfolio":"MTP","estado":"MEX","municipio":"Naucalpan de Juárez"}},{"type":"Feature","geometry":{"type":"Point","coordinates":[-99.26575449,19.4480235]},"properties":{"id":"MX-MEX-5867","nombre":"Valle Dorado Chamapa","portfolio":"MTP","estado":"MEX","municipio":"Naucalpan de Juárez"}},{"type":"Feature","geometry":{"type":"Point","coordinates":[-99.039047,19.416919]},"properties":{"id":"MX-MEX-5869","nombre":"La Rosita","portfolio":"MTP","estado":"MEX","municipio":"Nezahualcoyotl"}},{"type":"Feature","geometry":{"type":"Point","coordinates":[-99.05295592,19.52185461]},"properties":{"id":"MX-MEX-5870","nombre":"Granjas Valle De Guadalupe","portfolio":"MTP","estado":"MEX","municipio":"Ecatepec de Morelos"}},{"type":"Feature","geometry":{"type":"Point","coordinates":[-99.647458,19.283421]},"properties":{"id":"MX-MEX-5871","nombre":"Las Americas","portfolio":"MTP","estado":"MEX","municipio":"TBD"}},{"type":"Feature","geometry":{"type":"Point","coordinates":[-98.9758527,19.4020527]},"properties":{"id":"MX-MEX-5872","nombre":"Filiberto Gomez","portfolio":"MTP","estado":"MEX","municipio":"Estado de México"}},{"type":"Feature","geometry":{"type":"Point","coordinates":[-99.30522222,19.61886111]},"properties":{"id":"MX-MEX-5874","nombre":"Charco","portfolio":"MTP","estado":"MEX","municipio":"Estado de México"}},{"type":"Feature","geometry":{"type":"Point","coordinates":[-99.00633611,19.59152222]},"properties":{"id":"MX-MEX-5875","nombre":"Fracc. Las Americas","portfolio":"MTP","estado":"MEX","municipio":"TBD"}},{"type":"Feature","geometry":{"type":"Point","coordinates":[-99.082245,19.558426]},"properties":{"id":"MX-MEX-5876","nombre":"Avenida San Andres","portfolio":"MTP","estado":"MEX","municipio":"TBD"}},{"type":"Feature","geometry":{"type":"Point","coordinates":[-99.02390612,19.40282239]},"properties":{"id":"MX-MEX-5877","nombre":"Evolucion","portfolio":"MTP","estado":"MEX","municipio":"TBD"}},{"type":"Feature","geometry":{"type":"Point","coordinates":[-98.86986111,19.50158333]},"properties":{"id":"MX-MEX-5878","nombre":"R Fierro","portfolio":"MTP","estado":"MEX","municipio":"Estado de México"}},{"type":"Feature","geometry":{"type":"Point","coordinates":[-98.91752778,19.27730556]},"properties":{"id":"MX-MEX-5879","nombre":"Providencia","portfolio":"MTP","estado":"MEX","municipio":"Estado de México"}},{"type":"Feature","geometry":{"type":"Point","coordinates":[-99.027443,19.573111]},"properties":{"id":"MX-MEX-5880","nombre":"Valle De Ecatepec","portfolio":"MTP","estado":"MEX","municipio":"Estado de México"}},{"type":"Feature","geometry":{"type":"Point","coordinates":[-99.01345891,19.41499669]},"properties":{"id":"MX-MEX-5882","nombre":"Caballo Bayo","portfolio":"MTP","estado":"MEX","municipio":"TBD"}},{"type":"Feature","geometry":{"type":"Point","coordinates":[-99.2563888,19.6127777]},"properties":{"id":"MX-MEX-5883","nombre":"Bohemia","portfolio":"MTP","estado":"MEX","municipio":"TBD"}},{"type":"Feature","geometry":{"type":"Point","coordinates":[-99.01575,19.55522222]},"properties":{"id":"MX-MEX-5884","nombre":"Aldeas De Aragon","portfolio":"MTP","estado":"MEX","municipio":"Estado de México"}},{"type":"Feature","geometry":{"type":"Point","coordinates":[-99.0062472,19.3776277]},"properties":{"id":"MX-MEX-5885","nombre":"Ampliacion Vicente Villada","portfolio":"MTP","estado":"MEX","municipio":"TBD"}},{"type":"Feature","geometry":{"type":"Point","coordinates":[-98.9026944,19.2511944]},"properties":{"id":"MX-MEX-5886","nombre":"Plaza Los Volcanes","portfolio":"MTP","estado":"MEX","municipio":"TBD"}},{"type":"Feature","geometry":{"type":"Point","coordinates":[-98.8121724,19.5088326]},"properties":{"id":"MX-MEX-5887","nombre":"San Miguel Tlaixtan","portfolio":"MTP","estado":"MEX","municipio":"TBD"}},{"type":"Feature","geometry":{"type":"Point","coordinates":[-99.138596,19.634747]},"properties":{"id":"MX-MEX-5889","nombre":"Fuentes Del Valle","portfolio":"MTP","estado":"MEX","municipio":"Estado de México"}},{"type":"Feature","geometry":{"type":"Point","coordinates":[-99.02169444,19.55222222]},"properties":{"id":"MX-MEX-5891","nombre":"Unidad Del Transportista","portfolio":"MTP","estado":"MEX","municipio":"TBD"}},{"type":"Feature","geometry":{"type":"Point","coordinates":[-99.24993,19.59171]},"properties":{"id":"MX-MEX-5892","nombre":"Holanda","portfolio":"MTP","estado":"MEX","municipio":"Ciudad López Mateos"}},{"type":"Feature","geometry":{"type":"Point","coordinates":[-99.654343,19.291513]},"properties":{"id":"MX-MEX-5893","nombre":"Plaza De La Tecnología Toluca","portfolio":"MTP","estado":"MEX","municipio":"Toluca de Lerdo"}},{"type":"Feature","geometry":{"type":"Point","coordinates":[-99.0776055,19.5126333]},"properties":{"id":"MX-MEX-5894","nombre":"Carlos B. Zetina","portfolio":"MTP","estado":"MEX","municipio":"TBD"}},{"type":"Feature","geometry":{"type":"Point","coordinates":[-99.2158333,19.5796694]},"properties":{"id":"MX-MEX-5896","nombre":"Barrientos Lago De Gpe","portfolio":"MTP","estado":"MEX","municipio":"Estado de México"}},{"type":"Feature","geometry":{"type":"Point","coordinates":[-98.990675,19.6049833]},"properties":{"id":"MX-MEX-5899","nombre":"Plan De Arroyo","portfolio":"MTP","estado":"MEX","municipio":"Estado de México"}},{"type":"Feature","geometry":{"type":"Point","coordinates":[-98.9630027,19.4456388]},"properties":{"id":"MX-MEX-5900","nombre":"Barrio Transportistas","portfolio":"MTP","estado":"MEX","municipio":"Estado de México"}},{"type":"Feature","geometry":{"type":"Point","coordinates":[-99.21777778,19.68805556]},"properties":{"id":"MX-MEX-5901","nombre":"Cofradia San Miguel Ii","portfolio":"MTP","estado":"MEX","municipio":"Cuautitlán Izcalli"}},{"type":"Feature","geometry":{"type":"Point","coordinates":[-99.02922222,19.51013889]},"properties":{"id":"MX-MEX-5903","nombre":"Mexico Revolucionario","portfolio":"MTP","estado":"MEX","municipio":"Estado de México"}},{"type":"Feature","geometry":{"type":"Point","coordinates":[-99.016672,19.561866]},"properties":{"id":"MX-MEX-5904","nombre":"Zodiaco","portfolio":"MTP","estado":"MEX","municipio":"Ecatepec de Morelos"}},{"type":"Feature","geometry":{"type":"Point","coordinates":[-99.0957638,19.5372166]},"properties":{"id":"MX-MEX-5905","nombre":"Cerros","portfolio":"MTP","estado":"MEX","municipio":"Estado de México"}},{"type":"Feature","geometry":{"type":"Point","coordinates":[-99.051514,19.622679]},"properties":{"id":"MX-MEX-5906","nombre":"Bosques De Tecamac","portfolio":"MTP","estado":"MEX","municipio":"Ecatepec de Morelos"}},{"type":"Feature","geometry":{"type":"Point","coordinates":[-99.0348305,19.6841666]},"properties":{"id":"MX-MEX-5907","nombre":"Desarrollos Ojo De Agua","portfolio":"MTP","estado":"MEX","municipio":"TBD"}},{"type":"Feature","geometry":{"type":"Point","coordinates":[-98.9104027,19.3045444]},"properties":{"id":"MX-MEX-5911","nombre":"Valle Verde","portfolio":"MTP","estado":"MEX","municipio":"Ixtapaluca"}},{"type":"Feature","geometry":{"type":"Point","coordinates":[-98.9779722,19.3673305]},"properties":{"id":"MX-MEX-5912","nombre":"Magdalena","portfolio":"MTP","estado":"MEX","municipio":"Estado de México"}},{"type":"Feature","geometry":{"type":"Point","coordinates":[-98.9766833,19.3750861]},"properties":{"id":"MX-MEX-5913","nombre":"Ejidos De San Agustin","portfolio":"MTP","estado":"MEX","municipio":"Estado de México"}},{"type":"Feature","geometry":{"type":"Point","coordinates":[-98.996292,19.690487]},"properties":{"id":"MX-MEX-5914","nombre":"Geo Sierra Hermosa","portfolio":"MTP","estado":"MEX","municipio":"TBD"}},{"type":"Feature","geometry":{"type":"Point","coordinates":[-99.251587,19.5528291]},"properties":{"id":"MX-MEX-5916","nombre":"Las Alamedas","portfolio":"MTP","estado":"MEX","municipio":"Cd. López Mateos"}},{"type":"Feature","geometry":{"type":"Point","coordinates":[-99.0118861,19.3865972]},"properties":{"id":"MX-MEX-5918","nombre":"Progreso Nacional","portfolio":"MTP","estado":"MEX","municipio":"Nezahualcoyotl"}},{"type":"Feature","geometry":{"type":"Point","coordinates":[-99.0499861,19.4040111]},"properties":{"id":"MX-MEX-5919","nombre":"Juarez Pantitlan","portfolio":"MTP","estado":"MEX","municipio":"Estado de México"}},{"type":"Feature","geometry":{"type":"Point","coordinates":[-98.99830556,19.63061111]},"properties":{"id":"MX-MEX-5920","nombre":"J Molano","portfolio":"MTP","estado":"MEX","municipio":"Estado de México"}},{"type":"Feature","geometry":{"type":"Point","coordinates":[-99.08963,19.567181]},"properties":{"id":"MX-MEX-5921","nombre":"Cruz Del Calvario","portfolio":"MTP","estado":"MEX","municipio":"TBD"}},{"type":"Feature","geometry":{"type":"Point","coordinates":[-99.2234086,19.6294677]},"properties":{"id":"MX-MEX-5922","nombre":"Jimenez Cantu","portfolio":"MTP","estado":"MEX","municipio":"Cuautitlán Izcalli"}},{"type":"Feature","geometry":{"type":"Point","coordinates":[-98.924248,19.399792]},"properties":{"id":"MX-MEX-5923","nombre":"Tlaloc","portfolio":"MTP","estado":"MEX","municipio":"Chicoloapan de Juárez"}},{"type":"Feature","geometry":{"type":"Point","coordinates":[-99.051,19.5136305]},"properties":{"id":"MX-MEX-5924","nombre":"Maravillas","portfolio":"MTP","estado":"MEX","municipio":"Estado de México"}},{"type":"Feature","geometry":{"type":"Point","coordinates":[-99.197502,19.614691]},"properties":{"id":"MX-MEX-5925","nombre":"Usumacinta","portfolio":"MTP","estado":"MEX","municipio":"TBD"}},{"type":"Feature","geometry":{"type":"Point","coordinates":[-99.11275,19.64105556]},"properties":{"id":"MX-MEX-5926","nombre":"Castaño","portfolio":"MTP","estado":"MEX","municipio":"San Francisco Coacalco"}},{"type":"Feature","geometry":{"type":"Point","coordinates":[-99.031967,19.522077]},"properties":{"id":"MX-MEX-5927","nombre":"Valle De Sagitario","portfolio":"MTP","estado":"MEX","municipio":"Estado de México"}},{"type":"Feature","geometry":{"type":"Point","coordinates":[-99.232695,19.557889]},"properties":{"id":"MX-MEX-5928","nombre":"Real De Atizapan","portfolio":"MTP","estado":"MEX","municipio":"Cd. López Mateos"}},{"type":"Feature","geometry":{"type":"Point","coordinates":[-99.294,19.62780556]},"properties":{"id":"MX-MEX-5929","nombre":"Town Center","portfolio":"MTP","estado":"MEX","municipio":"Villa Nicolás Romero"}},{"type":"Feature","geometry":{"type":"Point","coordinates":[-98.87,19.51594444]},"properties":{"id":"MX-MEX-5930","nombre":"Patio Texcoco","portfolio":"MTP","estado":"MEX","municipio":"Estado de México"}},{"type":"Feature","geometry":{"type":"Point","coordinates":[-99.655002,19.277868]},"properties":{"id":"MX-MEX-5931","nombre":"Universidad","portfolio":"MTP","estado":"MEX","municipio":"Estado de México"}},{"type":"Feature","geometry":{"type":"Point","coordinates":[-99.669042,19.295741]},"properties":{"id":"MX-MEX-5932","nombre":"Sector Popular","portfolio":"MTP","estado":"MEX","municipio":"Toluca de Lerdo"}},{"type":"Feature","geometry":{"type":"Point","coordinates":[-99.6542,19.2605]},"properties":{"id":"MX-MEX-5933","nombre":"Abelardo Rodriguez","portfolio":"MTP","estado":"MEX","municipio":"Estado de México"}},{"type":"Feature","geometry":{"type":"Point","coordinates":[-99.618666,19.2829444]},"properties":{"id":"MX-MEX-5934","nombre":"Santa Ana","portfolio":"MTP","estado":"MEX","municipio":"TBD"}},{"type":"Feature","geometry":{"type":"Point","coordinates":[-98.8980043,19.2568293]},"properties":{"id":"MX-MEX-5935","nombre":"Conchita","portfolio":"MTP","estado":"MEX","municipio":"Chalco de Díaz Covarrubias"}},{"type":"Feature","geometry":{"type":"Point","coordinates":[-98.9310972,19.4293416]},"properties":{"id":"MX-MEX-5939","nombre":"Ciudad Alegre","portfolio":"MTP","estado":"MEX","municipio":"Estado de México"}},{"type":"Feature","geometry":{"type":"Point","coordinates":[-99.292017,19.684086]},"properties":{"id":"MX-MEX-5941","nombre":"Santiago Cuautlalpan","portfolio":"MTP","estado":"MEX","municipio":"Santiago Cuautlalpan"}},{"type":"Feature","geometry":{"type":"Point","coordinates":[-98.9568166,19.3722166]},"properties":{"id":"MX-MEX-5944","nombre":"El Salado","portfolio":"MTP","estado":"MEX","municipio":"Estado de México"}},{"type":"Feature","geometry":{"type":"Point","coordinates":[-98.874001,19.450262]},"properties":{"id":"MX-MEX-5946","nombre":"San Miguel Coatlinchan","portfolio":"MTP","estado":"MEX","municipio":"Estado de México"}},{"type":"Feature","geometry":{"type":"Point","coordinates":[-99.259,19.83936111]},"properties":{"id":"MX-MEX-5948","nombre":"Urbi Villa Del Rey","portfolio":"MTP","estado":"MEX","municipio":"TBD"}},{"type":"Feature","geometry":{"type":"Point","coordinates":[-99.061079,19.499635]},"properties":{"id":"MX-MEX-5950","nombre":"Chamizal","portfolio":"MTP","estado":"MEX","municipio":"TBD"}},{"type":"Feature","geometry":{"type":"Point","coordinates":[-99.0467,19.49108809]},"properties":{"id":"MX-MEX-5951","nombre":"Rio De Los Remedios","portfolio":"MTP","estado":"MEX","municipio":"TBD"}},{"type":"Feature","geometry":{"type":"Point","coordinates":[-98.874131,19.515019]},"properties":{"id":"MX-MEX-5953","nombre":"San Juanito","portfolio":"MTP","estado":"MEX","municipio":"TBD"}},{"type":"Feature","geometry":{"type":"Point","coordinates":[-99.250803,19.424233]},"properties":{"id":"MX-MEX-5954","nombre":"Bosque De Copalar","portfolio":"MTP","estado":"MEX","municipio":"TBD"}},{"type":"Feature","geometry":{"type":"Point","coordinates":[-99.012869,19.597375]},"properties":{"id":"MX-MEX-5956","nombre":"Jardines De Morelos","portfolio":"MTP","estado":"MEX","municipio":"Ecatepec de Morelos"}},{"type":"Feature","geometry":{"type":"Point","coordinates":[-99.262742,19.563747]},"properties":{"id":"MX-MEX-5958","nombre":"Amexico Nuevo","portfolio":"MTP","estado":"MEX","municipio":"Estado de México"}},{"type":"Feature","geometry":{"type":"Point","coordinates":[-99.092833,19.679917]},"properties":{"id":"MX-MEX-5960","nombre":"Prados De Ecatepec","portfolio":"MTP","estado":"MEX","municipio":"San Pablo de las Salinas"}},{"type":"Feature","geometry":{"type":"Point","coordinates":[-99.0197138,19.5342416]},"properties":{"id":"MX-MEX-5962","nombre":"Blvr. De Los Teocallis","portfolio":"MTP","estado":"MEX","municipio":"Estado de México"}},{"type":"Feature","geometry":{"type":"Point","coordinates":[-99.3128055,19.5513305]},"properties":{"id":"MX-MEX-5963","nombre":"Espiritu Santo","portfolio":"MTP","estado":"MEX","municipio":"Atizapan"}},{"type":"Feature","geometry":{"type":"Point","coordinates":[-99.0371083,19.5282777]},"properties":{"id":"MX-MEX-5964","nombre":"Olimpica","portfolio":"MTP","estado":"MEX","municipio":"Ecatepec de Morelos"}},{"type":"Feature","geometry":{"type":"Point","coordinates":[-99.01698,19.58348]},"properties":{"id":"MX-MEX-5969","nombre":"Paramaribo","portfolio":"MTP","estado":"MEX","municipio":"Ecatepec De Morelos"}},{"type":"Feature","geometry":{"type":"Point","coordinates":[-99.18582778,19.51807778]},"properties":{"id":"MX-MEX-5970","nombre":"Paseo del Ferrocarril","portfolio":"MTP","estado":"MEX","municipio":"Tlalnepantla De Baz"}},{"type":"Feature","geometry":{"type":"Point","coordinates":[-101.78207,19.8189472]},"properties":{"id":"MX-MIC-0006","nombre":"Ejidal 2","portfolio":"MTP","estado":"MIC","municipio":"Zacapu"}},{"type":"Feature","geometry":{"type":"Point","coordinates":[-100.52683,19.6788611]},"properties":{"id":"MX-MIC-0007","nombre":"La Pradera","portfolio":"MTP","estado":"MIC","municipio":"Ciudad Hidalgo"}},{"type":"Feature","geometry":{"type":"Point","coordinates":[-101.207918,19.702801]},"properties":{"id":"MX-MIC-0008","nombre":"MSC Obelisco","portfolio":"MTP","estado":"MIC","municipio":"Morelia"}},{"type":"Feature","geometry":{"type":"Point","coordinates":[-101.605139,19.510005]},"properties":{"id":"MX-MIC-0009","nombre":"Colimillas","portfolio":"MTP","estado":"MIC","municipio":"Patzcuaro"}},{"type":"Feature","geometry":{"type":"Point","coordinates":[-102.066689,19.4094972]},"properties":{"id":"MX-MIC-0010","nombre":"Cupatitzio","portfolio":"MTP","estado":"MIC","municipio":"Uruapan"}},{"type":"Feature","geometry":{"type":"Point","coordinates":[-100.543983,19.68863]},"properties":{"id":"MX-MIC-0012","nombre":"Los Pinos","portfolio":"MTP","estado":"MIC","municipio":"Hidalgo"}},{"type":"Feature","geometry":{"type":"Point","coordinates":[-101.79694,19.9855806]},"properties":{"id":"MX-MIC-0013","nombre":"Tanguato","portfolio":"MTP","estado":"MIC","municipio":"Michoacán"}},{"type":"Feature","geometry":{"type":"Point","coordinates":[-100.265912,19.8530557]},"properties":{"id":"MX-MIC-0015","nombre":"San Miguel El Alto","portfolio":"MTP","estado":"MIC","municipio":"Michoacán"}},{"type":"Feature","geometry":{"type":"Point","coordinates":[-101.51653,20.091306]},"properties":{"id":"MX-MIC-0017","nombre":"Puruandiro","portfolio":"MTP","estado":"MIC","municipio":"Michoacán"}},{"type":"Feature","geometry":{"type":"Point","coordinates":[-102.706389,19.163611]},"properties":{"id":"MX-MIC-0018","nombre":"Felipe Carrillo Puerto","portfolio":"MTP","estado":"MIC","municipio":"La Ruana"}},{"type":"Feature","geometry":{"type":"Point","coordinates":[-102.58925,19.216555]},"properties":{"id":"MX-MIC-0020","nombre":"Buena Vista De Tomatlan","portfolio":"MTP","estado":"MIC","municipio":"TBD"}},{"type":"Feature","geometry":{"type":"Point","coordinates":[-102.129444,19.4177778]},"properties":{"id":"MX-MIC-0021","nombre":"San Juan Nuevo","portfolio":"MTP","estado":"MIC","municipio":"Michoacán"}},{"type":"Feature","geometry":{"type":"Point","coordinates":[-103.6685,18.7485]},"properties":{"id":"MX-MIC-0025","nombre":"Plaza De Toros","portfolio":"MTP","estado":"MIC","municipio":"Michoacan"}},{"type":"Feature","geometry":{"type":"Point","coordinates":[-101.1287,19.2782]},"properties":{"id":"MX-MIC-0027","nombre":"Boca De Leon","portfolio":"MTP","estado":"MIC","municipio":"Michoacan"}},{"type":"Feature","geometry":{"type":"Point","coordinates":[-102.405,19.0894]},"properties":{"id":"MX-MIC-0028","nombre":"Paraiso","portfolio":"MTP","estado":"MIC","municipio":"Michoacan"}},{"type":"Feature","geometry":{"type":"Point","coordinates":[-100.7644,19.0564]},"properties":{"id":"MX-MIC-0030","nombre":"Papatzindan","portfolio":"MTP","estado":"MIC","municipio":"Michoacan"}},{"type":"Feature","geometry":{"type":"Point","coordinates":[-102.23413056,17.98155278]},"properties":{"id":"MX-MIC-5001","nombre":"Estibadores","portfolio":"MTP","estado":"MIC","municipio":"Ciudad Lázaro Cárdenas"}},{"type":"Feature","geometry":{"type":"Point","coordinates":[-101.109303,19.691]},"properties":{"id":"MX-MIC-5002","nombre":"Mil Cumbres 2","portfolio":"MTP","estado":"MIC","municipio":"Morelia"}},{"type":"Feature","geometry":{"type":"Point","coordinates":[-101.23833333,19.71305556]},"properties":{"id":"MX-MIC-5005","nombre":"Rafael Carrillo","portfolio":"MTP","estado":"MIC","municipio":"Morelia"}},{"type":"Feature","geometry":{"type":"Point","coordinates":[-101.168963,19.736427]},"properties":{"id":"MX-MIC-5006","nombre":"Jacaranda","portfolio":"MTP","estado":"MIC","municipio":"Morelia"}},{"type":"Feature","geometry":{"type":"Point","coordinates":[-102.266261,20.086701]},"properties":{"id":"MX-MIC-5009","nombre":"Tecnologico De Zamora","portfolio":"MTP","estado":"MIC","municipio":"Zamora de Hidalgo"}},{"type":"Feature","geometry":{"type":"Point","coordinates":[-102.025601,19.429964]},"properties":{"id":"MX-MIC-5011","nombre":"Entronque","portfolio":"MTP","estado":"MIC","municipio":"Uruapan"}},{"type":"Feature","geometry":{"type":"Point","coordinates":[-102.00169444,20.37397222]},"properties":{"id":"MX-MIC-5012","nombre":"Estacion La Piedad","portfolio":"MTP","estado":"GUA","municipio":"Pénjamo"}},{"type":"Feature","geometry":{"type":"Point","coordinates":[-101.231667,19.726389]},"properties":{"id":"MX-MIC-5013","nombre":"El Resplandor","portfolio":"MTP","estado":"MIC","municipio":"Morelia"}},{"type":"Feature","geometry":{"type":"Point","coordinates":[-102.32812778,19.06142222]},"properties":{"id":"MX-MIC-5014","nombre":"El Tamarindo","portfolio":"MTP","estado":"MIC","municipio":"Apatzingán de la Constitución"}},{"type":"Feature","geometry":{"type":"Point","coordinates":[-102.70988889,20.07138889]},"properties":{"id":"MX-MIC-5015","nombre":"Agapanto","portfolio":"MTP","estado":"MIC","municipio":"Sahuayo de Morelos"}},{"type":"Feature","geometry":{"type":"Point","coordinates":[-102.03551667,20.33577778]},"properties":{"id":"MX-MIC-5016","nombre":"Centro Americana","portfolio":"MTP","estado":"MIC","municipio":"La Piedad de Cabadas"}},{"type":"Feature","geometry":{"type":"Point","coordinates":[-100.45596389,19.87986111]},"properties":{"id":"MX-MIC-5017","nombre":"Curahuango","portfolio":"MTP","estado":"MIC","municipio":"Maravatío de Ocampo"}},{"type":"Feature","geometry":{"type":"Point","coordinates":[-100.680622,19.89573]},"properties":{"id":"MX-MIC-5019","nombre":"Jerahuaro","portfolio":"MTP","estado":"MIC","municipio":"Zinapécuaro"}},{"type":"Feature","geometry":{"type":"Point","coordinates":[-101.20436111,19.73177778]},"properties":{"id":"MX-MIC-5020","nombre":"El Realito","portfolio":"CAPSA","estado":"MIC","municipio":"Morelia"}},{"type":"Feature","geometry":{"type":"Point","coordinates":[-101.20963889,19.71291667]},"properties":{"id":"MX-MIC-5021","nombre":"Floreria","portfolio":"CAPSA","estado":"MIC","municipio":"Morelia"}},{"type":"Feature","geometry":{"type":"Point","coordinates":[-101.2035,19.74605556]},"properties":{"id":"MX-MIC-5022","nombre":"Gertrudis Sanchez","portfolio":"CAPSA","estado":"MIC","municipio":"Morelia"}},{"type":"Feature","geometry":{"type":"Point","coordinates":[-101.99611111,19.45]},"properties":{"id":"MX-MIC-5025","nombre":"Toreo El Viejo","portfolio":"CAPSA","estado":"MIC","municipio":"Uruapan"}},{"type":"Feature","geometry":{"type":"Point","coordinates":[-102.00972222,19.42388889]},"properties":{"id":"MX-MIC-5026","nombre":"Caltzontzin","portfolio":"CAPSA","estado":"MIC","municipio":"Uruapan"}},{"type":"Feature","geometry":{"type":"Point","coordinates":[-102.2975,19.99583333]},"properties":{"id":"MX-MIC-5027","nombre":"Zamora Juárez","portfolio":"CAPSA","estado":"MIC","municipio":"Zamora"}},{"type":"Feature","geometry":{"type":"Point","coordinates":[-102.2572278,19.94688056]},"properties":{"id":"MX-MIC-5028","nombre":"Chaparaco","portfolio":"CAPSA","estado":"MIC","municipio":"Zamora de Hidalgo"}},{"type":"Feature","geometry":{"type":"Point","coordinates":[-102.27319444,20.08644444]},"properties":{"id":"MX-MIC-5029","nombre":"Torcazas","portfolio":"CAPSA","estado":"MIC","municipio":"Zamora"}},{"type":"Feature","geometry":{"type":"Point","coordinates":[-101.60036,19.53089]},"properties":{"id":"MX-MIC-5030","nombre":"Zurumutaro","portfolio":"CAPSA","estado":"MIC","municipio":"Pátzcuaro"}},{"type":"Feature","geometry":{"type":"Point","coordinates":[-101.72072222,19.59052778]},"properties":{"id":"MX-MIC-5031","nombre":"Erongarícuaro","portfolio":"CAPSA","estado":"MIC","municipio":"Erongarícuaro"}},{"type":"Feature","geometry":{"type":"Point","coordinates":[-101.1851278,19.67546389]},"properties":{"id":"MX-MIC-5032","nombre":"Morelia","portfolio":"CAPSA","estado":"MIC","municipio":"Morelia"}},{"type":"Feature","geometry":{"type":"Point","coordinates":[-101.19563889,19.76283333]},"properties":{"id":"MX-MIC-5033","nombre":"Galaxia","portfolio":"CAPSA","estado":"MIC","municipio":"Tarímbaro"}},{"type":"Feature","geometry":{"type":"Point","coordinates":[-102.046909,19.423059]},"properties":{"id":"MX-MIC-5036","nombre":"Gardenia","portfolio":"CAPSA","estado":"MIC","municipio":"Uruapan"}},{"type":"Feature","geometry":{"type":"Point","coordinates":[-101.15666667,19.68866667]},"properties":{"id":"MX-MIC-5038","nombre":"Campestre","portfolio":"CAPSA","estado":"MIC","municipio":"Morelia"}},{"type":"Feature","geometry":{"type":"Point","coordinates":[-102.69860833,19.81649722]},"properties":{"id":"MX-MIC-5039","nombre":"Cotija","portfolio":"MTP","estado":"MIC","municipio":"Cotija de la Paz"}},{"type":"Feature","geometry":{"type":"Point","coordinates":[-101.80755556,18.96383333]},"properties":{"id":"MX-MIC-5041","nombre":"La Huacana","portfolio":"MTP","estado":"MIC","municipio":"La Huacana"}},{"type":"Feature","geometry":{"type":"Point","coordinates":[-102.70319444,20.05158333]},"properties":{"id":"MX-MIC-5042","nombre":"Barragan","portfolio":"MTP","estado":"MIC","municipio":"Sahuayo de Morelos"}},{"type":"Feature","geometry":{"type":"Point","coordinates":[-102.21391667,18.02622222]},"properties":{"id":"MX-MIC-5043","nombre":"Campamento Obrero","portfolio":"MTP","estado":"MIC","municipio":"Ciudad Lázaro Cárdenas"}},{"type":"Feature","geometry":{"type":"Point","coordinates":[-101.14589444,19.69185833]},"properties":{"id":"MX-MIC-5044","nombre":"Futurama","portfolio":"MTP","estado":"MIC","municipio":"Morelia"}},{"type":"Feature","geometry":{"type":"Point","coordinates":[-102.19944444,19.00444444]},"properties":{"id":"MX-MIC-5045","nombre":"Antunez","portfolio":"MTP","estado":"MIC","municipio":"Parácuaro"}},{"type":"Feature","geometry":{"type":"Point","coordinates":[-100.88968889,19.80574444]},"properties":{"id":"MX-MIC-5046","nombre":"Querendaro","portfolio":"MTP","estado":"MIC","municipio":"Queréndaro"}},{"type":"Feature","geometry":{"type":"Point","coordinates":[-101.74213889,19.76705556]},"properties":{"id":"MX-MIC-5047","nombre":"Naranja","portfolio":"MTP","estado":"MIC","municipio":"ZACAPU"}},{"type":"Feature","geometry":{"type":"Point","coordinates":[-100.889,18.58116667]},"properties":{"id":"MX-MIC-5048","nombre":"Purechucho","portfolio":"MTP","estado":"MIC","municipio":"Huetamo de Núñez"}},{"type":"Feature","geometry":{"type":"Point","coordinates":[-101.91697222,19.65938889]},"properties":{"id":"MX-MIC-5049","nombre":"Nahuatzen","portfolio":"MTP","estado":"MIC","municipio":"Nahuatzén"}},{"type":"Feature","geometry":{"type":"Point","coordinates":[-102.314972,19.933222]},"properties":{"id":"MX-MIC-5054","nombre":"Curutaran","portfolio":"MTP","estado":"MIC","municipio":"Jacona de Plancarte"}},{"type":"Feature","geometry":{"type":"Point","coordinates":[-102.18094383,17.979917]},"properties":{"id":"MX-MIC-5055","nombre":"Sat Cayacal","portfolio":"CAPSA","estado":"MIC","municipio":"Ciudad Lázaro Cárdenas"}},{"type":"Feature","geometry":{"type":"Point","coordinates":[-101.60116667,19.41988889]},"properties":{"id":"MX-MIC-5056","nombre":"Opopeo","portfolio":"MTP","estado":"MIC","municipio":"Salvador Escalante"}},{"type":"Feature","geometry":{"type":"Point","coordinates":[-101.167032,19.693795]},"properties":{"id":"MX-MIC-5058","nombre":"Bernal Diaz","portfolio":"MTP","estado":"MIC","municipio":"Morelia"}},{"type":"Feature","geometry":{"type":"Point","coordinates":[-101.18136,19.722553]},"properties":{"id":"MX-MIC-5059","nombre":"Raza Maya","portfolio":"MTP","estado":"MIC","municipio":"Morelia"}},{"type":"Feature","geometry":{"type":"Point","coordinates":[-101.196614,19.662692]},"properties":{"id":"MX-MIC-5060","nombre":"Malaquita","portfolio":"MTP","estado":"MIC","municipio":"Morelia"}},{"type":"Feature","geometry":{"type":"Point","coordinates":[-101.163024,19.71191]},"properties":{"id":"MX-MIC-5061","nombre":"Maravatio","portfolio":"MTP","estado":"MIC","municipio":"Morelia"}},{"type":"Feature","geometry":{"type":"Point","coordinates":[-101.118871,19.768107]},"properties":{"id":"MX-MIC-5062","nombre":"Cuitzeo","portfolio":"MTP","estado":"MIC","municipio":"Morelia"}},{"type":"Feature","geometry":{"type":"Point","coordinates":[-101.1969556,19.70115278]},"properties":{"id":"MX-MIC-5065","nombre":"Atilano","portfolio":"MTP","estado":"MIC","municipio":"Morelia"}},{"type":"Feature","geometry":{"type":"Point","coordinates":[-101.196903,19.69862783]},"properties":{"id":"MX-MIC-5066","nombre":"Plazuela Rayon","portfolio":"MTP","estado":"MIC","municipio":"Morelia"}},{"type":"Feature","geometry":{"type":"Point","coordinates":[-100.968547,19.790904]},"properties":{"id":"MX-MIC-5068","nombre":"Hidalgo II","portfolio":"MTP","estado":"MIC","municipio":"Indaparapeo"}},{"type":"Feature","geometry":{"type":"Point","coordinates":[-101.33676,19.495315]},"properties":{"id":"MX-MIC-5069","nombre":"El Canje","portfolio":"MTP","estado":"MIC","municipio":"Acuitzio del Canje"}},{"type":"Feature","geometry":{"type":"Point","coordinates":[-101.18308,19.69363]},"properties":{"id":"MX-MIC-5070","nombre":"Cuauhtemoc","portfolio":"MTP","estado":"MIC","municipio":"Morelia"}},{"type":"Feature","geometry":{"type":"Point","coordinates":[-102.066652,19.399449]},"properties":{"id":"MX-MIC-5071","nombre":"Palito Verde","portfolio":"MTP","estado":"MIC","municipio":"Uruapan"}},{"type":"Feature","geometry":{"type":"Point","coordinates":[-102.02052,20.334875]},"properties":{"id":"MX-MIC-5072","nombre":"Lienzo Charro","portfolio":"MTP","estado":"MIC","municipio":"La Piedad de Cavadas"}},{"type":"Feature","geometry":{"type":"Point","coordinates":[-101.619086,19.50509]},"properties":{"id":"MX-MIC-5074","nombre":"Erendira","portfolio":"MTP","estado":"MIC","municipio":"TBD"}},{"type":"Feature","geometry":{"type":"Point","coordinates":[-101.63875,19.4036611]},"properties":{"id":"MX-MIC-5075","nombre":"Santa Clara Del Cobre","portfolio":"MTP","estado":"MIC","municipio":"Michoacan"}},{"type":"Feature","geometry":{"type":"Point","coordinates":[-101.525079,19.661017]},"properties":{"id":"MX-MIC-5076","nombre":"Quiroga","portfolio":"MTP","estado":"MIC","municipio":"TBD"}},{"type":"Feature","geometry":{"type":"Point","coordinates":[-100.46424,19.567675]},"properties":{"id":"MX-MIC-5077","nombre":"Tuxpan","portfolio":"MTP","estado":"MIC","municipio":"TBD"}},{"type":"Feature","geometry":{"type":"Point","coordinates":[-102.27493,20.0005333]},"properties":{"id":"MX-MIC-5078","nombre":"Palo Alto","portfolio":"MTP","estado":"MIC","municipio":"TBD"}},{"type":"Feature","geometry":{"type":"Point","coordinates":[-101.1661759,19.701523]},"properties":{"id":"MX-MIC-5079","nombre":"Carranza","portfolio":"MTP","estado":"MIC","municipio":"Morelia"}},{"type":"Feature","geometry":{"type":"Point","coordinates":[-101.790661,19.808175]},"properties":{"id":"MX-MIC-5082","nombre":"Miguel Angel","portfolio":"MTP","estado":"MIC","municipio":"Zacapu"}},{"type":"Feature","geometry":{"type":"Point","coordinates":[-102.052328,19.41489]},"properties":{"id":"MX-MIC-5083","nombre":"Morelos","portfolio":"MTP","estado":"MIC","municipio":"Uruapan"}},{"type":"Feature","geometry":{"type":"Point","coordinates":[-102.285541,19.986032]},"properties":{"id":"MX-MIC-5085","nombre":"Centro","portfolio":"MTP","estado":"MIC","municipio":"TBD"}},{"type":"Feature","geometry":{"type":"Point","coordinates":[-102.298256,19.969978]},"properties":{"id":"MX-MIC-5087","nombre":"Los Tulipanes","portfolio":"MTP","estado":"MIC","municipio":"TBD"}},{"type":"Feature","geometry":{"type":"Point","coordinates":[-102.719664,19.9909694]},"properties":{"id":"MX-MIC-5088","nombre":"Jiquilpan","portfolio":"MTP","estado":"MIC","municipio":"TBD"}},{"type":"Feature","geometry":{"type":"Point","coordinates":[-102.790719,18.7366417]},"properties":{"id":"MX-MIC-5225","nombre":"Aguililla","portfolio":"MTP","estado":"MIC","municipio":"Aguililla"}},{"type":"Feature","geometry":{"type":"Point","coordinates":[-101.2383056,19.70550833]},"properties":{"id":"MX-MIC-5243","nombre":"La Quemada","portfolio":"MTP","estado":"MIC","municipio":"Morelia"}},{"type":"Feature","geometry":{"type":"Point","coordinates":[-101.648612,19.191172]},"properties":{"id":"MX-MIC-5323","nombre":"Ario De Rosales Cerro","portfolio":"MTP","estado":"MIC","municipio":"Ario"}},{"type":"Feature","geometry":{"type":"Point","coordinates":[-102.028845,20.370878]},"properties":{"id":"MX-MIC-5324","nombre":"Ciudad Del Sol","portfolio":"MTP","estado":"MIC","municipio":"La Piedad de Cabadas"}},{"type":"Feature","geometry":{"type":"Point","coordinates":[-102.0198,19.4074611]},"properties":{"id":"MX-MIC-5341","nombre":"Amapolita","portfolio":"MTP","estado":"MIC","municipio":"Uruapan"}},{"type":"Feature","geometry":{"type":"Point","coordinates":[-102.053889,19.4027722]},"properties":{"id":"MX-MIC-5343","nombre":"Hidalgo","portfolio":"MTP","estado":"MIC","municipio":"Uruapan"}},{"type":"Feature","geometry":{"type":"Point","coordinates":[-102.058803,19.3913611]},"properties":{"id":"MX-MIC-5344","nombre":"Zapata","portfolio":"MTP","estado":"MIC","municipio":"Uruapan"}},{"type":"Feature","geometry":{"type":"Point","coordinates":[-102.082522,19.4297778]},"properties":{"id":"MX-MIC-5345","nombre":"Santa Cruz","portfolio":"MTP","estado":"MIC","municipio":"Uruapan"}},{"type":"Feature","geometry":{"type":"Point","coordinates":[-102.3471,19.087]},"properties":{"id":"MX-MIC-5346","nombre":"Palmira","portfolio":"MTP","estado":"MIC","municipio":"Apatzingán de la Constitución"}},{"type":"Feature","geometry":{"type":"Point","coordinates":[-101.0899167,19.79875]},"properties":{"id":"MX-MIC-5347","nombre":"Uruetaro","portfolio":"MTP","estado":"MIC","municipio":"Tarímbaro"}},{"type":"Feature","geometry":{"type":"Point","coordinates":[-101.199063,19.7316874]},"properties":{"id":"MX-MIC-5370","nombre":"Walmart  Morelia","portfolio":"MTP","estado":"MIC","municipio":"Michoacán"}},{"type":"Feature","geometry":{"type":"Point","coordinates":[-99.1922736,18.8905835]},"properties":{"id":"MX-MOR-0004","nombre":"Sumiya","portfolio":"MTP","estado":"MOR","municipio":"Jiutepec"}},{"type":"Feature","geometry":{"type":"Point","coordinates":[-99.188087,18.932678]},"properties":{"id":"MX-MOR-0007","nombre":"Unidad Morelos","portfolio":"MTP","estado":"MOR","municipio":"Cuernavaca"}},{"type":"Feature","geometry":{"type":"Point","coordinates":[-99.229458,18.926811]},"properties":{"id":"MX-MOR-0008","nombre":"Amatitlan","portfolio":"MTP","estado":"MOR","municipio":"Cuernavaca"}},{"type":"Feature","geometry":{"type":"Point","coordinates":[-99.2407666,18.8197138]},"properties":{"id":"MX-MOR-0009","nombre":"Diez De Abril","portfolio":"MTP","estado":"MOR","municipio":"Temixco"}},{"type":"Feature","geometry":{"type":"Point","coordinates":[-99.133545,18.8906]},"properties":{"id":"MX-MOR-0010","nombre":"Jose Lopez Portillo","portfolio":"MTP","estado":"MOR","municipio":"Yautepec"}},{"type":"Feature","geometry":{"type":"Point","coordinates":[-98.9466905,18.8494706]},"properties":{"id":"MX-MOR-0011","nombre":"Año De Juarez","portfolio":"MTP","estado":"MOR","municipio":"Cuautla"}},{"type":"Feature","geometry":{"type":"Point","coordinates":[-98.9596,18.8584]},"properties":{"id":"MX-MOR-0012","nombre":"Panteon","portfolio":"MTP","estado":"MOR","municipio":"Cuautla"}},{"type":"Feature","geometry":{"type":"Point","coordinates":[-99.22142,18.925167]},"properties":{"id":"MX-MOR-0014","nombre":"Pop","portfolio":"MTP","estado":"MOR","municipio":"Cuernavaca"}},{"type":"Feature","geometry":{"type":"Point","coordinates":[-98.952664,18.817969]},"properties":{"id":"MX-MOR-0015","nombre":"Centro","portfolio":"MTP","estado":"MOR","municipio":"Cuautla"}},{"type":"Feature","geometry":{"type":"Point","coordinates":[-99.196372,18.9363634]},"properties":{"id":"MX-MOR-0016","nombre":"Diana","portfolio":"MTP","estado":"MOR","municipio":"Cuernavaca"}},{"type":"Feature","geometry":{"type":"Point","coordinates":[-99.233692,18.93241]},"properties":{"id":"MX-MOR-0017","nombre":"Casino de la selva","portfolio":"MTP","estado":"MOR","municipio":"Cuernavaca"}},{"type":"Feature","geometry":{"type":"Point","coordinates":[-99.21162303,18.92727535]},"properties":{"id":"MX-MOR-0018","nombre":"Volcanes","portfolio":"MTP","estado":"MOR","municipio":"Cuernavaca"}},{"type":"Feature","geometry":{"type":"Point","coordinates":[-98.960964,18.811422]},"properties":{"id":"MX-MOR-0019","nombre":"Morelos","portfolio":"MTP","estado":"MOR","municipio":"Cuautla"}},{"type":"Feature","geometry":{"type":"Point","coordinates":[-99.246787,19.052308]},"properties":{"id":"MX-MOR-0024","nombre":"Tres Marias","portfolio":"MTP","estado":"MOR","municipio":"Morelos"}},{"type":"Feature","geometry":{"type":"Point","coordinates":[-99.193464,18.945238]},"properties":{"id":"MX-MOR-0025","nombre":"Bello Horizonte","portfolio":"MTP","estado":"MOR","municipio":"Morelos"}},{"type":"Feature","geometry":{"type":"Point","coordinates":[-99.220359,18.875394]},"properties":{"id":"MX-MOR-1001","nombre":"Palmira Guacamayas","portfolio":"MTP","estado":"MOR","municipio":"Cuernavaca"}},{"type":"Feature","geometry":{"type":"Point","coordinates":[-99.00061111,18.83330556]},"properties":{"id":"MX-MOR-5001","nombre":"Exhacienda Hospital","portfolio":"MTP","estado":"MOR","municipio":"Cuautla"}},{"type":"Feature","geometry":{"type":"Point","coordinates":[-99.25397222,18.86347222]},"properties":{"id":"MX-MOR-5002","nombre":"Colinas Del Altar","portfolio":"MTP","estado":"MOR","municipio":"Temixco"}},{"type":"Feature","geometry":{"type":"Point","coordinates":[-98.980356,18.777453]},"properties":{"id":"MX-MOR-5007","nombre":"Anenecuilco","portfolio":"MTP","estado":"MOR","municipio":"Ayala"}},{"type":"Feature","geometry":{"type":"Point","coordinates":[-99.24045,18.819158]},"properties":{"id":"MX-MOR-5008","nombre":"Plan De Ayala","portfolio":"MTP","estado":"MOR","municipio":"Temixco"}},{"type":"Feature","geometry":{"type":"Point","coordinates":[-99.156,18.65975]},"properties":{"id":"MX-MOR-5009","nombre":"Tlaquitenango Morelos","portfolio":"MTP","estado":"MOR","municipio":"Tlaquiltenango"}},{"type":"Feature","geometry":{"type":"Point","coordinates":[-99.221025,18.93356389]},"properties":{"id":"MX-MOR-5011","nombre":"Piramide De Teopanzolco","portfolio":"CAPSA","estado":"MOR","municipio":"Cuernavaca"}},{"type":"Feature","geometry":{"type":"Point","coordinates":[-99.21127778,18.94252778]},"properties":{"id":"MX-MOR-5012","nombre":"Residencial Primavera Ing_1","portfolio":"CAPSA","estado":"MOR","municipio":"Cuernavaca"}},{"type":"Feature","geometry":{"type":"Point","coordinates":[-99.09596667,18.99264167]},"properties":{"id":"MX-MOR-5013","nombre":"Tepoztlan","portfolio":"CAPSA","estado":"MOR","municipio":"Tepoztlán"}},{"type":"Feature","geometry":{"type":"Point","coordinates":[-99.19143889,18.74390833]},"properties":{"id":"MX-MOR-5014","nombre":"Hogares Unión","portfolio":"MTP","estado":"MOR","municipio":"Tlaltizapán de Zapata"}},{"type":"Feature","geometry":{"type":"Point","coordinates":[-99.21205,18.84261111]},"properties":{"id":"MX-MOR-5015","nombre":"Burgos Bugambilias","portfolio":"MTP","estado":"MOR","municipio":"Emiliano Zapata"}},{"type":"Feature","geometry":{"type":"Point","coordinates":[-98.77062778,18.78790556]},"properties":{"id":"MX-MOR-5016","nombre":"Zacualpan De Amilpas","portfolio":"MTP","estado":"MOR","municipio":"Zacualpan de Amilpas"}},{"type":"Feature","geometry":{"type":"Point","coordinates":[-99.225111,18.894528]},"properties":{"id":"MX-MOR-5017","nombre":"Palmira","portfolio":"MTP","estado":"MOR","municipio":"Cuernavaca"}},{"type":"Feature","geometry":{"type":"Point","coordinates":[-99.172722,18.881889]},"properties":{"id":"MX-MOR-5018","nombre":"Jiutepec Centro","portfolio":"MTP","estado":"MOR","municipio":"Jiutepec"}},{"type":"Feature","geometry":{"type":"Point","coordinates":[-98.790468,18.72568]},"properties":{"id":"MX-MOR-5019","nombre":"Amayuca","portfolio":"MTP","estado":"MOR","municipio":"Jantetelco"}},{"type":"Feature","geometry":{"type":"Point","coordinates":[-98.732,18.89308333]},"properties":{"id":"MX-MOR-5020","nombre":"Tetela Del Volcan","portfolio":"MTP","estado":"MOR","municipio":"Tetela Del Volcán"}},{"type":"Feature","geometry":{"type":"Point","coordinates":[-98.88036111,18.86265]},"properties":{"id":"MX-MOR-5022","nombre":"Burlmex","portfolio":"MTP","estado":"MOR","municipio":"Yecapixtla"}},{"type":"Feature","geometry":{"type":"Point","coordinates":[-99.21896,18.95555]},"properties":{"id":"MX-MOR-5023","nombre":"Pedregal Lomas De Cortés","portfolio":"MTP","estado":"MOR","municipio":"Cuernavaca"}},{"type":"Feature","geometry":{"type":"Point","coordinates":[-99.18027,18.615555]},"properties":{"id":"MX-MOR-5024","nombre":"Jojutla Centro","portfolio":"MTP","estado":"MOR","municipio":"Jojutla de Juárez"}},{"type":"Feature","geometry":{"type":"Point","coordinates":[-99.200957,18.88085]},"properties":{"id":"MX-MOR-5025","nombre":"Tezontepec","portfolio":"MTP","estado":"MOR","municipio":"Jiutepec"}},{"type":"Feature","geometry":{"type":"Point","coordinates":[-99.21875,18.802417]},"properties":{"id":"MX-MOR-5027","nombre":"Acoculco","portfolio":"MTP","estado":"MOR","municipio":"Xochitepec"}},{"type":"Feature","geometry":{"type":"Point","coordinates":[-99.209558,18.828336]},"properties":{"id":"MX-MOR-5028","nombre":"Country Club","portfolio":"MTP","estado":"MOR","municipio":"Temixco"}},{"type":"Feature","geometry":{"type":"Point","coordinates":[-98.82776944,18.65218889]},"properties":{"id":"MX-MOR-5029","nombre":"Atotonilco","portfolio":"MTP","estado":"MOR","municipio":"Tepalcingo"}},{"type":"Feature","geometry":{"type":"Point","coordinates":[-99.268382,18.949711]},"properties":{"id":"MX-MOR-5032","nombre":"Subida A Chalma","portfolio":"MTP","estado":"MOR","municipio":"CUERNAVACA"}},{"type":"Feature","geometry":{"type":"Point","coordinates":[-99.18881,18.92401]},"properties":{"id":"MX-MOR-5033","nombre":"Fernando Montes De Oca","portfolio":"MTP","estado":"MOR","municipio":"CUERNAVACA"}},{"type":"Feature","geometry":{"type":"Point","coordinates":[-99.13722222,18.87596889]},"properties":{"id":"MX-MOR-5034","nombre":"Jiutepec -Cuernavaca 2 Tomoanchan","portfolio":"MTP","estado":"MOR","municipio":"Jiutepec"}},{"type":"Feature","geometry":{"type":"Point","coordinates":[-99.2178725,19.06074694]},"properties":{"id":"MX-MOR-5035","nombre":"Tres Cumbres -Cuernavaca1 Tres Cruces","portfolio":"MTP","estado":"MOR","municipio":"Huitzilac"}},{"type":"Feature","geometry":{"type":"Point","coordinates":[-99.1952,18.88463]},"properties":{"id":"MX-MOR-5036","nombre":"Tetela Del Monte","portfolio":"MTP","estado":"MOR","municipio":"Jiutepec"}},{"type":"Feature","geometry":{"type":"Point","coordinates":[-99.18415,18.907204]},"properties":{"id":"MX-MOR-5037","nombre":"Miraval","portfolio":"MTP","estado":"MOR","municipio":"Jiutepec"}},{"type":"Feature","geometry":{"type":"Point","coordinates":[-99.200455,18.959855]},"properties":{"id":"MX-MOR-5038","nombre":"Omeyocan","portfolio":"MTP","estado":"MOR","municipio":"Cuernavaca"}},{"type":"Feature","geometry":{"type":"Point","coordinates":[-99.22510905,18.9238641]},"properties":{"id":"MX-MOR-5039","nombre":"Teopanzolco","portfolio":"MTP","estado":"MOR","municipio":"Cuernavaca"}},{"type":"Feature","geometry":{"type":"Point","coordinates":[-99.227261,18.8208]},"properties":{"id":"MX-MOR-5040","nombre":"Jiquilpan","portfolio":"MTP","estado":"MOR","municipio":"Temixco"}},{"type":"Feature","geometry":{"type":"Point","coordinates":[-99.209836,18.85463]},"properties":{"id":"MX-MOR-5041","nombre":"Barona","portfolio":"MTP","estado":"MOR","municipio":"Emiliano Zapata"}},{"type":"Feature","geometry":{"type":"Point","coordinates":[-99.184058,18.870344]},"properties":{"id":"MX-MOR-5042","nombre":"Hatuey","portfolio":"MTP","estado":"MOR","municipio":"Jiutepec"}},{"type":"Feature","geometry":{"type":"Point","coordinates":[-99.264036,18.819683]},"properties":{"id":"MX-MOR-5043","nombre":"Maravillas","portfolio":"MTP","estado":"MOR","municipio":"Xochitepec"}},{"type":"Feature","geometry":{"type":"Point","coordinates":[-99.234678,18.92848883]},"properties":{"id":"MX-MOR-5044","nombre":"Porfirio","portfolio":"MTP","estado":"MOR","municipio":"Cuernavaca"}},{"type":"Feature","geometry":{"type":"Point","coordinates":[-99.20986,18.942514]},"properties":{"id":"MX-MOR-5045","nombre":"San Diego","portfolio":"MTP","estado":"MOR","municipio":"Cuernavaca"}},{"type":"Feature","geometry":{"type":"Point","coordinates":[-99.24454,18.908395]},"properties":{"id":"MX-MOR-5046","nombre":"Lagunilla Del Salto","portfolio":"MTP","estado":"MOR","municipio":"Cuernavaca"}},{"type":"Feature","geometry":{"type":"Point","coordinates":[-99.155629,18.907055]},"properties":{"id":"MX-MOR-5047","nombre":"Himno Nacional","portfolio":"MTP","estado":"MOR","municipio":"Jiutepec"}},{"type":"Feature","geometry":{"type":"Point","coordinates":[-99.24032,18.97496]},"properties":{"id":"MX-MOR-5049","nombre":"Chamilpa","portfolio":"MTP","estado":"MOR","municipio":"Cuernavaca"}},{"type":"Feature","geometry":{"type":"Point","coordinates":[-99.20731,18.86509]},"properties":{"id":"MX-MOR-5050","nombre":"Tres De Mayo","portfolio":"MTP","estado":"MOR","municipio":"Emiliano Zapata"}},{"type":"Feature","geometry":{"type":"Point","coordinates":[-99.22426944,18.97194454]},"properties":{"id":"MX-MOR-5051","nombre":"Ocotepec","portfolio":"MTP","estado":"MOR","municipio":"CUERNAVACA"}},{"type":"Feature","geometry":{"type":"Point","coordinates":[-99.167525,18.92568621]},"properties":{"id":"MX-MOR-5052","nombre":"Los Robles","portfolio":"MTP","estado":"MOR","municipio":"Tepoztlán"}},{"type":"Feature","geometry":{"type":"Point","coordinates":[-98.917714,18.816106]},"properties":{"id":"MX-MOR-5055","nombre":"Libramiento 2","portfolio":"MTP","estado":"MOR","municipio":"Yecapixtla"}},{"type":"Feature","geometry":{"type":"Point","coordinates":[-99.216628,18.941417]},"properties":{"id":"MX-MOR-5056","nombre":"Lomas de Vista Hermosa","portfolio":"MTP","estado":"MOR","municipio":"Cuernavaca"}},{"type":"Feature","geometry":{"type":"Point","coordinates":[-99.2382,18.967383]},"properties":{"id":"MX-MOR-5057","nombre":"Palmas","portfolio":"MTP","estado":"MOR","municipio":"Cuernavaca"}},{"type":"Feature","geometry":{"type":"Point","coordinates":[-99.163944,18.899817]},"properties":{"id":"MX-MOR-5058","nombre":"Paraíso","portfolio":"MTP","estado":"MOR","municipio":"Jiutepec"}},{"type":"Feature","geometry":{"type":"Point","coordinates":[-99.228064,18.949838]},"properties":{"id":"MX-MOR-5059","nombre":"Nueva Italia","portfolio":"MTP","estado":"MOR","municipio":"Cuernavaca"}},{"type":"Feature","geometry":{"type":"Point","coordinates":[-99.22467,18.860172]},"properties":{"id":"MX-MOR-5060","nombre":"Presidentes","portfolio":"MTP","estado":"MOR","municipio":"Temixco"}},{"type":"Feature","geometry":{"type":"Point","coordinates":[-99.231667,18.913334]},"properties":{"id":"MX-MOR-5061","nombre":"Humboldt","portfolio":"MTP","estado":"MOR","municipio":"TBD"}},{"type":"Feature","geometry":{"type":"Point","coordinates":[-99.2542862,18.9318788]},"properties":{"id":"MX-MOR-5063","nombre":"Compositores","portfolio":"MTP","estado":"MOR","municipio":"Morelos"}},{"type":"Feature","geometry":{"type":"Point","coordinates":[-99.259161,18.829088]},"properties":{"id":"MX-MOR-5065","nombre":"Aeropuerto Cuernavaca","portfolio":"MTP","estado":"MOR","municipio":"Morelos"}},{"type":"Feature","geometry":{"type":"Point","coordinates":[-99.062933,18.886818]},"properties":{"id":"MX-MOR-5066","nombre":"Yautepec Centro","portfolio":"MTP","estado":"MOR","municipio":"TBD"}},{"type":"Feature","geometry":{"type":"Point","coordinates":[-99.226662,18.968035]},"properties":{"id":"MX-MOR-5067","nombre":"Ocotepec","portfolio":"MTP","estado":"MOR","municipio":"Cuernavaca"}},{"type":"Feature","geometry":{"type":"Point","coordinates":[-99.1660308,18.9208602]},"properties":{"id":"MX-MOR-5068","nombre":"Civac","portfolio":"MTP","estado":"MOR","municipio":"Jiutepec"}},{"type":"Feature","geometry":{"type":"Point","coordinates":[-99.220528,18.915255]},"properties":{"id":"MX-MOR-5069","nombre":"Atlacomulco","portfolio":"MTP","estado":"MOR","municipio":"TBD"}},{"type":"Feature","geometry":{"type":"Point","coordinates":[-99.20192,18.956261]},"properties":{"id":"MX-MOR-5070","nombre":"Bosques De Cuernavaca","portfolio":"MTP","estado":"MOR","municipio":"Morelos"}},{"type":"Feature","geometry":{"type":"Point","coordinates":[-99.238365,18.978613]},"properties":{"id":"MX-MOR-5161","nombre":"Universidad","portfolio":"MTP","estado":"MOR","municipio":"Cuernavaca"}},{"type":"Feature","geometry":{"type":"Point","coordinates":[-104.90455,21.523088]},"properties":{"id":"MX-NAY-0007","nombre":"Santa Teresita","portfolio":"MTP","estado":"NAY","municipio":"Tepic"}},{"type":"Feature","geometry":{"type":"Point","coordinates":[-104.85148,21.4793619]},"properties":{"id":"MX-NAY-0008","nombre":"Jacarandas","portfolio":"MTP","estado":"NAY","municipio":"Tepic"}},{"type":"Feature","geometry":{"type":"Point","coordinates":[-105.245157,20.799766]},"properties":{"id":"MX-NAY-0009","nombre":"Valle Banderas","portfolio":"MTP","estado":"NAY","municipio":"Bahia de Banderas"}},{"type":"Feature","geometry":{"type":"Point","coordinates":[-105.209486,21.813481]},"properties":{"id":"MX-NAY-0011","nombre":"Santiago Ixcuintla","portfolio":"MTP","estado":"NAY","municipio":"Santiago Ixcuintla"}},{"type":"Feature","geometry":{"type":"Point","coordinates":[-104.89434,21.482027]},"properties":{"id":"MX-NAY-0012","nombre":"Moctezuma","portfolio":"MTP","estado":"NAY","municipio":"Tepic"}},{"type":"Feature","geometry":{"type":"Point","coordinates":[-105.456785,22.399419]},"properties":{"id":"MX-NAY-0013","nombre":"Tecuala","portfolio":"MTP","estado":"NAY","municipio":"Nayarit"}},{"type":"Feature","geometry":{"type":"Point","coordinates":[-104.902833,21.4944722]},"properties":{"id":"MX-NAY-0014","nombre":"Morelos","portfolio":"MTP","estado":"NAY","municipio":"Tepic"}},{"type":"Feature","geometry":{"type":"Point","coordinates":[-104.8989442,21.245375]},"properties":{"id":"MX-NAY-5006","nombre":"Subestacion","portfolio":"MTP","estado":"NAY","municipio":"Compostela"}},{"type":"Feature","geometry":{"type":"Point","coordinates":[-104.433612,21.100039]},"properties":{"id":"MX-NAY-5011","nombre":"Jala","portfolio":"MTP","estado":"NAY","municipio":"Jala"}},{"type":"Feature","geometry":{"type":"Point","coordinates":[-104.837833,21.465389]},"properties":{"id":"MX-NAY-5012","nombre":"Bonanza","portfolio":"MTP","estado":"NAY","municipio":"Tepic"}},{"type":"Feature","geometry":{"type":"Point","coordinates":[-105.421615,22.380905]},"properties":{"id":"MX-NAY-5013","nombre":"Crucero Los Sandovales","portfolio":"MTP","estado":"NAY","municipio":"Tecuala"}},{"type":"Feature","geometry":{"type":"Point","coordinates":[-105.54178,22.359983]},"properties":{"id":"MX-NAY-5014","nombre":"Quimichi","portfolio":"MTP","estado":"NAY","municipio":"Tecuala"}},{"type":"Feature","geometry":{"type":"Point","coordinates":[-104.917271,21.5018]},"properties":{"id":"MX-NAY-5016","nombre":"Cora","portfolio":"MTP","estado":"NAY","municipio":"Tepic"}},{"type":"Feature","geometry":{"type":"Point","coordinates":[-105.66216111,22.38186944]},"properties":{"id":"MX-NAY-5017","nombre":"Novillero","portfolio":"MTP","estado":"NAY","municipio":"Tecuala"}},{"type":"Feature","geometry":{"type":"Point","coordinates":[-104.837164,21.487793]},"properties":{"id":"MX-NAY-5018","nombre":"Jesus Garcia","portfolio":"MTP","estado":"NAY","municipio":"Tepic"}},{"type":"Feature","geometry":{"type":"Point","coordinates":[-104.9125,21.524994]},"properties":{"id":"MX-NAY-5019","nombre":"El Rodeo","portfolio":"MTP","estado":"NAY","municipio":"Tepic"}},{"type":"Feature","geometry":{"type":"Point","coordinates":[-104.876,21.52427778]},"properties":{"id":"MX-NAY-5020","nombre":"Valle Verde","portfolio":"MTP","estado":"NAY","municipio":"Tepic"}},{"type":"Feature","geometry":{"type":"Point","coordinates":[-104.94202778,21.51344444]},"properties":{"id":"MX-NAY-5021","nombre":"Ecologistas","portfolio":"MTP","estado":"NAY","municipio":"Tepic"}},{"type":"Feature","geometry":{"type":"Point","coordinates":[-102.84413889,20.45513889]},"properties":{"id":"MX-NAY-5023","nombre":"Plazita","portfolio":"MTP","estado":"JAL","municipio":"Zapotlán Del Rey"}},{"type":"Feature","geometry":{"type":"Point","coordinates":[-104.89466667,21.5055]},"properties":{"id":"MX-NAY-5024","nombre":"Tepic","portfolio":"CAPSA","estado":"NAY","municipio":"Tepic"}},{"type":"Feature","geometry":{"type":"Point","coordinates":[-105.3259111,20.75087222]},"properties":{"id":"MX-NAY-5026","nombre":"El Eden","portfolio":"CAPSA","estado":"NAY","municipio":"Valle de Banderas"}},{"type":"Feature","geometry":{"type":"Point","coordinates":[-105.31166667,20.73]},"properties":{"id":"MX-NAY-5027","nombre":"Riu 3","portfolio":"CAPSA","estado":"NAY","municipio":"Valle de Banderas"}},{"type":"Feature","geometry":{"type":"Point","coordinates":[-104.88880556,21.50963889]},"properties":{"id":"MX-NAY-5028","nombre":"Tepic Centro","portfolio":"CAPSA","estado":"NAY","municipio":"Tepic"}},{"type":"Feature","geometry":{"type":"Point","coordinates":[-105.392454,20.742051]},"properties":{"id":"MX-NAY-5030","nombre":"El Machete","portfolio":"CAPSA","estado":"NAY","municipio":"Valle de Banderas"}},{"type":"Feature","geometry":{"type":"Point","coordinates":[-104.798637,21.466216]},"properties":{"id":"MX-NAY-5031","nombre":"Camichin De Jauja","portfolio":"MTP","estado":"NAY","municipio":"Tepic"}},{"type":"Feature","geometry":{"type":"Point","coordinates":[-104.891939,21.409082]},"properties":{"id":"MX-NAY-5032","nombre":"Testerazo","portfolio":"MTP","estado":"NAY","municipio":"Xalisco"}},{"type":"Feature","geometry":{"type":"Point","coordinates":[-105.426139,20.750667]},"properties":{"id":"MX-NAY-5034","nombre":"Rancho Banderas","portfolio":"MTP","estado":"NAY","municipio":"Valle de Banderas"}},{"type":"Feature","geometry":{"type":"Point","coordinates":[-104.897575,21.50202222]},"properties":{"id":"MX-NAY-5037","nombre":"ISSSTE Tepic","portfolio":"CAPSA","estado":"NAY","municipio":"Tepic"}},{"type":"Feature","geometry":{"type":"Point","coordinates":[-105.35866667,20.929]},"properties":{"id":"MX-NAY-5068","nombre":"Copales","portfolio":"MTP","estado":"NAY","municipio":"Valle de Banderas"}},{"type":"Feature","geometry":{"type":"Point","coordinates":[-105.40702778,20.89047222]},"properties":{"id":"MX-NAY-5069","nombre":"San Pancho","portfolio":"MTP","estado":"NAY","municipio":"Valle de Banderas"}},{"type":"Feature","geometry":{"type":"Point","coordinates":[-104.90553,21.452849]},"properties":{"id":"MX-NAY-5070","nombre":"Tanuz","portfolio":"MTP","estado":"NAY","municipio":"Xalisco"}},{"type":"Feature","geometry":{"type":"Point","coordinates":[-104.9083472,21.48253056]},"properties":{"id":"MX-NAY-5071","nombre":"Valle De Nayarit","portfolio":"MTP","estado":"NAY","municipio":"TEPIC"}},{"type":"Feature","geometry":{"type":"Point","coordinates":[-105.2797917,20.72671111]},"properties":{"id":"MX-NAY-5076","nombre":"Boulevard","portfolio":"MTP","estado":"NAY","municipio":"Valle de Banderas"}},{"type":"Feature","geometry":{"type":"Point","coordinates":[-104.900722,21.571314]},"properties":{"id":"MX-NAY-5077","nombre":"La Escondida","portfolio":"MTP","estado":"NAY","municipio":"Tepic"}},{"type":"Feature","geometry":{"type":"Point","coordinates":[-105.27550278,20.74383333]},"properties":{"id":"MX-NAY-5081","nombre":"San Clemente De Lima","portfolio":"MTP","estado":"NAY","municipio":"Valle de Banderas"}},{"type":"Feature","geometry":{"type":"Point","coordinates":[-105.174904,21.100419]},"properties":{"id":"MX-NAY-5082","nombre":"El Capomo","portfolio":"MTP","estado":"NAY","municipio":"Compostela"}},{"type":"Feature","geometry":{"type":"Point","coordinates":[-104.897164,21.507838]},"properties":{"id":"MX-NAY-5085","nombre":"Paseo La Loma","portfolio":"MTP","estado":"NAY","municipio":"TBD"}},{"type":"Feature","geometry":{"type":"Point","coordinates":[-100.404455,25.673708]},"properties":{"id":"MX-NLE-0000","nombre":"MSC Seminario","portfolio":"MTP","estado":"NLE","municipio":"San Pedro Garza García"}},{"type":"Feature","geometry":{"type":"Point","coordinates":[-100.14873,26.488884]},"properties":{"id":"MX-NLE-0001","nombre":"Sabinas Hidalgo","portfolio":"MTP","estado":"NLE","municipio":"Sabinas Hidalgo"}},{"type":"Feature","geometry":{"type":"Point","coordinates":[-100.375977,25.813732]},"properties":{"id":"MX-NLE-0005","nombre":"Santa Ines","portfolio":"MTP","estado":"NLE","municipio":"Escobedo"}},{"type":"Feature","geometry":{"type":"Point","coordinates":[-100.5861111,25.7791667]},"properties":{"id":"MX-NLE-0006","nombre":"Entrada Villa Garcia","portfolio":"MTP","estado":"NLE","municipio":"García"}},{"type":"Feature","geometry":{"type":"Point","coordinates":[-100.373979,25.732566]},"properties":{"id":"MX-NLE-0007","nombre":"Cumbres","portfolio":"MTP","estado":"NLE","municipio":"Monterrey"}},{"type":"Feature","geometry":{"type":"Point","coordinates":[-100.342761,25.671596]},"properties":{"id":"MX-NLE-0008","nombre":"Obispado","portfolio":"MTP","estado":"NLE","municipio":"Monterrey"}},{"type":"Feature","geometry":{"type":"Point","coordinates":[-100.29651,25.747989]},"properties":{"id":"MX-NLE-0011","nombre":"San Nicolas","portfolio":"MTP","estado":"NLE","municipio":"San Nicolás de los Garza"}},{"type":"Feature","geometry":{"type":"Point","coordinates":[-100.19934,25.65909]},"properties":{"id":"MX-NLE-0013","nombre":"Pablo Livas","portfolio":"MTP","estado":"NLE","municipio":"Guadalupe"}},{"type":"Feature","geometry":{"type":"Point","coordinates":[-100.267276,25.728826]},"properties":{"id":"MX-NLE-0014","nombre":"Nogalar","portfolio":"MTP","estado":"NLE","municipio":"San Nicolás de los Garza"}},{"type":"Feature","geometry":{"type":"Point","coordinates":[-100.014305,25.28336]},"properties":{"id":"MX-NLE-0015","nombre":"Allende Centro","portfolio":"MTP","estado":"NLE","municipio":"Allende"}},{"type":"Feature","geometry":{"type":"Point","coordinates":[-100.120317,25.775639]},"properties":{"id":"MX-NLE-0017","nombre":"Aeropuerto II","portfolio":"MTP","estado":"NLE","municipio":"Apodaca"}},{"type":"Feature","geometry":{"type":"Point","coordinates":[-100.211221,25.705326]},"properties":{"id":"MX-NLE-0019","nombre":"La Victoria","portfolio":"MTP","estado":"NLE","municipio":"Guadalupe"}},{"type":"Feature","geometry":{"type":"Point","coordinates":[-100.302277,25.822791]},"properties":{"id":"MX-NLE-0021","nombre":"Arco Vial","portfolio":"MTP","estado":"NLE","municipio":"General Escobedo"}},{"type":"Feature","geometry":{"type":"Point","coordinates":[-100.221403,25.661905]},"properties":{"id":"MX-NLE-0023","nombre":"13 De Mayo","portfolio":"MTP","estado":"NLE","municipio":"Guadalupe"}},{"type":"Feature","geometry":{"type":"Point","coordinates":[-100.113707,25.652762]},"properties":{"id":"MX-NLE-0029","nombre":"Sun Moll Vip","portfolio":"MTP","estado":"NLE","municipio":"Juárez"}},{"type":"Feature","geometry":{"type":"Point","coordinates":[-99.991139,25.578]},"properties":{"id":"MX-NLE-0030","nombre":"Jorge Treviño","portfolio":"MTP","estado":"NLE","municipio":"Cadereyta Jiménez"}},{"type":"Feature","geometry":{"type":"Point","coordinates":[-100.516137,25.702565]},"properties":{"id":"MX-NLE-0032","nombre":"Gonher","portfolio":"MTP","estado":"NLE","municipio":"Santa Catarina"}},{"type":"Feature","geometry":{"type":"Point","coordinates":[-100.31943,25.761983]},"properties":{"id":"MX-NLE-0037","nombre":"El Mirador","portfolio":"MTP","estado":"NLE","municipio":"San Nicolás de los Garza"}},{"type":"Feature","geometry":{"type":"Point","coordinates":[-100.21956,25.818896]},"properties":{"id":"MX-NLE-0042","nombre":"Santa Rosa","portfolio":"MTP","estado":"NLE","municipio":"TBD"}},{"type":"Feature","geometry":{"type":"Point","coordinates":[-100.2313889,25.6680556]},"properties":{"id":"MX-NLE-0045","nombre":"Cerro De La Silla","portfolio":"MTP","estado":"NLE","municipio":"Monterrey"}},{"type":"Feature","geometry":{"type":"Point","coordinates":[-100.261048,25.769866]},"properties":{"id":"MX-NLE-0046","nombre":"Palmas","portfolio":"MTP","estado":"NLE","municipio":"Monterrey"}},{"type":"Feature","geometry":{"type":"Point","coordinates":[-100.150158,25.377138]},"properties":{"id":"MX-NLE-0047","nombre":"Cieneguilla","portfolio":"MTP","estado":"NLE","municipio":"Monterrey"}},{"type":"Feature","geometry":{"type":"Point","coordinates":[-100.19106,26.489654]},"properties":{"id":"MX-NLE-0048","nombre":"Pablo Ancira","portfolio":"MTP","estado":"NLE","municipio":"Nuevo Leon"}},{"type":"Feature","geometry":{"type":"Point","coordinates":[-99.668139,24.716056]},"properties":{"id":"MX-NLE-0049","nombre":"Caja Pinta","portfolio":"MTP","estado":"NLE","municipio":"Nuevo León"}},{"type":"Feature","geometry":{"type":"Point","coordinates":[-99.912638,26.479333]},"properties":{"id":"MX-NLE-0050","nombre":"Colorados de Abajo","portfolio":"MTP","estado":"NLE","municipio":"Nuevo León"}},{"type":"Feature","geometry":{"type":"Point","coordinates":[-100.102106,25.689738]},"properties":{"id":"MX-NLE-0051","nombre":"El Campanario","portfolio":"MTP","estado":"NLE","municipio":"Nuevo León"}},{"type":"Feature","geometry":{"type":"Point","coordinates":[-100.0308,25.881523]},"properties":{"id":"MX-NLE-0052","nombre":"Marín","portfolio":"MTP","estado":"NLE","municipio":"Nuevo León"}},{"type":"Feature","geometry":{"type":"Point","coordinates":[-99.757881,25.675698]},"properties":{"id":"MX-NLE-0053","nombre":"San Isidro","portfolio":"MTP","estado":"NLE","municipio":"Nuevo León"}},{"type":"Feature","geometry":{"type":"Point","coordinates":[-100.174385,25.796555]},"properties":{"id":"MX-NLE-0054","nombre":"Triana","portfolio":"MTP","estado":"NLE","municipio":"Nuevo León"}},{"type":"Feature","geometry":{"type":"Point","coordinates":[-100.33133611,25.65090067]},"properties":{"id":"MX-NLE-1001","nombre":"Casa Grande","portfolio":"MTP","estado":"NLE","municipio":"Garza García"}},{"type":"Feature","geometry":{"type":"Point","coordinates":[-100.027452,25.295693]},"properties":{"id":"MX-NLE-5006","nombre":"Crosa","portfolio":"MTP","estado":"NLE","municipio":"Ciudad de Allende"}},{"type":"Feature","geometry":{"type":"Point","coordinates":[-100.435958,26.498443]},"properties":{"id":"MX-NLE-5007","nombre":"Villaldama","portfolio":"MTP","estado":"NLE","municipio":"Villaldama"}},{"type":"Feature","geometry":{"type":"Point","coordinates":[-100.354087,25.806729]},"properties":{"id":"MX-NLE-5008","nombre":"Parque Industrial Escobedo","portfolio":"MTP","estado":"NLE","municipio":"General Escobedo"}},{"type":"Feature","geometry":{"type":"Point","coordinates":[-98.9388278,25.8611611]},"properties":{"id":"MX-NLE-5009","nombre":"Maribel","portfolio":"MTP","estado":"NLE","municipio":"General Bravo"}},{"type":"Feature","geometry":{"type":"Point","coordinates":[-100.654955,26.135492]},"properties":{"id":"MX-NLE-5010","nombre":"El Rincon","portfolio":"MTP","estado":"NLE","municipio":"Mina"}},{"type":"Feature","geometry":{"type":"Point","coordinates":[-100.33381944,25.81946389]},"properties":{"id":"MX-NLE-5011","nombre":"Justo Sierra","portfolio":"MTP","estado":"NLE","municipio":"General Escobedo"}},{"type":"Feature","geometry":{"type":"Point","coordinates":[-99.22731,25.71311]},"properties":{"id":"MX-NLE-5012","nombre":"China Centro","portfolio":"MTP","estado":"NLE","municipio":"China"}},{"type":"Feature","geometry":{"type":"Point","coordinates":[-100.61651,25.810127]},"properties":{"id":"MX-NLE-5013","nombre":"Garcia Poniente","portfolio":"MTP","estado":"NLE","municipio":"Villa de García"}},{"type":"Feature","geometry":{"type":"Point","coordinates":[-100.364811,25.829307]},"properties":{"id":"MX-NLE-5014","nombre":"Rastro","portfolio":"MTP","estado":"NLE","municipio":"General Escobedo"}},{"type":"Feature","geometry":{"type":"Point","coordinates":[-100.12893,25.56797]},"properties":{"id":"MX-NLE-5015","nombre":"Quintas Juarez","portfolio":"MTP","estado":"NLE","municipio":"Juárez"}},{"type":"Feature","geometry":{"type":"Point","coordinates":[-99.18243056,25.92231667]},"properties":{"id":"MX-NLE-5016","nombre":"Dr Coss","portfolio":"MTP","estado":"NLE","municipio":"Doctor Coss"}},{"type":"Feature","geometry":{"type":"Point","coordinates":[-99.827758,25.18812]},"properties":{"id":"MX-NLE-5017","nombre":"Montemorelos","portfolio":"MTP","estado":"NLE","municipio":"Montemorelos"}},{"type":"Feature","geometry":{"type":"Point","coordinates":[-100.13938889,25.83525]},"properties":{"id":"MX-NLE-5018","nombre":"Artemio Treviño","portfolio":"MTP","estado":"NLE","municipio":"Ciudad Apodaca"}},{"type":"Feature","geometry":{"type":"Point","coordinates":[-100.04911667,25.31790556]},"properties":{"id":"MX-NLE-5020","nombre":"Federal 85","portfolio":"MTP","estado":"NLE","municipio":"Ciudad de Allende"}},{"type":"Feature","geometry":{"type":"Point","coordinates":[-100.624674,25.819238]},"properties":{"id":"MX-NLE-5022","nombre":"Jose Paez","portfolio":"MTP","estado":"NLE","municipio":"Villa de García"}},{"type":"Feature","geometry":{"type":"Point","coordinates":[-100.0729861,25.60591667]},"properties":{"id":"MX-NLE-5023","nombre":"La Escondida","portfolio":"MTP","estado":"NLE","municipio":"Cadereyta Jiménez"}},{"type":"Feature","geometry":{"type":"Point","coordinates":[-100.978391,25.385561]},"properties":{"id":"MX-NLE-5024","nombre":"Federico Berrueto","portfolio":"MTP","estado":"COA","municipio":"Saltillo"}},{"type":"Feature","geometry":{"type":"Point","coordinates":[-100.19533889,26.50798889]},"properties":{"id":"MX-NLE-5025","nombre":"Plaza Mirador","portfolio":"MTP","estado":"NLE","municipio":"Ciudad Sabinas Hidalgo"}},{"type":"Feature","geometry":{"type":"Point","coordinates":[-100.0308,25.75146]},"properties":{"id":"MX-NLE-5026","nombre":"Las Aves","portfolio":"MTP","estado":"NLE","municipio":"Pesquería"}},{"type":"Feature","geometry":{"type":"Point","coordinates":[-100.318103,25.796269]},"properties":{"id":"MX-NLE-5029","nombre":"Monte Real","portfolio":"MTP","estado":"NLE","municipio":"General Escobedo"}},{"type":"Feature","geometry":{"type":"Point","coordinates":[-100.11366667,25.82452778]},"properties":{"id":"MX-NLE-5030","nombre":"Colinas Del Roble","portfolio":"MTP","estado":"NLE","municipio":"Pesquería"}},{"type":"Feature","geometry":{"type":"Point","coordinates":[-100.16941667,25.71322222]},"properties":{"id":"MX-NLE-5031","nombre":"Valle Fertil","portfolio":"MTP","estado":"NLE","municipio":"San Miguel"}},{"type":"Feature","geometry":{"type":"Point","coordinates":[-99.91858333,25.36880833]},"properties":{"id":"MX-NLE-5032","nombre":"El Toriveño","portfolio":"MTP","estado":"NLE","municipio":"Montemorelos"}},{"type":"Feature","geometry":{"type":"Point","coordinates":[-99.57971667,24.86364444]},"properties":{"id":"MX-NLE-5033","nombre":"Jardines De Linares","portfolio":"MTP","estado":"NLE","municipio":"Linares"}},{"type":"Feature","geometry":{"type":"Point","coordinates":[-100.45505556,25.98788889]},"properties":{"id":"MX-NLE-5034","nombre":"Noe Lozano","portfolio":"MTP","estado":"NLE","municipio":"San Nicolás Hidalgo"}},{"type":"Feature","geometry":{"type":"Point","coordinates":[-99.95947222,25.76147222]},"properties":{"id":"MX-NLE-5035","nombre":"Ternium","portfolio":"MTP","estado":"NLE","municipio":"Pesquería"}},{"type":"Feature","geometry":{"type":"Point","coordinates":[-100.258662,25.796688]},"properties":{"id":"MX-NLE-5036","nombre":"Villas Premier","portfolio":"MTP","estado":"NLE","municipio":"Ciudad Apodaca"}},{"type":"Feature","geometry":{"type":"Point","coordinates":[-100.170075,25.61743]},"properties":{"id":"MX-NLE-5043","nombre":"Santa Monica","portfolio":"MTP","estado":"NLE","municipio":"Juárez"}},{"type":"Feature","geometry":{"type":"Point","coordinates":[-99.77386111,25.22827778]},"properties":{"id":"MX-NLE-5044","nombre":"El Ahorcado","portfolio":"MTP","estado":"NLE","municipio":"Montemorelos"}},{"type":"Feature","geometry":{"type":"Point","coordinates":[-100.36158333,25.94375]},"properties":{"id":"MX-NLE-5045","nombre":"Miguel Arce","portfolio":"MTP","estado":"NLE","municipio":"Carmen"}},{"type":"Feature","geometry":{"type":"Point","coordinates":[-100.2355,25.791]},"properties":{"id":"MX-NLE-5046","nombre":"Valle Los Nogales","portfolio":"MTP","estado":"NLE","municipio":"Ciudad Apodaca"}},{"type":"Feature","geometry":{"type":"Point","coordinates":[-99.992694,25.597694]},"properties":{"id":"MX-NLE-5048","nombre":"Nueva Cadereyta","portfolio":"MTP","estado":"NLE","municipio":"Cadereyta Jiménez"}},{"type":"Feature","geometry":{"type":"Point","coordinates":[-100.240633,25.758625]},"properties":{"id":"MX-NLE-5050","nombre":"El Mezquital","portfolio":"MTP","estado":"NLE","municipio":"Ciudad Apodaca"}},{"type":"Feature","geometry":{"type":"Point","coordinates":[-100.357064,25.708184]},"properties":{"id":"MX-NLE-5053","nombre":"Tivoli","portfolio":"MTP","estado":"NLE","municipio":"Monterrey"}},{"type":"Feature","geometry":{"type":"Point","coordinates":[-100.1919722,25.71461111]},"properties":{"id":"MX-NLE-5054","nombre":"Talaverna","portfolio":"MTP","estado":"NLE","municipio":"Guadalupe"}},{"type":"Feature","geometry":{"type":"Point","coordinates":[-100.290415,25.751397]},"properties":{"id":"MX-NLE-5055","nombre":"San Nicolas","portfolio":"MTP","estado":"NLE","municipio":"San Nicolás de los Garza"}},{"type":"Feature","geometry":{"type":"Point","coordinates":[-100.290109,25.654105]},"properties":{"id":"MX-NLE-5058","nombre":"De La Vega","portfolio":"MTP","estado":"NLE","municipio":"Monterrey"}},{"type":"Feature","geometry":{"type":"Point","coordinates":[-100.193617,25.665057]},"properties":{"id":"MX-NLE-5077","nombre":"Zertuche","portfolio":"CAPSA","estado":"NLE","municipio":"Guadalupe"}},{"type":"Feature","geometry":{"type":"Point","coordinates":[-100.28881111,25.76588056]},"properties":{"id":"MX-NLE-5079","nombre":"Joaquin Claussel","portfolio":"CAPSA","estado":"NLE","municipio":"San Nicolás de los Garza"}},{"type":"Feature","geometry":{"type":"Point","coordinates":[-100.33819444,25.64586667]},"properties":{"id":"MX-NLE-5080","nombre":"Hoyos","portfolio":"CAPSA","estado":"NLE","municipio":"Garza García"}},{"type":"Feature","geometry":{"type":"Point","coordinates":[-100.191,25.68694444]},"properties":{"id":"MX-NLE-5081","nombre":"Usumacinta","portfolio":"CAPSA","estado":"NLE","municipio":"Guadalupe"}},{"type":"Feature","geometry":{"type":"Point","coordinates":[-100.404968,25.644285]},"properties":{"id":"MX-NLE-5082","nombre":"Circunvalacion","portfolio":"CAPSA","estado":"NLE","municipio":"Garza García"}},{"type":"Feature","geometry":{"type":"Point","coordinates":[-100.39405278,25.72248333]},"properties":{"id":"MX-NLE-5083","nombre":"Cumbres","portfolio":"CAPSA","estado":"NLE","municipio":"Monterrey"}},{"type":"Feature","geometry":{"type":"Point","coordinates":[-103.32805556,20.70583333]},"properties":{"id":"MX-NLE-5084","nombre":"Santa Elena","portfolio":"CAPSA","estado":"JAL","municipio":"Guadalajara"}},{"type":"Feature","geometry":{"type":"Point","coordinates":[-100.3689861,25.64341111]},"properties":{"id":"MX-NLE-5085","nombre":"Nevada IIR","portfolio":"CAPSA","estado":"NLE","municipio":"Garza García"}},{"type":"Feature","geometry":{"type":"Point","coordinates":[-100.366795,25.682462]},"properties":{"id":"MX-NLE-5086","nombre":"Insurgentes","portfolio":"CAPSA","estado":"NLE","municipio":"Monterrey"}},{"type":"Feature","geometry":{"type":"Point","coordinates":[-100.23030833,25.70850833]},"properties":{"id":"MX-NLE-5087","nombre":"Pintores","portfolio":"CAPSA","estado":"NLE","municipio":"Guadalupe"}},{"type":"Feature","geometry":{"type":"Point","coordinates":[-100.373032,25.63556]},"properties":{"id":"MX-NLE-5088","nombre":"El Angel","portfolio":"CAPSA","estado":"NLE","municipio":"Garza García"}},{"type":"Feature","geometry":{"type":"Point","coordinates":[-100.21617222,25.77351667]},"properties":{"id":"MX-NLE-5089","nombre":"Balneario","portfolio":"CAPSA","estado":"NLE","municipio":"Ciudad Apodaca"}},{"type":"Feature","geometry":{"type":"Point","coordinates":[-100.330393,25.670775]},"properties":{"id":"MX-NLE-5090","nombre":"Nieto","portfolio":"CAPSA","estado":"NLE","municipio":"Monterrey"}},{"type":"Feature","geometry":{"type":"Point","coordinates":[-100.26325,25.819922]},"properties":{"id":"MX-NLE-5091","nombre":"Tauro","portfolio":"CAPSA","estado":"NLE","municipio":"Ciudad Apodaca"}},{"type":"Feature","geometry":{"type":"Point","coordinates":[-100.35491944,25.65269722]},"properties":{"id":"MX-NLE-5092","nombre":"Margain","portfolio":"CAPSA","estado":"NLE","municipio":"Garza García"}},{"type":"Feature","geometry":{"type":"Point","coordinates":[-100.457781,25.680934]},"properties":{"id":"MX-NLE-5093","nombre":"Zimex","portfolio":"CAPSA","estado":"NLE","municipio":"Santa Catarina"}},{"type":"Feature","geometry":{"type":"Point","coordinates":[-100.44468333,25.67405]},"properties":{"id":"MX-NLE-5094","nombre":"Acueducto","portfolio":"CAPSA","estado":"NLE","municipio":"Santa Catarina"}},{"type":"Feature","geometry":{"type":"Point","coordinates":[-100.41476389,25.76791111]},"properties":{"id":"MX-NLE-5095","nombre":"Perseo","portfolio":"CAPSA","estado":"NLE","municipio":"Monterrey"}},{"type":"Feature","geometry":{"type":"Point","coordinates":[-100.37759444,25.65988056]},"properties":{"id":"MX-NLE-5096","nombre":"Mirasierra","portfolio":"CAPSA","estado":"NLE","municipio":"Garza García"}},{"type":"Feature","geometry":{"type":"Point","coordinates":[-100.35569444,25.68766667]},"properties":{"id":"MX-NLE-5097","nombre":"Diamante","portfolio":"CAPSA","estado":"NLE","municipio":"Monterrey"}},{"type":"Feature","geometry":{"type":"Point","coordinates":[-100.2823861,25.64324444]},"properties":{"id":"MX-NLE-5098","nombre":"Jusco","portfolio":"CAPSA","estado":"NLE","municipio":"Monterrey"}},{"type":"Feature","geometry":{"type":"Point","coordinates":[-100.331278,25.6509333]},"properties":{"id":"MX-NLE-5099","nombre":"Escriva","portfolio":"CAPSA","estado":"NLE","municipio":"Garza García"}},{"type":"Feature","geometry":{"type":"Point","coordinates":[-100.35932778,25.64629722]},"properties":{"id":"MX-NLE-5102","nombre":"Jacaranda","portfolio":"CAPSA","estado":"NLE","municipio":"Garza García"}},{"type":"Feature","geometry":{"type":"Point","coordinates":[-100.31626944,25.71766111]},"properties":{"id":"MX-NLE-5103","nombre":"Sultan","portfolio":"CAPSA","estado":"NLE","municipio":"Monterrey"}},{"type":"Feature","geometry":{"type":"Point","coordinates":[-100.40757778,25.74629167]},"properties":{"id":"MX-NLE-5107","nombre":"Navarrete V2","portfolio":"CAPSA","estado":"NLE","municipio":"Monterrey"}},{"type":"Feature","geometry":{"type":"Point","coordinates":[-100.360275,25.665275]},"properties":{"id":"MX-NLE-5108","nombre":"Palatino","portfolio":"CAPSA","estado":"NLE","municipio":"Garza García"}},{"type":"Feature","geometry":{"type":"Point","coordinates":[-100.40625556,25.74156944]},"properties":{"id":"MX-NLE-5112","nombre":"Las Cerradas","portfolio":"CAPSA","estado":"NLE","municipio":"Monterrey"}},{"type":"Feature","geometry":{"type":"Point","coordinates":[-100.34149722,25.69639722]},"properties":{"id":"MX-NLE-5113","nombre":"Leones","portfolio":"CAPSA","estado":"NLE","municipio":"Monterrey"}},{"type":"Feature","geometry":{"type":"Point","coordinates":[-100.26824444,25.69832778]},"properties":{"id":"MX-NLE-5114","nombre":"Reub Santa Fe","portfolio":"CAPSA","estado":"NLE","municipio":"Monterrey"}},{"type":"Feature","geometry":{"type":"Point","coordinates":[-100.35290278,25.64395833]},"properties":{"id":"MX-NLE-5115","nombre":"Reub Veredalta","portfolio":"CAPSA","estado":"NLE","municipio":"Garza García"}},{"type":"Feature","geometry":{"type":"Point","coordinates":[-100.349368,25.74658]},"properties":{"id":"MX-NLE-5116","nombre":"Estacion","portfolio":"MTP","estado":"NLE","municipio":"Monterrey"}},{"type":"Feature","geometry":{"type":"Point","coordinates":[-100.2869333,25.64073611]},"properties":{"id":"MX-NLE-5118","nombre":"El Gaucho","portfolio":"MTP","estado":"NLE","municipio":"Monterrey"}},{"type":"Feature","geometry":{"type":"Point","coordinates":[-100.2829472,25.67149722]},"properties":{"id":"MX-NLE-5119","nombre":"Parque España","portfolio":"MTP","estado":"NLE","municipio":"Monterrey"}},{"type":"Feature","geometry":{"type":"Point","coordinates":[-100.2260875,25.73176944]},"properties":{"id":"MX-NLE-5120","nombre":"Bruselas","portfolio":"MTP","estado":"NLE","municipio":"San Nicolás de los Garza"}},{"type":"Feature","geometry":{"type":"Point","coordinates":[-100.281532,25.684185]},"properties":{"id":"MX-NLE-5121","nombre":"Prisciliano Elizondo","portfolio":"MTP","estado":"NLE","municipio":"Monterrey"}},{"type":"Feature","geometry":{"type":"Point","coordinates":[-100.301056,25.732367]},"properties":{"id":"MX-NLE-5122","nombre":"Correos","portfolio":"MTP","estado":"NLE","municipio":"San Nicolás de los Garza"}},{"type":"Feature","geometry":{"type":"Point","coordinates":[-100.439025,25.96679444]},"properties":{"id":"MX-NLE-5126","nombre":"Cantu","portfolio":"MTP","estado":"NLE","municipio":"San Nicolás Hidalgo"}},{"type":"Feature","geometry":{"type":"Point","coordinates":[-100.447037,25.788476]},"properties":{"id":"MX-NLE-5127","nombre":"Ciudad Industrial","portfolio":"MTP","estado":"NLE","municipio":"Villa de García"}},{"type":"Feature","geometry":{"type":"Point","coordinates":[-100.329727,25.687112]},"properties":{"id":"MX-NLE-5129","nombre":"Universidad Del Norte","portfolio":"MTP","estado":"NLE","municipio":"Monterrey"}},{"type":"Feature","geometry":{"type":"Point","coordinates":[-100.282961,25.570294]},"properties":{"id":"MX-NLE-5131","nombre":"Sabino","portfolio":"MTP","estado":"NLE","municipio":"Monterrey"}},{"type":"Feature","geometry":{"type":"Point","coordinates":[-100.363633,25.684444]},"properties":{"id":"MX-NLE-5133","nombre":"Mendelshon","portfolio":"MTP","estado":"NLE","municipio":"Monterrey"}},{"type":"Feature","geometry":{"type":"Point","coordinates":[-100.2330556,25.56225]},"properties":{"id":"MX-NLE-5134","nombre":"Merlot","portfolio":"CAPSA","estado":"NLE","municipio":"Monterrey"}},{"type":"Feature","geometry":{"type":"Point","coordinates":[-100.360683,25.646571]},"properties":{"id":"MX-NLE-5138","nombre":"Gomez Morin","portfolio":"CAPSA","estado":"NLE","municipio":"Garza García"}},{"type":"Feature","geometry":{"type":"Point","coordinates":[-100.421944,25.682715]},"properties":{"id":"MX-NLE-5148","nombre":"La Fama","portfolio":"MTP","estado":"NLE","municipio":"Santa Catarina"}},{"type":"Feature","geometry":{"type":"Point","coordinates":[-100.3973306,25.78086111]},"properties":{"id":"MX-NLE-5150","nombre":"Los Astros","portfolio":"MTP","estado":"NLE","municipio":"Monterrey"}},{"type":"Feature","geometry":{"type":"Point","coordinates":[-100.374154,25.78072]},"properties":{"id":"MX-NLE-5151","nombre":"Heron Proal","portfolio":"MTP","estado":"NLE","municipio":"Monterrey"}},{"type":"Feature","geometry":{"type":"Point","coordinates":[-100.387794,25.739139]},"properties":{"id":"MX-NLE-5152","nombre":"Las Cumbres","portfolio":"MTP","estado":"NLE","municipio":"Monterrey"}},{"type":"Feature","geometry":{"type":"Point","coordinates":[-100.320131,25.656726]},"properties":{"id":"MX-NLE-5153","nombre":"Independencia","portfolio":"MTP","estado":"NLE","municipio":"Monterrey"}},{"type":"Feature","geometry":{"type":"Point","coordinates":[-100.366239,25.7379]},"properties":{"id":"MX-NLE-5154","nombre":"Valle Del Nogal","portfolio":"MTP","estado":"NLE","municipio":"Monterrey"}},{"type":"Feature","geometry":{"type":"Point","coordinates":[-100.389241,25.756718]},"properties":{"id":"MX-NLE-5157","nombre":"Aztlan","portfolio":"MTP","estado":"NLE","municipio":"Monterrey"}},{"type":"Feature","geometry":{"type":"Point","coordinates":[-100.249122,25.77025]},"properties":{"id":"MX-NLE-5162","nombre":"Fresnos","portfolio":"MTP","estado":"NLE","municipio":"Ciudad Apodaca"}},{"type":"Feature","geometry":{"type":"Point","coordinates":[-100.297306,25.621542]},"properties":{"id":"MX-NLE-5164","nombre":"Plan De Valladolid","portfolio":"MTP","estado":"NLE","municipio":"Monterrey"}},{"type":"Feature","geometry":{"type":"Point","coordinates":[-100.1399,25.767083]},"properties":{"id":"MX-NLE-5166","nombre":"Almeria","portfolio":"MTP","estado":"NLE","municipio":"Ciudad Apodaca"}},{"type":"Feature","geometry":{"type":"Point","coordinates":[-100.231293,25.818483]},"properties":{"id":"MX-NLE-5167","nombre":"Canario","portfolio":"MTP","estado":"NLE","municipio":"Ciudad Apodaca"}},{"type":"Feature","geometry":{"type":"Point","coordinates":[-100.212653,25.798322]},"properties":{"id":"MX-NLE-5168","nombre":"El Palomar","portfolio":"MTP","estado":"NLE","municipio":"Ciudad Apodaca"}},{"type":"Feature","geometry":{"type":"Point","coordinates":[-100.193303,25.757289]},"properties":{"id":"MX-NLE-5169","nombre":"Milimex","portfolio":"MTP","estado":"NLE","municipio":"Ciudad Apodaca"}},{"type":"Feature","geometry":{"type":"Point","coordinates":[-100.210778,25.750306]},"properties":{"id":"MX-NLE-5170","nombre":"Cantizales","portfolio":"MTP","estado":"NLE","municipio":"Ciudad Apodaca"}},{"type":"Feature","geometry":{"type":"Point","coordinates":[-100.290984,25.66724]},"properties":{"id":"MX-NLE-5172","nombre":"Ignacio Morones","portfolio":"MTP","estado":"NLE","municipio":"Monterrey"}},{"type":"Feature","geometry":{"type":"Point","coordinates":[-100.32424,25.725528]},"properties":{"id":"MX-NLE-5175","nombre":"Ferrocarrileros","portfolio":"MTP","estado":"NLE","municipio":"Monterrey"}},{"type":"Feature","geometry":{"type":"Point","coordinates":[-100.277935,25.627668]},"properties":{"id":"MX-NLE-5176","nombre":"Sierra Ventana","portfolio":"MTP","estado":"NLE","municipio":"Monterrey"}},{"type":"Feature","geometry":{"type":"Point","coordinates":[-100.151972,25.754806]},"properties":{"id":"MX-NLE-5178","nombre":"Huinala","portfolio":"MTP","estado":"NLE","municipio":"Ciudad Apodaca"}},{"type":"Feature","geometry":{"type":"Point","coordinates":[-100.302003,25.643097]},"properties":{"id":"MX-NLE-5180","nombre":"Jardines Roma","portfolio":"MTP","estado":"NLE","municipio":"Monterrey"}},{"type":"Feature","geometry":{"type":"Point","coordinates":[-100.342406,25.729244]},"properties":{"id":"MX-NLE-5183","nombre":"Residencial Aztlan","portfolio":"MTP","estado":"NLE","municipio":"Monterrey"}},{"type":"Feature","geometry":{"type":"Point","coordinates":[-100.388835,25.734268]},"properties":{"id":"MX-NLE-5184","nombre":"Hacienda De Las Mitras","portfolio":"MTP","estado":"NLE","municipio":"Monterrey"}},{"type":"Feature","geometry":{"type":"Point","coordinates":[-100.241654,25.768633]},"properties":{"id":"MX-NLE-5185","nombre":"Los Fresnos","portfolio":"MTP","estado":"NLE","municipio":"Ciudad Apodaca"}},{"type":"Feature","geometry":{"type":"Point","coordinates":[-100.3421778,25.71495]},"properties":{"id":"MX-NLE-5187","nombre":"Sayco","portfolio":"MTP","estado":"NLE","municipio":"Monterrey"}},{"type":"Feature","geometry":{"type":"Point","coordinates":[-100.325597,25.675861]},"properties":{"id":"MX-NLE-5188","nombre":"Tolentino","portfolio":"MTP","estado":"NLE","municipio":"Monterrey"}},{"type":"Feature","geometry":{"type":"Point","coordinates":[-100.374667,25.685958]},"properties":{"id":"MX-NLE-5189","nombre":"Marroquin","portfolio":"MTP","estado":"NLE","municipio":"Monterrey"}},{"type":"Feature","geometry":{"type":"Point","coordinates":[-100.02343056,25.5768]},"properties":{"id":"MX-NLE-5190","nombre":"Las Espigas","portfolio":"MTP","estado":"NLE","municipio":"Cadereyta Jiménez"}},{"type":"Feature","geometry":{"type":"Point","coordinates":[-100.27785083,25.690688]},"properties":{"id":"MX-NLE-5191","nombre":"Antonio I Villareal","portfolio":"MTP","estado":"NLE","municipio":"Monterrey"}},{"type":"Feature","geometry":{"type":"Point","coordinates":[-100.256175,25.604281]},"properties":{"id":"MX-NLE-5198","nombre":"Pedregal Cañada","portfolio":"MTP","estado":"NLE","municipio":"Monterrey"}},{"type":"Feature","geometry":{"type":"Point","coordinates":[-100.343856,25.677672]},"properties":{"id":"MX-NLE-5200","nombre":"Obispado","portfolio":"MTP","estado":"NLE","municipio":"Monterrey"}},{"type":"Feature","geometry":{"type":"Point","coordinates":[-100.187989,25.734928]},"properties":{"id":"MX-NLE-5201","nombre":"Los Alamos","portfolio":"MTP","estado":"NLE","municipio":"Ciudad Apodaca"}},{"type":"Feature","geometry":{"type":"Point","coordinates":[-100.28239444,25.67836944]},"properties":{"id":"MX-NLE-5202","nombre":"Masivos Monterrey","portfolio":"MTP","estado":"NLE","municipio":"Monterrey"}},{"type":"Feature","geometry":{"type":"Point","coordinates":[-100.093314,25.662451]},"properties":{"id":"MX-NLE-5204","nombre":"Lomas Del Sol","portfolio":"MTP","estado":"NLE","municipio":"Juárez"}},{"type":"Feature","geometry":{"type":"Point","coordinates":[-100.241604,25.580989]},"properties":{"id":"MX-NLE-5206","nombre":"Paseo La Rioja","portfolio":"MTP","estado":"NLE","municipio":"Monterrey"}},{"type":"Feature","geometry":{"type":"Point","coordinates":[-100.40619167,25.7647583]},"properties":{"id":"MX-NLE-5207","nombre":"Sendero Lincoln","portfolio":"MTP","estado":"NLE","municipio":"Monterrey"}},{"type":"Feature","geometry":{"type":"Point","coordinates":[-100.016674,25.592218]},"properties":{"id":"MX-NLE-5238","nombre":"Leones Cadereyta","portfolio":"MTP","estado":"NLE","municipio":"Cadereyta Jiménez"}},{"type":"Feature","geometry":{"type":"Point","coordinates":[-99.978198,25.602716]},"properties":{"id":"MX-NLE-5239","nombre":"Unión Ganadera Cadereyta","portfolio":"MTP","estado":"NLE","municipio":"Cadereyta Jiménez"}},{"type":"Feature","geometry":{"type":"Point","coordinates":[-100.305962,25.796441]},"properties":{"id":"MX-NLE-5240","nombre":"Maple","portfolio":"MTP","estado":"NLE","municipio":"General Escobedo"}},{"type":"Feature","geometry":{"type":"Point","coordinates":[-100.438699,25.801311]},"properties":{"id":"MX-NLE-5241","nombre":"Libramiento San José","portfolio":"MTP","estado":"NLE","municipio":"Villa de García"}},{"type":"Feature","geometry":{"type":"Point","coordinates":[-100.038515,25.608495]},"properties":{"id":"MX-NLE-5242","nombre":"Lomas De Los Pilares","portfolio":"MTP","estado":"NLE","municipio":"Cadereyta Jiménez"}},{"type":"Feature","geometry":{"type":"Point","coordinates":[-100.3569,25.64970833]},"properties":{"id":"MX-NLE-5246","nombre":"Vitro","portfolio":"CAPSA","estado":"NLE","municipio":"Garza García"}},{"type":"Feature","geometry":{"type":"Point","coordinates":[-100.2987273,25.7824908]},"properties":{"id":"MX-NLE-5247","nombre":"Las Hadas","portfolio":"MTP","estado":"NLE","municipio":"General Escobedo"}},{"type":"Feature","geometry":{"type":"Point","coordinates":[-99.84611111,23.80083333]},"properties":{"id":"MX-NLE-5254","nombre":"Peña Nevada","portfolio":"MTP","estado":"NLE","municipio":"General Zaragoza"}},{"type":"Feature","geometry":{"type":"Point","coordinates":[-100.257167,25.80885]},"properties":{"id":"MX-NLE-5257","nombre":"Moises Saenz","portfolio":"MTP","estado":"NLE","municipio":"Ciudad Apodaca"}},{"type":"Feature","geometry":{"type":"Point","coordinates":[-100.095406,25.644328]},"properties":{"id":"MX-NLE-5258","nombre":"De La Garza","portfolio":"MTP","estado":"NLE","municipio":"Juárez"}},{"type":"Feature","geometry":{"type":"Point","coordinates":[-100.391969,25.658174]},"properties":{"id":"MX-NLE-5259","nombre":"Los Sabinos","portfolio":"MTP","estado":"NLE","municipio":"Garza García"}},{"type":"Feature","geometry":{"type":"Point","coordinates":[-100.319139,25.761108]},"properties":{"id":"MX-NLE-5260","nombre":"Tikal","portfolio":"MTP","estado":"NLE","municipio":"San Nicolás De Los Garza"}},{"type":"Feature","geometry":{"type":"Point","coordinates":[-100.238153,25.565869]},"properties":{"id":"MX-NLE-5261","nombre":"Las Caleras","portfolio":"MTP","estado":"NLE","municipio":"Monterrey"}},{"type":"Feature","geometry":{"type":"Point","coordinates":[-100.29856,25.679414]},"properties":{"id":"MX-NLE-5263","nombre":"Isaac Garza","portfolio":"MTP","estado":"NLE","municipio":"Monterrey"}},{"type":"Feature","geometry":{"type":"Point","coordinates":[-100.197117,25.660419]},"properties":{"id":"MX-NLE-5264","nombre":"Pablo Livas","portfolio":"MTP","estado":"NLE","municipio":"Guadalupe"}},{"type":"Feature","geometry":{"type":"Point","coordinates":[-100.231094,25.703731]},"properties":{"id":"MX-NLE-5265","nombre":"Cibeles","portfolio":"MTP","estado":"NLE","municipio":"Guadalupe"}},{"type":"Feature","geometry":{"type":"Point","coordinates":[-100.180289,25.66215]},"properties":{"id":"MX-NLE-5267","nombre":"Lomas Del Norte","portfolio":"MTP","estado":"NLE","municipio":"Guadalupe"}},{"type":"Feature","geometry":{"type":"Point","coordinates":[-100.312197,25.679647]},"properties":{"id":"MX-NLE-5269","nombre":"Santa Cecilia","portfolio":"MTP","estado":"NLE","municipio":"Monterrey"}},{"type":"Feature","geometry":{"type":"Point","coordinates":[-100.199255,25.511394]},"properties":{"id":"MX-NLE-5270","nombre":"Los Cristales","portfolio":"MTP","estado":"NLE","municipio":"Santiago"}},{"type":"Feature","geometry":{"type":"Point","coordinates":[-100.3692,25.6696]},"properties":{"id":"MX-NLE-5275","nombre":"Jardin Trebol","portfolio":"MTP","estado":"NLE","municipio":"Monterrey"}},{"type":"Feature","geometry":{"type":"Point","coordinates":[-100.268667,25.867433]},"properties":{"id":"MX-NLE-5278","nombre":"Sector Montaña","portfolio":"MTP","estado":"NLE","municipio":"Ciudad Apodaca"}},{"type":"Feature","geometry":{"type":"Point","coordinates":[-100.3861,25.7199]},"properties":{"id":"MX-NLE-5280","nombre":"Quezada","portfolio":"MTP","estado":"NLE","municipio":"Monterrey"}},{"type":"Feature","geometry":{"type":"Point","coordinates":[-100.3685,25.70425]},"properties":{"id":"MX-NLE-5281","nombre":"Cordillera","portfolio":"MTP","estado":"NLE","municipio":"Monterrey"}},{"type":"Feature","geometry":{"type":"Point","coordinates":[-100.343039,25.709594]},"properties":{"id":"MX-NLE-5283","nombre":"Grijalva","portfolio":"MTP","estado":"NLE","municipio":"Monterrey"}},{"type":"Feature","geometry":{"type":"Point","coordinates":[-100.44688889,25.97938889]},"properties":{"id":"MX-NLE-5289","nombre":"Puente Hidalgo","portfolio":"MTP","estado":"NLE","municipio":"San Nicolás Hidalgo"}},{"type":"Feature","geometry":{"type":"Point","coordinates":[-100.5479,25.7612]},"properties":{"id":"MX-NLE-5290","nombre":"Alcali","portfolio":"MTP","estado":"NLE","municipio":"Villa de García"}},{"type":"Feature","geometry":{"type":"Point","coordinates":[-100.18155,25.9202]},"properties":{"id":"MX-NLE-5291","nombre":"Ara","portfolio":"MTP","estado":"NLE","municipio":"General Zuazua"}},{"type":"Feature","geometry":{"type":"Point","coordinates":[-100.112976,25.602953]},"properties":{"id":"MX-NLE-5292","nombre":"Arboledas De San Roque","portfolio":"MTP","estado":"NLE","municipio":"Juárez"}},{"type":"Feature","geometry":{"type":"Point","coordinates":[-100.17158333,25.96783333]},"properties":{"id":"MX-NLE-5293","nombre":"Conchita Cienega","portfolio":"MTP","estado":"NLE","municipio":"Ciénega de Flores"}},{"type":"Feature","geometry":{"type":"Point","coordinates":[-100.23873056,25.82077778]},"properties":{"id":"MX-NLE-5294","nombre":"Cosmopolis","portfolio":"MTP","estado":"NLE","municipio":"Ciudad Apodaca"}},{"type":"Feature","geometry":{"type":"Point","coordinates":[-100.1334,25.75464]},"properties":{"id":"MX-NLE-5295","nombre":"Las Flores Aeropuerto","portfolio":"MTP","estado":"NLE","municipio":"Ciudad Apodaca"}},{"type":"Feature","geometry":{"type":"Point","coordinates":[-100.198748,25.776335]},"properties":{"id":"MX-NLE-5296","nombre":"Molinos","portfolio":"MTP","estado":"NLE","municipio":"Ciudad Apodaca"}},{"type":"Feature","geometry":{"type":"Point","coordinates":[-100.40260833,25.80765556]},"properties":{"id":"MX-NLE-5297","nombre":"Pedreras","portfolio":"MTP","estado":"NLE","municipio":"General Escobedo"}},{"type":"Feature","geometry":{"type":"Point","coordinates":[-100.49512778,25.69543889]},"properties":{"id":"MX-NLE-5299","nombre":"Residencial Santa Catarina","portfolio":"MTP","estado":"NLE","municipio":"Santa Catarina"}},{"type":"Feature","geometry":{"type":"Point","coordinates":[-100.556653,25.804728]},"properties":{"id":"MX-NLE-5300","nombre":"Vista A Las Grutas","portfolio":"MTP","estado":"NLE","municipio":"Villa de García"}},{"type":"Feature","geometry":{"type":"Point","coordinates":[-99.71371111,25.72326944]},"properties":{"id":"MX-NLE-5304","nombre":"Papagayos","portfolio":"CAPSA","estado":"NLE","municipio":"Los Ramones"}},{"type":"Feature","geometry":{"type":"Point","coordinates":[-100.245094,25.694828]},"properties":{"id":"MX-NLE-5338","nombre":"Linda Vista","portfolio":"MTP","estado":"NLE","municipio":"Monterrey"}},{"type":"Feature","geometry":{"type":"Point","coordinates":[-100.2900778,25.66172222]},"properties":{"id":"MX-NLE-5585","nombre":"Florida IIR V2","portfolio":"CAPSA","estado":"NLE","municipio":"Monterrey"}},{"type":"Feature","geometry":{"type":"Point","coordinates":[-100.368919,25.852277]},"properties":{"id":"MX-NLE-5586","nombre":"Vista Regia","portfolio":"MTP","estado":"NLE","municipio":"Carmen"}},{"type":"Feature","geometry":{"type":"Point","coordinates":[-100.366343,25.754722]},"properties":{"id":"MX-NLE-5588","nombre":"Aztlan II","portfolio":"MTP","estado":"NLE","municipio":"Monterrey"}},{"type":"Feature","geometry":{"type":"Point","coordinates":[-100.195614,25.943358]},"properties":{"id":"MX-NLE-5593","nombre":"Larmex","portfolio":"MTP","estado":"NLE","municipio":"Ciénega De Flores"}},{"type":"Feature","geometry":{"type":"Point","coordinates":[-100.379356,25.838017]},"properties":{"id":"MX-NLE-5594","nombre":"Agropecuario","portfolio":"MTP","estado":"NLE","municipio":"General Escobedo"}},{"type":"Feature","geometry":{"type":"Point","coordinates":[-100.142264,25.856297]},"properties":{"id":"MX-NLE-5595","nombre":"Artemio Treviño 2","portfolio":"MTP","estado":"NLE","municipio":"General Zuazua"}},{"type":"Feature","geometry":{"type":"Point","coordinates":[-100.1145,25.69121]},"properties":{"id":"MX-NLE-5596","nombre":"Ayancual","portfolio":"MTP","estado":"NLE","municipio":"Juárez"}},{"type":"Feature","geometry":{"type":"Point","coordinates":[-100.372922,25.720257]},"properties":{"id":"MX-NLE-5597","nombre":"Cedros","portfolio":"CAPSA","estado":"NLE","municipio":"Monterrey"}},{"type":"Feature","geometry":{"type":"Point","coordinates":[-100.327569,25.704728]},"properties":{"id":"MX-NLE-5598","nombre":"Ruiz Cortines","portfolio":"MTP","estado":"NLE","municipio":"Monterrey"}},{"type":"Feature","geometry":{"type":"Point","coordinates":[-100.339278,25.714584]},"properties":{"id":"MX-NLE-5599","nombre":"Cydsa","portfolio":"MTP","estado":"NLE","municipio":"Monterrey"}},{"type":"Feature","geometry":{"type":"Point","coordinates":[-100.475603,25.789594]},"properties":{"id":"MX-NLE-5600","nombre":"Los Parques","portfolio":"MTP","estado":"NLE","municipio":"Villa de García"}},{"type":"Feature","geometry":{"type":"Point","coordinates":[-100.2989694,25.6168306]},"properties":{"id":"MX-NLE-5601","nombre":"Lazio","portfolio":"MTP","estado":"NLE","municipio":"MONTERREY"}},{"type":"Feature","geometry":{"type":"Point","coordinates":[-100.4316958,25.7644281]},"properties":{"id":"MX-NLE-5602","nombre":"Bosques De Las Lomas","portfolio":"MTP","estado":"NLE","municipio":"Villa de García"}},{"type":"Feature","geometry":{"type":"Point","coordinates":[-100.369195,25.767437]},"properties":{"id":"MX-NLE-5606","nombre":"Apolo","portfolio":"MTP","estado":"NLE","municipio":"TBD"}},{"type":"Feature","geometry":{"type":"Point","coordinates":[-100.23346389,25.72824167]},"properties":{"id":"MX-NLE-5607","nombre":"Palermo","portfolio":"MTP","estado":"NLE","municipio":"TBD"}},{"type":"Feature","geometry":{"type":"Point","coordinates":[-100.286971,25.758088]},"properties":{"id":"MX-NLE-5610","nombre":"Centro San Nicolas","portfolio":"MTP","estado":"NLE","municipio":"Nuevo León"}},{"type":"Feature","geometry":{"type":"Point","coordinates":[-100.28805556,25.68072222]},"properties":{"id":"MX-NLE-9000","nombre":"Arena Monterrey","portfolio":"CAPSA","estado":"NLE","municipio":"Monterrey"}},{"type":"Feature","geometry":{"type":"Point","coordinates":[-96.702917,17.086308]},"properties":{"id":"MX-OAX-0006","nombre":"Naranjos","portfolio":"MTP","estado":"OAX","municipio":"Oaxaca"}},{"type":"Feature","geometry":{"type":"Point","coordinates":[-96.739513,17.0730289]},"properties":{"id":"MX-OAX-0007","nombre":"Union","portfolio":"MTP","estado":"OAX","municipio":"Oaxaca"}},{"type":"Feature","geometry":{"type":"Point","coordinates":[-96.72921,17.02762]},"properties":{"id":"MX-OAX-0008","nombre":"Xoxocotlan (BSC)","portfolio":"MTP","estado":"OAX","municipio":"Santa Cruz Xoxocotlan"}},{"type":"Feature","geometry":{"type":"Point","coordinates":[-95.1947222,16.1780555]},"properties":{"id":"MX-OAX-0010","nombre":"Centro","portfolio":"MTP","estado":"OAX","municipio":"Salina Cruz"}},{"type":"Feature","geometry":{"type":"Point","coordinates":[-96.468975,15.7410028]},"properties":{"id":"MX-OAX-0011","nombre":"Pochutla","portfolio":"MTP","estado":"OAX","municipio":"San Pedro Pochutla"}},{"type":"Feature","geometry":{"type":"Point","coordinates":[-96.144083,18.1083329]},"properties":{"id":"MX-OAX-0013","nombre":"Residencial Del Sur","portfolio":"MTP","estado":"OAX","municipio":"Tuxtepec"}},{"type":"Feature","geometry":{"type":"Point","coordinates":[-96.1360573,18.0696344]},"properties":{"id":"MX-OAX-0014","nombre":"Cerveceria Del Tropico","portfolio":"MTP","estado":"OAX","municipio":"Tuxtepec"}},{"type":"Feature","geometry":{"type":"Point","coordinates":[-96.7146111,17.0624361]},"properties":{"id":"MX-OAX-0016","nombre":"Panteon San Miguel","portfolio":"MTP","estado":"OAX","municipio":"Oaxaca"}},{"type":"Feature","geometry":{"type":"Point","coordinates":[-97.7758,17.80792]},"properties":{"id":"MX-OAX-0017","nombre":"Copel Huajuapan","portfolio":"MTP","estado":"OAX","municipio":"Huajuapan de León"}},{"type":"Feature","geometry":{"type":"Point","coordinates":[-98.01913,17.89742]},"properties":{"id":"MX-OAX-0019","nombre":"Valerio","portfolio":"MTP","estado":"OAX","municipio":"San Miguel Amatitlan"}},{"type":"Feature","geometry":{"type":"Point","coordinates":[-96.7962,17.98559]},"properties":{"id":"MX-OAX-0020","nombre":"Zacatal","portfolio":"MTP","estado":"OAX","municipio":"Santa Ana Cuauhtémoc"}},{"type":"Feature","geometry":{"type":"Point","coordinates":[-96.138102,17.4032327]},"properties":{"id":"MX-OAX-0021","nombre":"Tagui","portfolio":"MTP","estado":"OAX","municipio":"San Idelfonso Villa Alta"}},{"type":"Feature","geometry":{"type":"Point","coordinates":[-96.6817278,17.0659194]},"properties":{"id":"MX-OAX-0023","nombre":"Carretera Internacional","portfolio":"MTP","estado":"OAX","municipio":"Oaxaca"}},{"type":"Feature","geometry":{"type":"Point","coordinates":[-96.51256,15.84418]},"properties":{"id":"MX-OAX-0027","nombre":"Azulillo","portfolio":"MTP","estado":"OAX","municipio":"Oaxaca"}},{"type":"Feature","geometry":{"type":"Point","coordinates":[-96.818889,16.550833]},"properties":{"id":"MX-OAX-0028","nombre":"Amatengo","portfolio":"MTP","estado":"OAX","municipio":"Ejutla de Crespo"}},{"type":"Feature","geometry":{"type":"Point","coordinates":[-96.310861,16.149333]},"properties":{"id":"MX-OAX-0032","nombre":"Ozolotepec","portfolio":"MTP","estado":"OAX","municipio":"Oaxaca"}},{"type":"Feature","geometry":{"type":"Point","coordinates":[-96.649255,15.746047]},"properties":{"id":"MX-OAX-0034","nombre":"Popoyote","portfolio":"MTP","estado":"OAX","municipio":"Oaxaca"}},{"type":"Feature","geometry":{"type":"Point","coordinates":[-96.715244,15.73044]},"properties":{"id":"MX-OAX-0038","nombre":"Coyote","portfolio":"MTP","estado":"OAX","municipio":"Oaxaca"}},{"type":"Feature","geometry":{"type":"Point","coordinates":[-96.54647,16.54485]},"properties":{"id":"MX-OAX-0041","nombre":"Antigual","portfolio":"MTP","estado":"OAX","municipio":"Oaxaca"}},{"type":"Feature","geometry":{"type":"Point","coordinates":[-96.33955,16.39816]},"properties":{"id":"MX-OAX-0042","nombre":"Mijangos","portfolio":"MTP","estado":"OAX","municipio":"Oaxaca"}},{"type":"Feature","geometry":{"type":"Point","coordinates":[-96.558169,16.105237]},"properties":{"id":"MX-OAX-0043","nombre":"Cuachepil","portfolio":"MTP","estado":"OAX","municipio":"Miahuatlán"}},{"type":"Feature","geometry":{"type":"Point","coordinates":[-96.562423,16.899342]},"properties":{"id":"MX-OAX-0044","nombre":"Teitipac","portfolio":"MTP","estado":"OAX","municipio":"Oaxaca"}},{"type":"Feature","geometry":{"type":"Point","coordinates":[-96.905315,17.303628]},"properties":{"id":"MX-OAX-0045","nombre":"Rocamar","portfolio":"MTP","estado":"OAX","municipio":"Oaxaca"}},{"type":"Feature","geometry":{"type":"Point","coordinates":[-97.689888,17.909936]},"properties":{"id":"MX-OAX-0048","nombre":"Camotlan","portfolio":"MTP","estado":"OAX","municipio":"Oaxaca"}},{"type":"Feature","geometry":{"type":"Point","coordinates":[-97.000417,17.077889]},"properties":{"id":"MX-OAX-0057","nombre":"Peñoles","portfolio":"MTP","estado":"OAX","municipio":"Oaxaca"}},{"type":"Feature","geometry":{"type":"Point","coordinates":[-96.49081,16.00021]},"properties":{"id":"MX-OAX-0066","nombre":"Malvarisco","portfolio":"MTP","estado":"OAX","municipio":"Oaxaca"}},{"type":"Feature","geometry":{"type":"Point","coordinates":[-96.84583,16.61453]},"properties":{"id":"MX-OAX-0070","nombre":"Platanal","portfolio":"MTP","estado":"OAX","municipio":"Oaxaca"}},{"type":"Feature","geometry":{"type":"Point","coordinates":[-94.757965,16.317568]},"properties":{"id":"MX-OAX-0072","nombre":"Mares","portfolio":"MTP","estado":"OAX","municipio":"Oaxaca"}},{"type":"Feature","geometry":{"type":"Point","coordinates":[-94.63307,16.23552]},"properties":{"id":"MX-OAX-0075","nombre":"Chapingo","portfolio":"MTP","estado":"OAX","municipio":"Oaxaca"}},{"type":"Feature","geometry":{"type":"Point","coordinates":[-95.174663,16.25526]},"properties":{"id":"MX-OAX-0078","nombre":"Tehuantepec","portfolio":"MTP","estado":"OAX","municipio":"Oaxaca"}},{"type":"Feature","geometry":{"type":"Point","coordinates":[-96.745783,17.091411]},"properties":{"id":"MX-OAX-0092","nombre":"Santa Amalia","portfolio":"MTP","estado":"OAX","municipio":"Oaxaca de Juárez"}},{"type":"Feature","geometry":{"type":"Point","coordinates":[-96.75428333,17.06491389]},"properties":{"id":"MX-OAX-0093","nombre":"Montoya","portfolio":"MTP","estado":"OAX","municipio":"Oaxaca de Juárez"}},{"type":"Feature","geometry":{"type":"Point","coordinates":[-96.535399,16.354028]},"properties":{"id":"MX-OAX-0094","nombre":"Xitlapehua","portfolio":"MTP","estado":"OAX","municipio":"Xitlapehua"}},{"type":"Feature","geometry":{"type":"Point","coordinates":[-96.659668,18.350078]},"properties":{"id":"MX-OAX-0095","nombre":"Playa Lecuona","portfolio":"MTP","estado":"OAX","municipio":"Oaxaca"}},{"type":"Feature","geometry":{"type":"Point","coordinates":[-96.104092,16.498038]},"properties":{"id":"MX-OAX-0096","nombre":"San Carlos Yautepec","portfolio":"MTP","estado":"OAX","municipio":"Oaxaca"}},{"type":"Feature","geometry":{"type":"Point","coordinates":[-95.871554,16.284998]},"properties":{"id":"MX-OAX-0097","nombre":"Santa Maria Ecatepec","portfolio":"MTP","estado":"OAX","municipio":"Oaxaca"}},{"type":"Feature","geometry":{"type":"Point","coordinates":[-97.9807,16.8506]},"properties":{"id":"MX-OAX-0099","nombre":"Aquiles Serdán","portfolio":"MTP","estado":"OAX","municipio":"Oaxaca"}},{"type":"Feature","geometry":{"type":"Point","coordinates":[-95.9636,17.9014]},"properties":{"id":"MX-OAX-0100","nombre":"Arroyo Limón","portfolio":"MTP","estado":"OAX","municipio":"Oaxaca"}},{"type":"Feature","geometry":{"type":"Point","coordinates":[-95.0535,17.0585]},"properties":{"id":"MX-OAX-0101","nombre":"Buenavista","portfolio":"MTP","estado":"OAX","municipio":"Oaxaca"}},{"type":"Feature","geometry":{"type":"Point","coordinates":[-97.885589,16.757497]},"properties":{"id":"MX-OAX-0102","nombre":"Cabeza del Rio","portfolio":"MTP","estado":"OAX","municipio":"Oaxaca"}},{"type":"Feature","geometry":{"type":"Point","coordinates":[-94.7095144,16.5253806]},"properties":{"id":"MX-OAX-0103","nombre":"Cazadero Abajo","portfolio":"MTP","estado":"OAX","municipio":"Oaxaca"}},{"type":"Feature","geometry":{"type":"Point","coordinates":[-94.5184981,16.2850352]},"properties":{"id":"MX-OAX-0104","nombre":"Cerro Chico","portfolio":"MTP","estado":"OAX","municipio":"Oaxaca"}},{"type":"Feature","geometry":{"type":"Point","coordinates":[-94.99171,16.7852]},"properties":{"id":"MX-OAX-0105","nombre":"Cuajinicuil","portfolio":"MTP","estado":"OAX","municipio":"Oaxaca"}},{"type":"Feature","geometry":{"type":"Point","coordinates":[-95.9843449,16.9526616]},"properties":{"id":"MX-OAX-0106","nombre":"Culebron","portfolio":"MTP","estado":"OAX","municipio":"Oaxaca"}},{"type":"Feature","geometry":{"type":"Point","coordinates":[-96.0530619,17.0051817]},"properties":{"id":"MX-OAX-0107","nombre":"El Crucero","portfolio":"MTP","estado":"OAX","municipio":"Oaxaca"}},{"type":"Feature","geometry":{"type":"Point","coordinates":[-94.508641,16.468069]},"properties":{"id":"MX-OAX-0108","nombre":"El Sauce","portfolio":"MTP","estado":"OAX","municipio":"Oaxaca"}},{"type":"Feature","geometry":{"type":"Point","coordinates":[-97.7232,16.1582]},"properties":{"id":"MX-OAX-0109","nombre":"Faisán","portfolio":"MTP","estado":"OAX","municipio":"Oaxaca"}},{"type":"Feature","geometry":{"type":"Point","coordinates":[-95.45625,17.47268]},"properties":{"id":"MX-OAX-0110","nombre":"General Francisco Villa","portfolio":"MTP","estado":"OAX","municipio":"Oaxaca"}},{"type":"Feature","geometry":{"type":"Point","coordinates":[-94.26022,16.442]},"properties":{"id":"MX-OAX-0111","nombre":"General Pascual Fuentes","portfolio":"MTP","estado":"OAX","municipio":"Oaxaca"}},{"type":"Feature","geometry":{"type":"Point","coordinates":[-97.1141588,18.0984373]},"properties":{"id":"MX-OAX-0112","nombre":"Ignacio Mejia","portfolio":"MTP","estado":"OAX","municipio":"Oaxaca"}},{"type":"Feature","geometry":{"type":"Point","coordinates":[-95.05168,17.31827]},"properties":{"id":"MX-OAX-0113","nombre":"La Cumbre","portfolio":"MTP","estado":"OAX","municipio":"Oaxaca"}},{"type":"Feature","geometry":{"type":"Point","coordinates":[-96.099,18.0038]},"properties":{"id":"MX-OAX-0114","nombre":"La Mina","portfolio":"MTP","estado":"OAX","municipio":"Oaxaca"}},{"type":"Feature","geometry":{"type":"Point","coordinates":[-96.8320219,17.951658]},"properties":{"id":"MX-OAX-0115","nombre":"La Orilla","portfolio":"MTP","estado":"OAX","municipio":"Oaxaca"}},{"type":"Feature","geometry":{"type":"Point","coordinates":[-95.61233,15.97717]},"properties":{"id":"MX-OAX-0116","nombre":"La Tortolita","portfolio":"MTP","estado":"OAX","municipio":"Oaxaca"}},{"type":"Feature","geometry":{"type":"Point","coordinates":[-95.6367,17.5472]},"properties":{"id":"MX-OAX-0117","nombre":"Lalana Choapam","portfolio":"MTP","estado":"OAX","municipio":"Oaxaca"}},{"type":"Feature","geometry":{"type":"Point","coordinates":[-95.5357031,16.7158688]},"properties":{"id":"MX-OAX-0118","nombre":"Las Cuevas","portfolio":"MTP","estado":"OAX","municipio":"Oaxaca"}},{"type":"Feature","geometry":{"type":"Point","coordinates":[-94.5718601,16.4333225]},"properties":{"id":"MX-OAX-0119","nombre":"Las Palmas","portfolio":"MTP","estado":"OAX","municipio":"Oaxaca"}},{"type":"Feature","geometry":{"type":"Point","coordinates":[-96.8856,18.0343]},"properties":{"id":"MX-OAX-0120","nombre":"Llano Largo","portfolio":"MTP","estado":"OAX","municipio":"Oaxaca"}},{"type":"Feature","geometry":{"type":"Point","coordinates":[-97.7948,16.1821]},"properties":{"id":"MX-OAX-0121","nombre":"Patria Nueva","portfolio":"MTP","estado":"OAX","municipio":"Oaxaca"}},{"type":"Feature","geometry":{"type":"Point","coordinates":[-96.7509347,16.2704579]},"properties":{"id":"MX-OAX-0122","nombre":"Sabino del Rayo","portfolio":"MTP","estado":"OAX","municipio":"Oaxaca"}},{"type":"Feature","geometry":{"type":"Point","coordinates":[-95.2396,17.1953]},"properties":{"id":"MX-OAX-0123","nombre":"San Jerónimo Zoochina","portfolio":"MTP","estado":"OAX","municipio":"Oaxaca"}},{"type":"Feature","geometry":{"type":"Point","coordinates":[-96.5247,15.8976]},"properties":{"id":"MX-OAX-0124","nombre":"San Mateo","portfolio":"MTP","estado":"OAX","municipio":"Oaxaca"}},{"type":"Feature","geometry":{"type":"Point","coordinates":[-97.3485473,17.0012743]},"properties":{"id":"MX-OAX-0125","nombre":"San Mateo Sindihui","portfolio":"MTP","estado":"OAX","municipio":"Oaxaca"}},{"type":"Feature","geometry":{"type":"Point","coordinates":[-97.9083,16.9213]},"properties":{"id":"MX-OAX-0126","nombre":"San Miguel Reyes","portfolio":"MTP","estado":"OAX","municipio":"Oaxaca"}},{"type":"Feature","geometry":{"type":"Point","coordinates":[-98.1432,16.5432]},"properties":{"id":"MX-OAX-0127","nombre":"San Sebastián Ixcapa","portfolio":"MTP","estado":"OAX","municipio":"Oaxaca"}},{"type":"Feature","geometry":{"type":"Point","coordinates":[-95.407406,16.012646]},"properties":{"id":"MX-OAX-0128","nombre":"Santa Cruz Bamba","portfolio":"MTP","estado":"OAX","municipio":"Oaxaca"}},{"type":"Feature","geometry":{"type":"Point","coordinates":[-97.0219939,17.9574235]},"properties":{"id":"MX-OAX-0129","nombre":"Santa Maria Tecomavaca","portfolio":"MTP","estado":"OAX","municipio":"Oaxaca"}},{"type":"Feature","geometry":{"type":"Point","coordinates":[-96.9182197,17.5031443]},"properties":{"id":"MX-OAX-0130","nombre":"Santiago Nacaltepec","portfolio":"MTP","estado":"OAX","municipio":"Oaxaca"}},{"type":"Feature","geometry":{"type":"Point","coordinates":[-96.988675,17.270061]},"properties":{"id":"MX-OAX-0131","nombre":"Santiago Tenango Sur (El Correo)","portfolio":"MTP","estado":"OAX","municipio":"Oaxaca"}},{"type":"Feature","geometry":{"type":"Point","coordinates":[-96.6091992,17.3543782]},"properties":{"id":"MX-OAX-0132","nombre":"Teococuilco","portfolio":"MTP","estado":"OAX","municipio":"Oaxaca"}},{"type":"Feature","geometry":{"type":"Point","coordinates":[-95.28865,17.28868]},"properties":{"id":"MX-OAX-0133","nombre":"Villa Nueva","portfolio":"MTP","estado":"OAX","municipio":"Oaxaca"}},{"type":"Feature","geometry":{"type":"Point","coordinates":[-96.7895438,16.4608178]},"properties":{"id":"MX-OAX-0134","nombre":"Yogana","portfolio":"MTP","estado":"OAX","municipio":"Oaxaca"}},{"type":"Feature","geometry":{"type":"Point","coordinates":[-97.49812,17.74142]},"properties":{"id":"MX-OAX-0135","nombre":"San Antonio Acutla","portfolio":"MTP","estado":"OAX","municipio":"Oaxaca"}},{"type":"Feature","geometry":{"type":"Point","coordinates":[-97.65687,17.971875]},"properties":{"id":"MX-OAX-0136","nombre":"San Juan Bautista Suchitepec","portfolio":"MTP","estado":"OAX","municipio":"Oaxaca"}},{"type":"Feature","geometry":{"type":"Point","coordinates":[-97.49697,17.41022]},"properties":{"id":"MX-OAX-0137","nombre":"Santa María Nduayaco","portfolio":"MTP","estado":"OAX","municipio":"Oaxaca"}},{"type":"Feature","geometry":{"type":"Point","coordinates":[-97.5425,17.804722]},"properties":{"id":"MX-OAX-0138","nombre":"San Pedro Nopala","portfolio":"MTP","estado":"OAX","municipio":"Oaxaca"}},{"type":"Feature","geometry":{"type":"Point","coordinates":[-97.47555,17.808333]},"properties":{"id":"MX-OAX-0139","nombre":"Santa Magdalena Jicotlán","portfolio":"MTP","estado":"OAX","municipio":"Oaxaca"}},{"type":"Feature","geometry":{"type":"Point","coordinates":[-97.50175,17.85127]},"properties":{"id":"MX-OAX-0140","nombre":"San Francisco Teopan","portfolio":"MTP","estado":"OAX","municipio":"Oaxaca"}},{"type":"Feature","geometry":{"type":"Point","coordinates":[-95.4121,16.84532]},"properties":{"id":"MX-OAX-0141","nombre":"Progreso","portfolio":"MTP","estado":"OAX","municipio":"Oaxaca"}},{"type":"Feature","geometry":{"type":"Point","coordinates":[-97.61,17.391389]},"properties":{"id":"MX-OAX-0142","nombre":"San Martín Huamelúlpam","portfolio":"MTP","estado":"OAX","municipio":"Oaxaca"}},{"type":"Feature","geometry":{"type":"Point","coordinates":[-97.43297,17.8104]},"properties":{"id":"MX-OAX-0143","nombre":"San Mateo Tlapiltepec","portfolio":"MTP","estado":"OAX","municipio":"Oaxaca"}},{"type":"Feature","geometry":{"type":"Point","coordinates":[-97.60717,18.06554]},"properties":{"id":"MX-OAX-0144","nombre":"Santa Catarina Zapoquila","portfolio":"MTP","estado":"OAX","municipio":"Oaxaca"}},{"type":"Feature","geometry":{"type":"Point","coordinates":[-95.94044,17.78703]},"properties":{"id":"MX-OAX-0145","nombre":"Plan de San Luis","portfolio":"MTP","estado":"OAX","municipio":"Oaxaca"}},{"type":"Feature","geometry":{"type":"Point","coordinates":[-94.12913,17.09619]},"properties":{"id":"MX-OAX-0146","nombre":"San Francisco la Paz","portfolio":"MTP","estado":"OAX","municipio":"Oaxaca"}},{"type":"Feature","geometry":{"type":"Point","coordinates":[-96.18221,16.3476]},"properties":{"id":"MX-OAX-0147","nombre":"Santo Tomás Quierí","portfolio":"MTP","estado":"OAX","municipio":"Oaxaca"}},{"type":"Feature","geometry":{"type":"Point","coordinates":[-97.543889,16.543056]},"properties":{"id":"MX-OAX-0148","nombre":"La Soledad Cofradía","portfolio":"MTP","estado":"OAX","municipio":"Oaxaca"}},{"type":"Feature","geometry":{"type":"Point","coordinates":[-96.865,17.1775]},"properties":{"id":"MX-OAX-0149","nombre":"Santo Tomas Mazaltepec","portfolio":"MTP","estado":"OAX","municipio":"Oaxaca"}},{"type":"Feature","geometry":{"type":"Point","coordinates":[-97.09253,17.41267]},"properties":{"id":"MX-OAX-0150","nombre":"San Mateo Sosola","portfolio":"MTP","estado":"OAX","municipio":"Oaxaca"}},{"type":"Feature","geometry":{"type":"Point","coordinates":[-97.313306,17.582083]},"properties":{"id":"MX-OAX-0151","nombre":"San Bartolo Soyaltepec","portfolio":"MTP","estado":"OAX","municipio":"Oaxaca"}},{"type":"Feature","geometry":{"type":"Point","coordinates":[-96.59195,17.260941]},"properties":{"id":"MX-OAX-0152","nombre":"Santa Catarina Ixtepeji","portfolio":"MTP","estado":"OAX","municipio":"Oaxaca"}},{"type":"Feature","geometry":{"type":"Point","coordinates":[-97.0083,17.32712]},"properties":{"id":"MX-OAX-0153","nombre":"Santiago Tenango Norte","portfolio":"MTP","estado":"OAX","municipio":"Oaxaca"}},{"type":"Feature","geometry":{"type":"Point","coordinates":[-96.524861,17.365389]},"properties":{"id":"MX-OAX-0154","nombre":"Santa Maria Jaltianguis","portfolio":"MTP","estado":"OAX","municipio":"Oaxaca"}},{"type":"Feature","geometry":{"type":"Point","coordinates":[-96.955406,16.632786]},"properties":{"id":"MX-OAX-0155","nombre":"La Compañía","portfolio":"MTP","estado":"OAX","municipio":"Oaxaca"}},{"type":"Feature","geometry":{"type":"Point","coordinates":[-97.69006,17.04361]},"properties":{"id":"MX-OAX-0156","nombre":"Lagunillas","portfolio":"MTP","estado":"OAX","municipio":"Oaxaca"}},{"type":"Feature","geometry":{"type":"Point","coordinates":[-96.871611,16.926464]},"properties":{"id":"MX-OAX-0157","nombre":"Barrio Matamoros","portfolio":"MTP","estado":"OAX","municipio":"Oaxaca"}},{"type":"Feature","geometry":{"type":"Point","coordinates":[-97.627126,16.683885]},"properties":{"id":"MX-OAX-0158","nombre":"Independencia","portfolio":"MTP","estado":"OAX","municipio":"Oaxaca"}},{"type":"Feature","geometry":{"type":"Point","coordinates":[-97.668508,16.30673]},"properties":{"id":"MX-OAX-0159","nombre":"Santa Cruz Tihuixte","portfolio":"MTP","estado":"OAX","municipio":"Oaxaca"}},{"type":"Feature","geometry":{"type":"Point","coordinates":[-97.685722,16.886806]},"properties":{"id":"MX-OAX-0160","nombre":"Peña Blanca","portfolio":"MTP","estado":"OAX","municipio":"Oaxaca"}},{"type":"Feature","geometry":{"type":"Point","coordinates":[-97.790769,16.455391]},"properties":{"id":"MX-OAX-0161","nombre":"La Soledad","portfolio":"MTP","estado":"OAX","municipio":"Oaxaca"}},{"type":"Feature","geometry":{"type":"Point","coordinates":[-97.65859,16.56886]},"properties":{"id":"MX-OAX-0162","nombre":"Santiago Ixtayutla","portfolio":"MTP","estado":"OAX","municipio":"Oaxaca"}},{"type":"Feature","geometry":{"type":"Point","coordinates":[-97.88725,16.512544]},"properties":{"id":"MX-OAX-0163","nombre":"Nuevo Progreso","portfolio":"MTP","estado":"OAX","municipio":"Oaxaca"}},{"type":"Feature","geometry":{"type":"Point","coordinates":[-97.816511,16.666344]},"properties":{"id":"MX-OAX-0164","nombre":"La Nueva Esperanza","portfolio":"MTP","estado":"OAX","municipio":"Oaxaca"}},{"type":"Feature","geometry":{"type":"Point","coordinates":[-97.780175,16.807737]},"properties":{"id":"MX-OAX-0165","nombre":"Asuncion Atoyaquillo","portfolio":"MTP","estado":"OAX","municipio":"Oaxaca"}},{"type":"Feature","geometry":{"type":"Point","coordinates":[-97.15617,17.2283]},"properties":{"id":"MX-OAX-0166","nombre":"Santa Ines De Zaragoza","portfolio":"MTP","estado":"OAX","municipio":"Oaxaca"}},{"type":"Feature","geometry":{"type":"Point","coordinates":[-97.004171,16.587031]},"properties":{"id":"MX-OAX-0167","nombre":"Matagallinas","portfolio":"MTP","estado":"OAX","municipio":"Oaxaca"}},{"type":"Feature","geometry":{"type":"Point","coordinates":[-96.44313,16.81033]},"properties":{"id":"MX-OAX-0168","nombre":"Guila","portfolio":"MTP","estado":"OAX","municipio":"Oaxaca"}},{"type":"Feature","geometry":{"type":"Point","coordinates":[-96.889532,16.802923]},"properties":{"id":"MX-OAX-0169","nombre":"San Bernardo","portfolio":"MTP","estado":"OAX","municipio":"Oaxaca"}},{"type":"Feature","geometry":{"type":"Point","coordinates":[-95.84763,16.95616]},"properties":{"id":"MX-OAX-0170","nombre":"San Pedro Ocotepec","portfolio":"MTP","estado":"OAX","municipio":"Oaxaca"}},{"type":"Feature","geometry":{"type":"Point","coordinates":[-97.33789,16.6542]},"properties":{"id":"MX-OAX-0171","nombre":"Santa Maria Zaniza","portfolio":"MTP","estado":"OAX","municipio":"Oaxaca"}},{"type":"Feature","geometry":{"type":"Point","coordinates":[-97.13697,17.6473]},"properties":{"id":"MX-OAX-0172","nombre":"Santiago Apoala","portfolio":"MTP","estado":"OAX","municipio":"Oaxaca"}},{"type":"Feature","geometry":{"type":"Point","coordinates":[-97.5341,16.90956]},"properties":{"id":"MX-OAX-0173","nombre":"Santo Domingo Ixcatlan","portfolio":"MTP","estado":"OAX","municipio":"Oaxaca"}},{"type":"Feature","geometry":{"type":"Point","coordinates":[-97.68306,17.61754]},"properties":{"id":"MX-OAX-0174","nombre":"Santo Domingo Yodohino","portfolio":"MTP","estado":"OAX","municipio":"Oaxaca"}},{"type":"Feature","geometry":{"type":"Point","coordinates":[-97.34698,17.40845]},"properties":{"id":"MX-OAX-0175","nombre":"Santo Domingo Tlatayapam","portfolio":"MTP","estado":"OAX","municipio":"Oaxaca"}},{"type":"Feature","geometry":{"type":"Point","coordinates":[-96.926559,18.161518]},"properties":{"id":"MX-OAX-0176","nombre":"Santa Catarina","portfolio":"MTP","estado":"OAX","municipio":"Oaxaca"}},{"type":"Feature","geometry":{"type":"Point","coordinates":[-98.131524,17.300246]},"properties":{"id":"MX-OAX-0177","nombre":"Guadalupe Nundaco","portfolio":"MTP","estado":"OAX","municipio":"Oaxaca"}},{"type":"Feature","geometry":{"type":"Point","coordinates":[-98.28447,17.845985]},"properties":{"id":"MX-OAX-0180","nombre":"San-Juan-Cieneguilla","portfolio":"MTP","estado":"OAX","municipio":"Oaxaca"}},{"type":"Feature","geometry":{"type":"Point","coordinates":[-95.259994,17.540177]},"properties":{"id":"MX-OAX-0181","nombre":"Arroyo-Pena-Amarilla","portfolio":"MTP","estado":"OAX","municipio":"Oaxaca"}},{"type":"Feature","geometry":{"type":"Point","coordinates":[-96.734779,16.381277]},"properties":{"id":"MX-OAX-0182","nombre":"San-Simon","portfolio":"MTP","estado":"OAX","municipio":"Oaxaca"}},{"type":"Feature","geometry":{"type":"Point","coordinates":[-96.05423,16.276361]},"properties":{"id":"MX-OAX-0183","nombre":"Santa-Maria-Quiegola","portfolio":"MTP","estado":"OAX","municipio":"Oaxaca"}},{"type":"Feature","geometry":{"type":"Point","coordinates":[-96.5455,17.564833]},"properties":{"id":"MX-OAX-0184","nombre":"Comaltepec","portfolio":"MTP","estado":"OAX","municipio":"Comaltepec"}},{"type":"Feature","geometry":{"type":"Point","coordinates":[-98.061639,17.810167]},"properties":{"id":"MX-OAX-0185","nombre":"San Martín Zacatepec","portfolio":"MTP","estado":"OAX","municipio":"Oaxaca"}},{"type":"Feature","geometry":{"type":"Point","coordinates":[-96.224417,16.009861]},"properties":{"id":"MX-OAX-0186","nombre":"Xanica","portfolio":"MTP","estado":"OAX","municipio":"Oaxaca"}},{"type":"Feature","geometry":{"type":"Point","coordinates":[-96.882694,16.793917]},"properties":{"id":"MX-OAX-0187","nombre":"Santa Cruz Mixtepec","portfolio":"MTP","estado":"OAX","municipio":"Oaxaca"}},{"type":"Feature","geometry":{"type":"Point","coordinates":[-97.658347,16.877722]},"properties":{"id":"MX-OAX-0188","nombre":"Armadillo","portfolio":"MTP","estado":"OAX","municipio":"Santa Cruz Itundujia"}},{"type":"Feature","geometry":{"type":"Point","coordinates":[-96.459111,16.189278]},"properties":{"id":"MX-OAX-0190","nombre":"Hondo","portfolio":"MTP","estado":"OAX","municipio":"Oaxaca"}},{"type":"Feature","geometry":{"type":"Point","coordinates":[-96.745528,17.996806]},"properties":{"id":"MX-OAX-0191","nombre":"Chiquihuitlan","portfolio":"MTP","estado":"OAX","municipio":"Oaxaca"}},{"type":"Feature","geometry":{"type":"Point","coordinates":[-96.162057,18.085535]},"properties":{"id":"MX-OAX-0193","nombre":"Encino","portfolio":"MTP","estado":"OAX","municipio":"Oaxaca"}},{"type":"Feature","geometry":{"type":"Point","coordinates":[-97.98688,17.22047]},"properties":{"id":"MX-OAX-0194","nombre":"Agua Fria","portfolio":"MTP","estado":"OAX","municipio":"Oaxaca"}},{"type":"Feature","geometry":{"type":"Point","coordinates":[-98.0442,17.25749]},"properties":{"id":"MX-OAX-0195","nombre":"Banco Del Coyote","portfolio":"MTP","estado":"OAX","municipio":"Oaxaca"}},{"type":"Feature","geometry":{"type":"Point","coordinates":[-95.21512,16.963]},"properties":{"id":"MX-OAX-0196","nombre":"Barranca Grande","portfolio":"MTP","estado":"OAX","municipio":"Oaxaca"}},{"type":"Feature","geometry":{"type":"Point","coordinates":[-98.27148,17.26998]},"properties":{"id":"MX-OAX-0197","nombre":"Coicoyan De Las Flores","portfolio":"MTP","estado":"OAX","municipio":"Oaxaca"}},{"type":"Feature","geometry":{"type":"Point","coordinates":[-97.43258,17.4539]},"properties":{"id":"MX-OAX-0198","nombre":"San Vicente Ñuñu","portfolio":"MTP","estado":"OAX","municipio":"Oaxaca"}},{"type":"Feature","geometry":{"type":"Point","coordinates":[-97.75907,16.72852]},"properties":{"id":"MX-OAX-0199","nombre":"Santa Cruz Itundujia","portfolio":"MTP","estado":"OAX","municipio":"Oaxaca"}},{"type":"Feature","geometry":{"type":"Point","coordinates":[-97.787866,17.453852]},"properties":{"id":"MX-OAX-0200","nombre":"Sabinillo","portfolio":"MTP","estado":"OAX","municipio":"Oaxaca"}},{"type":"Feature","geometry":{"type":"Point","coordinates":[-97.83537,17.16307]},"properties":{"id":"MX-OAX-0201","nombre":"Progreso Chicahuaxtla","portfolio":"MTP","estado":"OAX","municipio":"Oaxaca"}},{"type":"Feature","geometry":{"type":"Point","coordinates":[-97.75476,16.9861]},"properties":{"id":"MX-OAX-0202","nombre":"Santiago Nuyoo","portfolio":"MTP","estado":"OAX","municipio":"Oaxaca"}},{"type":"Feature","geometry":{"type":"Point","coordinates":[-97.50053,16.64257]},"properties":{"id":"MX-OAX-0203","nombre":"Santiago Amoltepec","portfolio":"MTP","estado":"OAX","municipio":"Oaxaca"}},{"type":"Feature","geometry":{"type":"Point","coordinates":[-95.33888,17.23806]},"properties":{"id":"MX-OAX-0204","nombre":"Los Fresnos","portfolio":"MTP","estado":"OAX","municipio":"Oaxaca"}},{"type":"Feature","geometry":{"type":"Point","coordinates":[-95.69935,17.33451]},"properties":{"id":"MX-OAX-0205","nombre":"Santiago Yaveo","portfolio":"MTP","estado":"OAX","municipio":"Oaxaca"}},{"type":"Feature","geometry":{"type":"Point","coordinates":[-95.09463,16.74178]},"properties":{"id":"MX-OAX-0206","nombre":"Matias Romero","portfolio":"MTP","estado":"OAX","municipio":"Oaxaca"}},{"type":"Feature","geometry":{"type":"Point","coordinates":[-97.21637,16.41583]},"properties":{"id":"MX-OAX-0207","nombre":"Santiago Minas","portfolio":"MTP","estado":"OAX","municipio":"Oaxaca"}},{"type":"Feature","geometry":{"type":"Point","coordinates":[-97.17511,16.50877]},"properties":{"id":"MX-OAX-0208","nombre":"Manantial De Agua","portfolio":"MTP","estado":"OAX","municipio":"Oaxaca"}},{"type":"Feature","geometry":{"type":"Point","coordinates":[-98.14478,17.2266]},"properties":{"id":"MX-OAX-0209","nombre":"San Juan Pinas","portfolio":"MTP","estado":"OAX","municipio":"Oaxaca"}},{"type":"Feature","geometry":{"type":"Point","coordinates":[-97.86278,17.19104]},"properties":{"id":"MX-OAX-0210","nombre":"San Isidro De Morelos","portfolio":"MTP","estado":"OAX","municipio":"Oaxaca"}},{"type":"Feature","geometry":{"type":"Point","coordinates":[-95.3581,16.78821]},"properties":{"id":"MX-OAX-0211","nombre":"Arroyo Ceniza","portfolio":"MTP","estado":"OAX","municipio":"Oaxaca"}},{"type":"Feature","geometry":{"type":"Point","coordinates":[-97.966673,16.538291]},"properties":{"id":"MX-OAX-0212","nombre":"Zapote Blanco","portfolio":"MTP","estado":"OAX","municipio":"Oaxaca"}},{"type":"Feature","geometry":{"type":"Point","coordinates":[-97.28194,16.37323]},"properties":{"id":"MX-OAX-0213","nombre":"San Jose Ixtapan","portfolio":"MTP","estado":"OAX","municipio":"Oaxaca"}},{"type":"Feature","geometry":{"type":"Point","coordinates":[-97.293,17.0265]},"properties":{"id":"MX-OAX-0214","nombre":"San Pedro","portfolio":"MTP","estado":"OAX","municipio":"Oaxaca"}},{"type":"Feature","geometry":{"type":"Point","coordinates":[-97.3063,16.8932]},"properties":{"id":"MX-OAX-0215","nombre":"San Francisco","portfolio":"MTP","estado":"OAX","municipio":"Oaxaca"}},{"type":"Feature","geometry":{"type":"Point","coordinates":[-94.194655,16.289411]},"properties":{"id":"MX-OAX-0219","nombre":"Chahuites","portfolio":"MTP","estado":"OAX","municipio":"Oaxaca"}},{"type":"Feature","geometry":{"type":"Point","coordinates":[-94.19267222,16.3712444]},"properties":{"id":"MX-OAX-0220","nombre":"San Pedro Tapanatepec","portfolio":"MTP","estado":"OAX","municipio":"Oaxaca"}},{"type":"Feature","geometry":{"type":"Point","coordinates":[-97.81986,16.28329]},"properties":{"id":"MX-OAX-0221","nombre":"Santiago Jamiltepec","portfolio":"MTP","estado":"OAX","municipio":"Oaxaca"}},{"type":"Feature","geometry":{"type":"Point","coordinates":[-94.614966,16.56235]},"properties":{"id":"MX-OAX-0222","nombre":"Santiago Niltepec","portfolio":"MTP","estado":"OAX","municipio":"Oaxaca"}},{"type":"Feature","geometry":{"type":"Point","coordinates":[-94.769036,16.57785]},"properties":{"id":"MX-OAX-0223","nombre":"Santo Domingo Ingenio","portfolio":"MTP","estado":"OAX","municipio":"Oaxaca"}},{"type":"Feature","geometry":{"type":"Point","coordinates":[-95.14161111,16.8226111]},"properties":{"id":"MX-OAX-0224","nombre":"Santo Domingo Petapa","portfolio":"MTP","estado":"OAX","municipio":"Oaxaca"}},{"type":"Feature","geometry":{"type":"Point","coordinates":[-94.608499,16.5270667]},"properties":{"id":"MX-OAX-0225","nombre":"Santo Domingo Repetidor","portfolio":"MTP","estado":"OAX","municipio":"Oaxaca"}},{"type":"Feature","geometry":{"type":"Point","coordinates":[-96.71441667,17.04311111]},"properties":{"id":"MX-OAX-5002","nombre":"Simbolos Patrios","portfolio":"CAPSA","estado":"OAX","municipio":"Oaxaca"}},{"type":"Feature","geometry":{"type":"Point","coordinates":[-96.72153056,17.00348611]},"properties":{"id":"MX-OAX-5003","nombre":"MC Turbinas","portfolio":"CAPSA","estado":"OAX","municipio":"Santa Cruz Xoxocotlán"}},{"type":"Feature","geometry":{"type":"Point","coordinates":[-96.72413889,17.06544444]},"properties":{"id":"MX-OAX-5004","nombre":"Andador Santo Domingo","portfolio":"CAPSA","estado":"OAX","municipio":"Oaxaca"}},{"type":"Feature","geometry":{"type":"Point","coordinates":[-96.72866667,17.071]},"properties":{"id":"MX-OAX-5006","nombre":"Oaxaca","portfolio":"CAPSA","estado":"OAX","municipio":"Oaxaca"}},{"type":"Feature","geometry":{"type":"Point","coordinates":[-96.67956667,16.74043333]},"properties":{"id":"MX-OAX-5009","nombre":"Santa Lucia Ocotlan","portfolio":"CAPSA","estado":"OAX","municipio":"Santa Lucía Ocotlán"}},{"type":"Feature","geometry":{"type":"Point","coordinates":[-96.70963889,17.03977778]},"properties":{"id":"MX-OAX-5014","nombre":"Fiesta","portfolio":"CAPSA","estado":"OAX","municipio":"Oaxaca"}},{"type":"Feature","geometry":{"type":"Point","coordinates":[-97.063614,15.864772]},"properties":{"id":"MX-OAX-5015","nombre":"Lomas Del Puerto","portfolio":"MTP","estado":"OAX","municipio":"Puerto Escondido"}},{"type":"Feature","geometry":{"type":"Point","coordinates":[-96.71018611,17.05397222]},"properties":{"id":"MX-OAX-5016","nombre":"Prol De La Noria","portfolio":"MTP","estado":"OAX","municipio":"Oaxaca de Juárez"}},{"type":"Feature","geometry":{"type":"Point","coordinates":[-96.65325,17.174]},"properties":{"id":"MX-OAX-5045","nombre":"Corral De Piedras","portfolio":"MTP","estado":"OAX","municipio":"Santa Catarina Ixtepeji"}},{"type":"Feature","geometry":{"type":"Point","coordinates":[-96.49969444,17.56827778]},"properties":{"id":"MX-OAX-5046","nombre":"Humo Chico","portfolio":"MTP","estado":"OAX","municipio":"Santiago Comaltepec"}},{"type":"Feature","geometry":{"type":"Point","coordinates":[-96.73686111,17.04825]},"properties":{"id":"MX-OAX-5047","nombre":"San Juan","portfolio":"MTP","estado":"OAX","municipio":"Oaxaca"}},{"type":"Feature","geometry":{"type":"Point","coordinates":[-96.09748056,15.76233611]},"properties":{"id":"MX-OAX-5048","nombre":"Las Brisas Huatulco","portfolio":"CAPSA","estado":"OAX","municipio":"Santa María Huatulco"}},{"type":"Feature","geometry":{"type":"Point","coordinates":[-96.59641,16.32926]},"properties":{"id":"MX-OAX-5049","nombre":"Bodega Miahuatlán","portfolio":"MTP","estado":"OAX","municipio":"Oaxaca"}},{"type":"Feature","geometry":{"type":"Point","coordinates":[-96.73442778,17.05658889]},"properties":{"id":"MX-OAX-5050","nombre":"Central De Abastos 2","portfolio":"MTP","estado":"OAX","municipio":"Oaxaca de Juárez"}},{"type":"Feature","geometry":{"type":"Point","coordinates":[-96.0970583,15.7739972]},"properties":{"id":"MX-OAX-5051","nombre":"Camino Real Huatulco","portfolio":"MTP","estado":"OAX","municipio":"Tangolunda"}},{"type":"Feature","geometry":{"type":"Point","coordinates":[-96.75555,16.999228]},"properties":{"id":"MX-OAX-5053","nombre":"Crit","portfolio":"MTP","estado":"OAX","municipio":"Santa Cruz Xoxocotlán"}},{"type":"Feature","geometry":{"type":"Point","coordinates":[-96.708,17.0658888]},"properties":{"id":"MX-OAX-5055","nombre":"America","portfolio":"MTP","estado":"OAX","municipio":"Santa Lucia del Camino"}},{"type":"Feature","geometry":{"type":"Point","coordinates":[-96.747028,17.052972]},"properties":{"id":"MX-OAX-5058","nombre":"Jardines De La Sierra","portfolio":"MTP","estado":"OAX","municipio":"TBD"}},{"type":"Feature","geometry":{"type":"Point","coordinates":[-95.442583,16.441417]},"properties":{"id":"MX-OAX-5060","nombre":"Jalapa Del Marques","portfolio":"MTP","estado":"OAX","municipio":"TBD"}},{"type":"Feature","geometry":{"type":"Point","coordinates":[-96.134223,18.090674]},"properties":{"id":"MX-OAX-5062","nombre":"Tuxtepec","portfolio":"MTP","estado":"OAX","municipio":"Tuxtepec"}},{"type":"Feature","geometry":{"type":"Point","coordinates":[-97.19897,16.58543]},"properties":{"id":"MX-OAX-5063","nombre":"San Lorenzo Texmelucan","portfolio":"MTP","estado":"OAX","municipio":"Oaxaca"}},{"type":"Feature","geometry":{"type":"Point","coordinates":[-98.010922,17.335723]},"properties":{"id":"MX-OAX-5064","nombre":"Santiago Juxtlahuaca","portfolio":"MTP","estado":"OAX","municipio":"Oaxaca"}},{"type":"Feature","geometry":{"type":"Point","coordinates":[-98.173112,19.008636]},"properties":{"id":"MX-PUE-0005","nombre":"Calera Puebla","portfolio":"MTP","estado":"PUE","municipio":"Puebla"}},{"type":"Feature","geometry":{"type":"Point","coordinates":[-98.151827,19.076661]},"properties":{"id":"MX-PUE-0006","nombre":"MSC Telefonica","portfolio":"MTP","estado":"PUE","municipio":"Puebla"}},{"type":"Feature","geometry":{"type":"Point","coordinates":[-98.151393,19.045178]},"properties":{"id":"MX-PUE-0007","nombre":"El Magisterio Estatal","portfolio":"MTP","estado":"PUE","municipio":"Puebla"}},{"type":"Feature","geometry":{"type":"Point","coordinates":[-98.207225,19.063336]},"properties":{"id":"MX-PUE-0008","nombre":"Palenque","portfolio":"MTP","estado":"PUE","municipio":"Puebla"}},{"type":"Feature","geometry":{"type":"Point","coordinates":[-98.252975,19.097894]},"properties":{"id":"MX-PUE-0009","nombre":"Sanctorum","portfolio":"MTP","estado":"PUE","municipio":"Cholula"}},{"type":"Feature","geometry":{"type":"Point","coordinates":[-98.421024,19.290845]},"properties":{"id":"MX-PUE-0010","nombre":"La Purisima","portfolio":"MTP","estado":"PUE","municipio":"San Martin Texmelucan"}},{"type":"Feature","geometry":{"type":"Point","coordinates":[-97.35527,19.81875]},"properties":{"id":"MX-PUE-0014","nombre":"La Aurora","portfolio":"MTP","estado":"PUE","municipio":"Teziutlan"}},{"type":"Feature","geometry":{"type":"Point","coordinates":[-98.21189,18.99472]},"properties":{"id":"MX-PUE-0015","nombre":"Granjas De San Isidro","portfolio":"MTP","estado":"PUE","municipio":"Puebla"}},{"type":"Feature","geometry":{"type":"Point","coordinates":[-98.410647,19.152755]},"properties":{"id":"MX-PUE-0016","nombre":"Santa Bárbara","portfolio":"MTP","estado":"PUE","municipio":"Huejotzingo"}},{"type":"Feature","geometry":{"type":"Point","coordinates":[-97.472691,18.8453056]},"properties":{"id":"MX-PUE-0017","nombre":"Crucero","portfolio":"MTP","estado":"PUE","municipio":"Palmar de Bravo"}},{"type":"Feature","geometry":{"type":"Point","coordinates":[-98.401944,18.936889]},"properties":{"id":"MX-PUE-0018","nombre":"La Via","portfolio":"MTP","estado":"PUE","municipio":"Atlixco"}},{"type":"Feature","geometry":{"type":"Point","coordinates":[-98.31385,19.075705]},"properties":{"id":"MX-PUE-0019","nombre":"Cocoyotla","portfolio":"MTP","estado":"PUE","municipio":"Puebla"}},{"type":"Feature","geometry":{"type":"Point","coordinates":[-98.358446,19.213534]},"properties":{"id":"MX-PUE-0021","nombre":"Aeropuerto/Pegaso","portfolio":"MTP","estado":"PUE","municipio":"Puebla"}},{"type":"Feature","geometry":{"type":"Point","coordinates":[-97.594747,18.5968611]},"properties":{"id":"MX-PUE-0022","nombre":"Cacaloapan","portfolio":"MTP","estado":"PUE","municipio":"Puebla"}},{"type":"Feature","geometry":{"type":"Point","coordinates":[-98.657671,17.96224]},"properties":{"id":"MX-PUE-0025","nombre":"San Miguel Ahuelitlalpan","portfolio":"MTP","estado":"PUE","municipio":"Ixcamilpa de Guerrero"}},{"type":"Feature","geometry":{"type":"Point","coordinates":[-98.29778,18.585166]},"properties":{"id":"MX-PUE-0026","nombre":"Mimilulco","portfolio":"MTP","estado":"PUE","municipio":"Ahuatlán"}},{"type":"Feature","geometry":{"type":"Point","coordinates":[-97.942747,19.634855]},"properties":{"id":"MX-PUE-0027","nombre":"Iliyucan","portfolio":"MTP","estado":"PUE","municipio":"Ixtacamaxtitlán"}},{"type":"Feature","geometry":{"type":"Point","coordinates":[-98.222057,19.80435]},"properties":{"id":"MX-PUE-0028","nombre":"Piedra Ancha","portfolio":"MTP","estado":"PUE","municipio":"Chignahuapan"}},{"type":"Feature","geometry":{"type":"Point","coordinates":[-97.853854,20.733753]},"properties":{"id":"MX-PUE-0030","nombre":"Meza","portfolio":"MTP","estado":"PUE","municipio":"Metlatoyuca"}},{"type":"Feature","geometry":{"type":"Point","coordinates":[-96.883625,18.41751]},"properties":{"id":"MX-PUE-0031","nombre":"Tlacotepec","portfolio":"MTP","estado":"PUE","municipio":"Puebla"}},{"type":"Feature","geometry":{"type":"Point","coordinates":[-96.835419,18.450527]},"properties":{"id":"MX-PUE-0032","nombre":"Axilotitla","portfolio":"MTP","estado":"PUE","municipio":"Couaxuchpa"}},{"type":"Feature","geometry":{"type":"Point","coordinates":[-98.610529,17.963836]},"properties":{"id":"MX-PUE-0033","nombre":"La Ardilla","portfolio":"MTP","estado":"PUE","municipio":"Toltecamila"}},{"type":"Feature","geometry":{"type":"Point","coordinates":[-97.818976,20.399321]},"properties":{"id":"MX-PUE-0034","nombre":"Cafetales","portfolio":"MTP","estado":"PUE","municipio":"nan"}},{"type":"Feature","geometry":{"type":"Point","coordinates":[-97.672662,19.710264]},"properties":{"id":"MX-PUE-0035","nombre":"Zautla","portfolio":"MTP","estado":"PUE","municipio":"nan"}},{"type":"Feature","geometry":{"type":"Point","coordinates":[-98.177414,19.086301]},"properties":{"id":"MX-PUE-0036","nombre":"Guerrero","portfolio":"MTP","estado":"PUE","municipio":"Venustiano Carranza"}},{"type":"Feature","geometry":{"type":"Point","coordinates":[-97.81425,20.70458]},"properties":{"id":"MX-PUE-0037","nombre":"Moctezuma (Guayabal)","portfolio":"MTP","estado":"PUE","municipio":"Puebla"}},{"type":"Feature","geometry":{"type":"Point","coordinates":[-97.85133,20.12277]},"properties":{"id":"MX-PUE-0038","nombre":"Tlapacoya","portfolio":"MTP","estado":"PUE","municipio":"Puebla"}},{"type":"Feature","geometry":{"type":"Point","coordinates":[-97.898319,18.980049]},"properties":{"id":"MX-PUE-0039","nombre":"Juquilita","portfolio":"MTP","estado":"PUE","municipio":"Puebla"}},{"type":"Feature","geometry":{"type":"Point","coordinates":[-98.387226,19.206626]},"properties":{"id":"MX-PUE-0047","nombre":"Xalmimilulco","portfolio":"MTP","estado":"PUE","municipio":"Puebla"}},{"type":"Feature","geometry":{"type":"Point","coordinates":[-98.164426,19.095388]},"properties":{"id":"MX-PUE-0050","nombre":"San Sebastian Aparicio","portfolio":"MTP","estado":"PUE","municipio":"Puebla"}},{"type":"Feature","geometry":{"type":"Point","coordinates":[-98.04289722,19.06312222]},"properties":{"id":"MX-PUE-5001","nombre":"Amozoc Norte","portfolio":"MTP","estado":"PUE","municipio":"Amozoc"}},{"type":"Feature","geometry":{"type":"Point","coordinates":[-98.211333,18.983806]},"properties":{"id":"MX-PUE-5003","nombre":"Jardines De Santiago","portfolio":"MTP","estado":"PUE","municipio":"Puebla"}},{"type":"Feature","geometry":{"type":"Point","coordinates":[-98.28208889,19.05004722]},"properties":{"id":"MX-PUE-5004","nombre":"UDLAP","portfolio":"MTP","estado":"PUE","municipio":"San Andrés Cholula"}},{"type":"Feature","geometry":{"type":"Point","coordinates":[-98.43789444,18.94124444]},"properties":{"id":"MX-PUE-5005","nombre":"GEO Los Molinos","portfolio":"MTP","estado":"PUE","municipio":"Atlixco"}},{"type":"Feature","geometry":{"type":"Point","coordinates":[-97.95769722,19.93840278]},"properties":{"id":"MX-PUE-5006","nombre":"La Cienega","portfolio":"MTP","estado":"PUE","municipio":"Zacatlán"}},{"type":"Feature","geometry":{"type":"Point","coordinates":[-97.66016667,18.95786111]},"properties":{"id":"MX-PUE-5007","nombre":"Quecholac","portfolio":"MTP","estado":"PUE","municipio":"Quecholac"}},{"type":"Feature","geometry":{"type":"Point","coordinates":[-97.73372222,18.9145]},"properties":{"id":"MX-PUE-5008","nombre":"San Mateo Tlaixpan","portfolio":"MTP","estado":"PUE","municipio":"Tecamachalco"}},{"type":"Feature","geometry":{"type":"Point","coordinates":[-97.742694,19.21436111]},"properties":{"id":"MX-PUE-5010","nombre":"Planta Audi","portfolio":"MTP","estado":"PUE","municipio":"San José Chiapa"}},{"type":"Feature","geometry":{"type":"Point","coordinates":[-98.20946667,18.98975278]},"properties":{"id":"MX-PUE-5011","nombre":"San Isidro","portfolio":"MTP","estado":"PUE","municipio":"Puebla"}},{"type":"Feature","geometry":{"type":"Point","coordinates":[-97.76937222,19.22255556]},"properties":{"id":"MX-PUE-5014","nombre":"San Miguel Salado","portfolio":"MTP","estado":"PUE","municipio":"San José Chiapa"}},{"type":"Feature","geometry":{"type":"Point","coordinates":[-98.17408889,18.91113889]},"properties":{"id":"MX-PUE-5017","nombre":"Tetela","portfolio":"CAPSA","estado":"PUE","municipio":"Puebla"}},{"type":"Feature","geometry":{"type":"Point","coordinates":[-98.24063889,19.00466667]},"properties":{"id":"MX-PUE-5018","nombre":"Vaquerias","portfolio":"CAPSA","estado":"PUE","municipio":"Puebla"}},{"type":"Feature","geometry":{"type":"Point","coordinates":[-98.27139167,19.07678333]},"properties":{"id":"MX-PUE-5019","nombre":"Garcia Corona","portfolio":"CAPSA","estado":"PUE","municipio":"San Pedro Cholula"}},{"type":"Feature","geometry":{"type":"Point","coordinates":[-97.389556,18.458808]},"properties":{"id":"MX-PUE-5021","nombre":"Tehuacanera","portfolio":"MTP","estado":"PUE","municipio":"Tehuacán"}},{"type":"Feature","geometry":{"type":"Point","coordinates":[-98.21191667,19.06875]},"properties":{"id":"MX-PUE-5022","nombre":"Home Depot","portfolio":"CAPSA","estado":"PUE","municipio":"Puebla"}},{"type":"Feature","geometry":{"type":"Point","coordinates":[-98.24068333,18.98891667]},"properties":{"id":"MX-PUE-5023","nombre":"Sams Sur","portfolio":"CAPSA","estado":"PUE","municipio":"Puebla"}},{"type":"Feature","geometry":{"type":"Point","coordinates":[-98.15528889,19.04566111]},"properties":{"id":"MX-PUE-5024","nombre":"Magisterial","portfolio":"MTP","estado":"PUE","municipio":"Puebla"}},{"type":"Feature","geometry":{"type":"Point","coordinates":[-97.55698611,19.7677]},"properties":{"id":"MX-PUE-5025","nombre":"Zaragoza","portfolio":"MTP","estado":"PUE","municipio":"Zaragoza"}},{"type":"Feature","geometry":{"type":"Point","coordinates":[-97.381205,18.47323]},"properties":{"id":"MX-PUE-5026","nombre":"Acoquiaco","portfolio":"MTP","estado":"PUE","municipio":"Tehuacán"}},{"type":"Feature","geometry":{"type":"Point","coordinates":[-98.179916,19.049111]},"properties":{"id":"MX-PUE-5029","nombre":"Triunfo Mexicano","portfolio":"MTP","estado":"PUE","municipio":"Puebla"}},{"type":"Feature","geometry":{"type":"Point","coordinates":[-98.238775,19.055528]},"properties":{"id":"MX-PUE-5030","nombre":"Reforma Sur","portfolio":"MTP","estado":"PUE","municipio":"Puebla"}},{"type":"Feature","geometry":{"type":"Point","coordinates":[-98.32243611,19.0625333]},"properties":{"id":"MX-PUE-5031","nombre":"Zerezotla","portfolio":"MTP","estado":"PUE","municipio":"San Pedro Cholula"}},{"type":"Feature","geometry":{"type":"Point","coordinates":[-98.185882,19.087896]},"properties":{"id":"MX-PUE-5032","nombre":"Eje 11 Norte","portfolio":"MTP","estado":"PUE","municipio":"Puebla"}},{"type":"Feature","geometry":{"type":"Point","coordinates":[-98.10713889,19.047444]},"properties":{"id":"MX-PUE-5033","nombre":"Libre A Tehuacan","portfolio":"MTP","estado":"PUE","municipio":"Amozoc"}},{"type":"Feature","geometry":{"type":"Point","coordinates":[-98.285639,19.06822183]},"properties":{"id":"MX-PUE-5034","nombre":"Los Fresnos","portfolio":"CAPSA","estado":"PUE","municipio":"San Pedro Cholula"}},{"type":"Feature","geometry":{"type":"Point","coordinates":[-98.24380278,19.00985556]},"properties":{"id":"MX-PUE-5036","nombre":"San Roque","portfolio":"CAPSA","estado":"PUE","municipio":"Puebla"}},{"type":"Feature","geometry":{"type":"Point","coordinates":[-97.497615,19.846686]},"properties":{"id":"MX-PUE-5037","nombre":"Tlatlauquitepec","portfolio":"MTP","estado":"PUE","municipio":"Ciudad de Tlatlauquitepec"}},{"type":"Feature","geometry":{"type":"Point","coordinates":[-98.58058333,18.51624444]},"properties":{"id":"MX-PUE-5038","nombre":"Chietla","portfolio":"MTP","estado":"PUE","municipio":"Chietla"}},{"type":"Feature","geometry":{"type":"Point","coordinates":[-98.69184444,18.43249722]},"properties":{"id":"MX-PUE-5039","nombre":"Tlancualpican","portfolio":"MTP","estado":"PUE","municipio":"CHIAUTLA DE TAPIA"}},{"type":"Feature","geometry":{"type":"Point","coordinates":[-98.25561667,18.90549444]},"properties":{"id":"MX-PUE-5040","nombre":"San Andres Azumitla","portfolio":"MTP","estado":"PUE","municipio":"Puebla"}},{"type":"Feature","geometry":{"type":"Point","coordinates":[-98.19090278,19.04075]},"properties":{"id":"MX-PUE-5042","nombre":"Analco","portfolio":"MTP","estado":"PUE","municipio":"Puebla"}},{"type":"Feature","geometry":{"type":"Point","coordinates":[-98.16371,19.082232]},"properties":{"id":"MX-PUE-5046","nombre":"Estadio Cuauhtemoc","portfolio":"MTP","estado":"PUE","municipio":"Puebla"}},{"type":"Feature","geometry":{"type":"Point","coordinates":[-97.902936,18.960983]},"properties":{"id":"MX-PUE-5049","nombre":"Tepeaca","portfolio":"MTP","estado":"PUE","municipio":"Tepeaca"}},{"type":"Feature","geometry":{"type":"Point","coordinates":[-97.32053056,18.268825]},"properties":{"id":"MX-PUE-5050","nombre":"Caseta Teltitlan","portfolio":"MTP","estado":"PUE","municipio":"San José Miahuatlán"}},{"type":"Feature","geometry":{"type":"Point","coordinates":[-98.28818611,18.992075]},"properties":{"id":"MX-PUE-5052","nombre":"Angelopolis Cluster C","portfolio":"CAPSA","estado":"PUE","municipio":"San Andrés Cholula"}},{"type":"Feature","geometry":{"type":"Point","coordinates":[-98.232468,19.05799]},"properties":{"id":"MX-PUE-5053","nombre":"Hispano","portfolio":"MTP","estado":"PUE","municipio":"Puebla"}},{"type":"Feature","geometry":{"type":"Point","coordinates":[-98.147189,19.060631]},"properties":{"id":"MX-PUE-5055","nombre":"Nueva Resurreccion IIR","portfolio":"MTP","estado":"PUE","municipio":"Puebla"}},{"type":"Feature","geometry":{"type":"Point","coordinates":[-98.34429917,18.96456889]},"properties":{"id":"MX-PUE-5058","nombre":"Chalchihuapan","portfolio":"MTP","estado":"PUE","municipio":"Santa Clara Ocoyucan"}},{"type":"Feature","geometry":{"type":"Point","coordinates":[-98.44171889,19.32634139]},"properties":{"id":"MX-PUE-5061","nombre":"Totolqueme","portfolio":"MTP","estado":"PUE","municipio":"San Martín Texmelucan"}},{"type":"Feature","geometry":{"type":"Point","coordinates":[-98.444674,18.896427]},"properties":{"id":"MX-PUE-5064","nombre":"Caballeria Motorizada","portfolio":"MTP","estado":"PUE","municipio":"Atlixco"}},{"type":"Feature","geometry":{"type":"Point","coordinates":[-97.399846,18.471224]},"properties":{"id":"MX-PUE-5065","nombre":"Nacozari Norte","portfolio":"MTP","estado":"PUE","municipio":"Tehuacán"}},{"type":"Feature","geometry":{"type":"Point","coordinates":[-97.3992278,18.4822417]},"properties":{"id":"MX-PUE-5067","nombre":"Casa Cantarranas","portfolio":"MTP","estado":"PUE","municipio":"Tehuacán"}},{"type":"Feature","geometry":{"type":"Point","coordinates":[-97.388655,18.488514]},"properties":{"id":"MX-PUE-5070","nombre":"40 Poniente","portfolio":"MTP","estado":"PUE","municipio":"Tehuacán"}},{"type":"Feature","geometry":{"type":"Point","coordinates":[-98.193159,19.05445]},"properties":{"id":"MX-PUE-5071","nombre":"Huexotitla","portfolio":"MTP","estado":"PUE","municipio":"Puebla"}},{"type":"Feature","geometry":{"type":"Point","coordinates":[-98.26631111,19.13205833]},"properties":{"id":"MX-PUE-5072","nombre":"MCI Outlet Puebla","portfolio":"CAPSA","estado":"PUE","municipio":"Coronango"}},{"type":"Feature","geometry":{"type":"Point","coordinates":[-98.25394444,19.00921389]},"properties":{"id":"MX-PUE-5073","nombre":"Casa Club La Vista","portfolio":"CAPSA","estado":"PUE","municipio":"San Andrés Cholula"}},{"type":"Feature","geometry":{"type":"Point","coordinates":[-98.238012,18.994624]},"properties":{"id":"MX-PUE-5074","nombre":"Coatepec","portfolio":"MTP","estado":"PUE","municipio":"Puebla"}},{"type":"Feature","geometry":{"type":"Point","coordinates":[-98.27888889,19.04916667]},"properties":{"id":"MX-PUE-5075","nombre":"Camino Real IIR","portfolio":"CAPSA","estado":"PUE","municipio":"San Andrés Cholula"}},{"type":"Feature","geometry":{"type":"Point","coordinates":[-98.264702,19.10413]},"properties":{"id":"MX-PUE-5076","nombre":"San Gabriel","portfolio":"MTP","estado":"PUE","municipio":"Cuautlancingo"}},{"type":"Feature","geometry":{"type":"Point","coordinates":[-97.4121806,18.4246417]},"properties":{"id":"MX-PUE-5077","nombre":"Salida A Huajuapan","portfolio":"MTP","estado":"PUE","municipio":"Tehuacán"}},{"type":"Feature","geometry":{"type":"Point","coordinates":[-98.301379,18.973836]},"properties":{"id":"MX-PUE-5078","nombre":"Allende II","portfolio":"MTP","estado":"PUE","municipio":"Santa Clara Ocoyucan"}},{"type":"Feature","geometry":{"type":"Point","coordinates":[-97.969815,19.945356]},"properties":{"id":"MX-PUE-5079","nombre":"Zacatlan Alto","portfolio":"MTP","estado":"PUE","municipio":"Zacatlán"}},{"type":"Feature","geometry":{"type":"Point","coordinates":[-97.3566389,19.8274167]},"properties":{"id":"MX-PUE-5080","nombre":"Teziutlan Hospital","portfolio":"MTP","estado":"PUE","municipio":"Teziutlán"}},{"type":"Feature","geometry":{"type":"Point","coordinates":[-97.88689167,20.25058056]},"properties":{"id":"MX-PUE-5084","nombre":"Chicontla","portfolio":"CAPSA","estado":"PUE","municipio":"Zihuateutla"}},{"type":"Feature","geometry":{"type":"Point","coordinates":[-98.177339,19.078761]},"properties":{"id":"MX-PUE-5189","nombre":"Revolucion","portfolio":"MTP","estado":"PUE","municipio":"Puebla"}},{"type":"Feature","geometry":{"type":"Point","coordinates":[-98.333192,18.999978]},"properties":{"id":"MX-PUE-5190","nombre":"Temoxtitla","portfolio":"MTP","estado":"PUE","municipio":"San Gregorio Atzompa"}},{"type":"Feature","geometry":{"type":"Point","coordinates":[-98.29965,18.94232]},"properties":{"id":"MX-PUE-5191","nombre":"Malacatepec","portfolio":"MTP","estado":"PUE","municipio":"Santa Clara Ocoyucan"}},{"type":"Feature","geometry":{"type":"Point","coordinates":[-98.409591,19.266046]},"properties":{"id":"MX-PUE-5192","nombre":"Temaxcalac","portfolio":"MTP","estado":"PUE","municipio":"San Martín Texmelucan de Labastida"}},{"type":"Feature","geometry":{"type":"Point","coordinates":[-98.27808333,18.99227778]},"properties":{"id":"MX-PUE-5194","nombre":"Sonata","portfolio":"MTP","estado":"PUE","municipio":"San Andrés Cholula"}},{"type":"Feature","geometry":{"type":"Point","coordinates":[-98.19344444,19.01148333]},"properties":{"id":"MX-PUE-5195","nombre":"Los Rios","portfolio":"MTP","estado":"PUE","municipio":"PUEBLA"}},{"type":"Feature","geometry":{"type":"Point","coordinates":[-98.20865556,19.05052222]},"properties":{"id":"MX-PUE-5196","nombre":"Instituto Cultural","portfolio":"CAPSA","estado":"PUE","municipio":"Heróica Puebla de Zaragoza"}},{"type":"Feature","geometry":{"type":"Point","coordinates":[-98.1783,19.00348]},"properties":{"id":"MX-PUE-5198","nombre":"San Alfonso","portfolio":"MTP","estado":"PUE","municipio":"Puebla"}},{"type":"Feature","geometry":{"type":"Point","coordinates":[-98.191886,19.045475]},"properties":{"id":"MX-PUE-5199","nombre":"Centro De Convenciones","portfolio":"MTP","estado":"PUE","municipio":"Puebla"}},{"type":"Feature","geometry":{"type":"Point","coordinates":[-98.212413,19.114267]},"properties":{"id":"MX-PUE-5202","nombre":"Agrícola","portfolio":"MTP","estado":"PUE","municipio":"TBD"}},{"type":"Feature","geometry":{"type":"Point","coordinates":[-98.275818,19.076293]},"properties":{"id":"MX-PUE-5204","nombre":"Forjadores","portfolio":"MTP","estado":"PUE","municipio":"Puebla"}},{"type":"Feature","geometry":{"type":"Point","coordinates":[-98.21814,19.003634]},"properties":{"id":"MX-PUE-5206","nombre":"Puebla Textil","portfolio":"MTP","estado":"PUE","municipio":"Puebla"}},{"type":"Feature","geometry":{"type":"Point","coordinates":[-98.165069,19.069776]},"properties":{"id":"MX-PUE-5210","nombre":"Estadio","portfolio":"MTP","estado":"PUE","municipio":"Puebla"}},{"type":"Feature","geometry":{"type":"Point","coordinates":[-97.385472,18.45725]},"properties":{"id":"MX-PUE-5212","nombre":"Mercado Purisima","portfolio":"MTP","estado":"PUE","municipio":"Puebla"}},{"type":"Feature","geometry":{"type":"Point","coordinates":[-98.16432778,19.07785]},"properties":{"id":"MX-PUE-9000","nombre":"MCI Estadio Cuauhtémoc","portfolio":"CAPSA","estado":"PUE","municipio":"Puebla"}},{"type":"Feature","geometry":{"type":"Point","coordinates":[-100.40644444,20.58963889]},"properties":{"id":"MX-QUE-0000","nombre":"Las Campanas","portfolio":"MTP","estado":"QUE","municipio":"Queretaro"}},{"type":"Feature","geometry":{"type":"Point","coordinates":[-99.490984,21.121029]},"properties":{"id":"MX-QUE-0001","nombre":"Jalpan","portfolio":"MTP","estado":"QUE","municipio":"Pinal de Amoles"}},{"type":"Feature","geometry":{"type":"Point","coordinates":[-100.561867,20.71542]},"properties":{"id":"MX-QUE-0002","nombre":"La Estancia","portfolio":"MTP","estado":"QUE","municipio":"Querétaro"}},{"type":"Feature","geometry":{"type":"Point","coordinates":[-100.44580556,20.56075]},"properties":{"id":"MX-QUE-0004","nombre":"Las Plazas","portfolio":"MTP","estado":"QUE","municipio":"Corregidora"}},{"type":"Feature","geometry":{"type":"Point","coordinates":[-100.4522999,20.7421389]},"properties":{"id":"MX-QUE-0005","nombre":"El Pedregal","portfolio":"MTP","estado":"QUE","municipio":"Queretaro"}},{"type":"Feature","geometry":{"type":"Point","coordinates":[-100.29007,20.629186]},"properties":{"id":"MX-QUE-0006","nombre":"Saldarriaga","portfolio":"MTP","estado":"QUE","municipio":"El Marquez"}},{"type":"Feature","geometry":{"type":"Point","coordinates":[-100.44398,20.7742861]},"properties":{"id":"MX-QUE-0008","nombre":"Hacienda Santa Rosa","portfolio":"MTP","estado":"QUE","municipio":"Queretaro"}},{"type":"Feature","geometry":{"type":"Point","coordinates":[-100.2033299,20.6013917]},"properties":{"id":"MX-QUE-0010","nombre":"Coyotillos","portfolio":"MTP","estado":"QUE","municipio":"El Marquez"}},{"type":"Feature","geometry":{"type":"Point","coordinates":[-100.151772,20.177267]},"properties":{"id":"MX-QUE-0012","nombre":"Crisantemo","portfolio":"MTP","estado":"QUE","municipio":"Amealco"}},{"type":"Feature","geometry":{"type":"Point","coordinates":[-99.627225,21.1372194]},"properties":{"id":"MX-QUE-0013","nombre":"Pinal De Amoles","portfolio":"MTP","estado":"QUE","municipio":"Querétaro"}},{"type":"Feature","geometry":{"type":"Point","coordinates":[-100.4445,20.604361]},"properties":{"id":"MX-QUE-0017","nombre":"Plutarco Elias Calles","portfolio":"MTP","estado":"QUE","municipio":"Querétaro"}},{"type":"Feature","geometry":{"type":"Point","coordinates":[-100.4498306,20.593955]},"properties":{"id":"MX-QUE-0019","nombre":"Maria Magdalena","portfolio":"MTP","estado":"QUE","municipio":"nan"}},{"type":"Feature","geometry":{"type":"Point","coordinates":[-100.3482556,20.6287694]},"properties":{"id":"MX-QUE-0020","nombre":"Pozos","portfolio":"MTP","estado":"QUE","municipio":"Querétaro"}},{"type":"Feature","geometry":{"type":"Point","coordinates":[-100.043879,20.084419]},"properties":{"id":"MX-QUE-0021","nombre":"Cerrito Colorado","portfolio":"MTP","estado":"QUE","municipio":"Querétaro"}},{"type":"Feature","geometry":{"type":"Point","coordinates":[-100.18796,20.099726]},"properties":{"id":"MX-QUE-0022","nombre":"Chiteje de Garabato","portfolio":"MTP","estado":"QUE","municipio":"Querétaro"}},{"type":"Feature","geometry":{"type":"Point","coordinates":[-100.099356,20.053028]},"properties":{"id":"MX-QUE-0023","nombre":"El Carmen","portfolio":"MTP","estado":"QUE","municipio":"Querétaro"}},{"type":"Feature","geometry":{"type":"Point","coordinates":[-100.115999,20.104832]},"properties":{"id":"MX-QUE-0024","nombre":"El Lindero","portfolio":"MTP","estado":"QUE","municipio":"Querétaro"}},{"type":"Feature","geometry":{"type":"Point","coordinates":[-100.340241,20.7272548]},"properties":{"id":"MX-QUE-0025","nombre":"San Vicente Ferrer","portfolio":"MTP","estado":"QUE","municipio":"Querétaro"}},{"type":"Feature","geometry":{"type":"Point","coordinates":[-100.418595,20.791467]},"properties":{"id":"MX-QUE-0026","nombre":"Rancho El Risco","portfolio":"MTP","estado":"QUE","municipio":"Querétaro"}},{"type":"Feature","geometry":{"type":"Point","coordinates":[-100.074428,20.128068]},"properties":{"id":"MX-QUE-0027","nombre":"La Ladera","portfolio":"MTP","estado":"QUE","municipio":"Querétaro"}},{"type":"Feature","geometry":{"type":"Point","coordinates":[-100.28701,20.62949]},"properties":{"id":"MX-QUE-0028","nombre":"Saldarriaga","portfolio":"MTP","estado":"QUE","municipio":"Querétaro"}},{"type":"Feature","geometry":{"type":"Point","coordinates":[-100.153824,20.109299]},"properties":{"id":"MX-QUE-0030","nombre":"Capacidad-070","portfolio":"MTP","estado":"QUE","municipio":"Amealco, Querétaro"}},{"type":"Feature","geometry":{"type":"Point","coordinates":[-100.384489,20.554949]},"properties":{"id":"MX-QUE-0033","nombre":"Marques Queretano","portfolio":"MTP","estado":"QUE","municipio":"Queretaro"}},{"type":"Feature","geometry":{"type":"Point","coordinates":[-100.45938333,20.70792222]},"properties":{"id":"MX-QUE-1001","nombre":"Mision Juriquilla","portfolio":"MTP","estado":"QUE","municipio":"Santiago de Querétaro"}},{"type":"Feature","geometry":{"type":"Point","coordinates":[-100.33103611,20.52730278]},"properties":{"id":"MX-QUE-4002","nombre":"Mallorca","portfolio":"MTP","estado":"QUE","municipio":"La Cañada"}},{"type":"Feature","geometry":{"type":"Point","coordinates":[-100.41481667,20.57490278]},"properties":{"id":"MX-QUE-5001","nombre":"Jardines De La Hacienda","portfolio":"MTP","estado":"QUE","municipio":"Santiago de Querétaro"}},{"type":"Feature","geometry":{"type":"Point","coordinates":[-100.46170833,20.64051944]},"properties":{"id":"MX-QUE-5002","nombre":"Las Peñas","portfolio":"MTP","estado":"QUE","municipio":"Santiago de Querétaro"}},{"type":"Feature","geometry":{"type":"Point","coordinates":[-99.98833333,20.39694444]},"properties":{"id":"MX-QUE-5003","nombre":"Valle De Oro","portfolio":"MTP","estado":"QUE","municipio":"San Juan del Río"}},{"type":"Feature","geometry":{"type":"Point","coordinates":[-100.15775,20.62]},"properties":{"id":"MX-QUE-5004","nombre":"Bombardier","portfolio":"MTP","estado":"QUE","municipio":"Colón"}},{"type":"Feature","geometry":{"type":"Point","coordinates":[-101.76383,21.092723]},"properties":{"id":"MX-QUE-5006","nombre":"Cumbres De La Gloria","portfolio":"MTP","estado":"GUA","municipio":"León"}},{"type":"Feature","geometry":{"type":"Point","coordinates":[-99.96728889,20.36851667]},"properties":{"id":"MX-QUE-5007","nombre":"Industrial San Juan","portfolio":"MTP","estado":"QUE","municipio":"San Juan del Río"}},{"type":"Feature","geometry":{"type":"Point","coordinates":[-100.38931,20.53541]},"properties":{"id":"MX-QUE-5010","nombre":"Paraiso","portfolio":"MTP","estado":"QUE","municipio":"Santiago de Querétaro"}},{"type":"Feature","geometry":{"type":"Point","coordinates":[-99.88944444,20.55222222]},"properties":{"id":"MX-QUE-5012","nombre":"Club Tequisquiapan","portfolio":"MTP","estado":"QUE","municipio":"Tequisquiapan"}},{"type":"Feature","geometry":{"type":"Point","coordinates":[-100.44243889,20.66181667]},"properties":{"id":"MX-QUE-5013","nombre":"Paseo De Jurica","portfolio":"MTP","estado":"QUE","municipio":"Santiago de Querétaro"}},{"type":"Feature","geometry":{"type":"Point","coordinates":[-100.384972,20.596722]},"properties":{"id":"MX-QUE-5014","nombre":"Calandrias","portfolio":"MTP","estado":"QUE","municipio":"Santiago de Querétaro"}},{"type":"Feature","geometry":{"type":"Point","coordinates":[-100.4176944,20.62438889]},"properties":{"id":"MX-QUE-5015","nombre":"Mayahuel","portfolio":"MTP","estado":"QUE","municipio":"Santiago de Querétaro"}},{"type":"Feature","geometry":{"type":"Point","coordinates":[-100.4317194,20.82069444]},"properties":{"id":"MX-QUE-5018","nombre":"Piq Sur","portfolio":"MTP","estado":"QUE","municipio":"Santiago de Querétaro"}},{"type":"Feature","geometry":{"type":"Point","coordinates":[-100.00375,20.36947222]},"properties":{"id":"MX-QUE-5020","nombre":"Puma","portfolio":"CAPSA","estado":"QUE","municipio":"San Juan del Río"}},{"type":"Feature","geometry":{"type":"Point","coordinates":[-99.98865556,20.38230278]},"properties":{"id":"MX-QUE-5021","nombre":"Río De Janeiro","portfolio":"CAPSA","estado":"QUE","municipio":"San Juan del Río"}},{"type":"Feature","geometry":{"type":"Point","coordinates":[-99.88738889,20.54975]},"properties":{"id":"MX-QUE-5022","nombre":"Marsella","portfolio":"CAPSA","estado":"QUE","municipio":"Tequisquiapan"}},{"type":"Feature","geometry":{"type":"Point","coordinates":[-100.2231889,20.49660833]},"properties":{"id":"MX-QUE-5023","nombre":"San Fandila","portfolio":"CAPSA","estado":"QUE","municipio":"Pedro Escobedo"}},{"type":"Feature","geometry":{"type":"Point","coordinates":[-100.38868333,20.64410278]},"properties":{"id":"MX-QUE-5025","nombre":"Nuno","portfolio":"CAPSA","estado":"QUE","municipio":"Santiago de Querétaro"}},{"type":"Feature","geometry":{"type":"Point","coordinates":[-99.91279167,20.38395278]},"properties":{"id":"MX-QUE-5027","nombre":"Versalles","portfolio":"CAPSA","estado":"QUE","municipio":"San Juan del Río"}},{"type":"Feature","geometry":{"type":"Point","coordinates":[-100.44350278,20.55561667]},"properties":{"id":"MX-QUE-5028","nombre":"Axtel Queretaro","portfolio":"CAPSA","estado":"QUE","municipio":"Santiago de Querétaro"}},{"type":"Feature","geometry":{"type":"Point","coordinates":[-100.410925,20.59218056]},"properties":{"id":"MX-QUE-5029","nombre":"Armenia","portfolio":"CAPSA","estado":"QUE","municipio":"Santiago de Querétaro"}},{"type":"Feature","geometry":{"type":"Point","coordinates":[-100.45728333,20.62471667]},"properties":{"id":"MX-QUE-5030","nombre":"GEO Plazas","portfolio":"CAPSA","estado":"QUE","municipio":"Santiago de Querétaro"}},{"type":"Feature","geometry":{"type":"Point","coordinates":[-100.3993361,20.59427222]},"properties":{"id":"MX-QUE-5032","nombre":"Melchor","portfolio":"CAPSA","estado":"QUE","municipio":"Santiago de Querétaro"}},{"type":"Feature","geometry":{"type":"Point","coordinates":[-100.361934,20.56679]},"properties":{"id":"MX-QUE-5033","nombre":"Central Park","portfolio":"CAPSA","estado":"QUE","municipio":"Santiago de Querétaro"}},{"type":"Feature","geometry":{"type":"Point","coordinates":[-100.37180556,20.62478611]},"properties":{"id":"MX-QUE-5034","nombre":"Flemming UAQ 2","portfolio":"CAPSA","estado":"QUE","municipio":"Santiago de Querétaro"}},{"type":"Feature","geometry":{"type":"Point","coordinates":[-99.98069444,20.4425]},"properties":{"id":"MX-QUE-5036","nombre":"Vistha","portfolio":"MTP","estado":"QUE","municipio":"San Juan Del Río"}},{"type":"Feature","geometry":{"type":"Point","coordinates":[-100.03344444,20.40705556]},"properties":{"id":"MX-QUE-5037","nombre":"Loma Linda","portfolio":"MTP","estado":"QUE","municipio":"San Juan del Río"}},{"type":"Feature","geometry":{"type":"Point","coordinates":[-100.347072,20.638631]},"properties":{"id":"MX-QUE-5038","nombre":"Regina","portfolio":"CAPSA","estado":"QUE","municipio":"Santiago de Querétaro"}},{"type":"Feature","geometry":{"type":"Point","coordinates":[-99.878764,20.51754283]},"properties":{"id":"MX-QUE-5039","nombre":"Chinkultic","portfolio":"MTP","estado":"QUE","municipio":"Tequisquiapan"}},{"type":"Feature","geometry":{"type":"Point","coordinates":[-100.39072222,20.59163889]},"properties":{"id":"MX-QUE-5040","nombre":"Vergara","portfolio":"MTP","estado":"QUE","municipio":"Santiago de Querétaro"}},{"type":"Feature","geometry":{"type":"Point","coordinates":[-100.469,20.6158]},"properties":{"id":"MX-QUE-5045","nombre":"San Pedro Martir","portfolio":"MTP","estado":"QUE","municipio":"Santiago de Querétaro"}},{"type":"Feature","geometry":{"type":"Point","coordinates":[-100.3991889,20.6658]},"properties":{"id":"MX-QUE-5047","nombre":"Paseos Del Pedregal","portfolio":"MTP","estado":"QUE","municipio":"Santiago de Querétaro"}},{"type":"Feature","geometry":{"type":"Point","coordinates":[-100.42485,20.6324]},"properties":{"id":"MX-QUE-5048","nombre":"Benito Juarez","portfolio":"MTP","estado":"QUE","municipio":"Santiago de Querétaro"}},{"type":"Feature","geometry":{"type":"Point","coordinates":[-100.38461,20.62905]},"properties":{"id":"MX-QUE-5052","nombre":"Cuauhtemoc","portfolio":"MTP","estado":"QUE","municipio":"Santiago de Querétaro"}},{"type":"Feature","geometry":{"type":"Point","coordinates":[-99.89244,20.52186]},"properties":{"id":"MX-QUE-5054","nombre":"Onix 2R","portfolio":"MTP","estado":"QUE","municipio":"Tequisquiapan"}},{"type":"Feature","geometry":{"type":"Point","coordinates":[-100.1874194,20.62247778]},"properties":{"id":"MX-QUE-5056","nombre":"Aeropuerto Qro","portfolio":"CAPSA","estado":"QUE","municipio":"La Cañada"}},{"type":"Feature","geometry":{"type":"Point","coordinates":[-99.95933333,20.38997222]},"properties":{"id":"MX-QUE-5057","nombre":"Maquio","portfolio":"MTP","estado":"QUE","municipio":"San Juan del Río"}},{"type":"Feature","geometry":{"type":"Point","coordinates":[-100.34786,20.60079]},"properties":{"id":"MX-QUE-5058","nombre":"Cañada Del Marquez","portfolio":"MTP","estado":"QUE","municipio":"Santiago de Querétaro"}},{"type":"Feature","geometry":{"type":"Point","coordinates":[-100.42287,20.83148]},"properties":{"id":"MX-QUE-5059","nombre":"Cerrada La Estacada","portfolio":"MTP","estado":"QUE","municipio":"Santiago de Querétaro"}},{"type":"Feature","geometry":{"type":"Point","coordinates":[-100.376864,20.586147]},"properties":{"id":"MX-QUE-5062","nombre":"Zimapan","portfolio":"MTP","estado":"QUE","municipio":"Santiago de Querétaro"}},{"type":"Feature","geometry":{"type":"Point","coordinates":[-100.276561,20.3742444]},"properties":{"id":"MX-QUE-5063","nombre":"Huimilpan","portfolio":"MTP","estado":"QUE","municipio":"Huimilpan"}},{"type":"Feature","geometry":{"type":"Point","coordinates":[-100.38155,20.57171]},"properties":{"id":"MX-QUE-5115","nombre":"Islas Jonicas","portfolio":"MTP","estado":"QUE","municipio":"Santiago de Querétaro"}},{"type":"Feature","geometry":{"type":"Point","coordinates":[-100.36424,20.58004]},"properties":{"id":"MX-QUE-5116","nombre":"Estadio Queretaro","portfolio":"MTP","estado":"QUE","municipio":"Santiago de Querétaro"}},{"type":"Feature","geometry":{"type":"Point","coordinates":[-100.332779,20.594291]},"properties":{"id":"MX-QUE-5117","nombre":"Plaza Terraza","portfolio":"MTP","estado":"QUE","municipio":"La Cañada"}},{"type":"Feature","geometry":{"type":"Point","coordinates":[-100.415953,20.544277]},"properties":{"id":"MX-QUE-5118","nombre":"Amsterdam","portfolio":"MTP","estado":"QUE","municipio":"Corregidora"}},{"type":"Feature","geometry":{"type":"Point","coordinates":[-100.279315,20.563154]},"properties":{"id":"MX-QUE-5119","nombre":"Pi Bernardo Quintana","portfolio":"MTP","estado":"QUE","municipio":"La Cañada"}},{"type":"Feature","geometry":{"type":"Point","coordinates":[-100.384585,20.593269]},"properties":{"id":"MX-QUE-5120","nombre":"Barrio La Cruz","portfolio":"MTP","estado":"QUE","municipio":"Santiago de Querétaro"}},{"type":"Feature","geometry":{"type":"Point","coordinates":[-100.372097,20.573262]},"properties":{"id":"MX-QUE-5121","nombre":"Centro Expositor","portfolio":"MTP","estado":"QUE","municipio":"Santiago de Querétaro"}},{"type":"Feature","geometry":{"type":"Point","coordinates":[-100.392449,20.61691]},"properties":{"id":"MX-QUE-5122","nombre":"Del Parque","portfolio":"MTP","estado":"QUE","municipio":"Santiago de Querétaro"}},{"type":"Feature","geometry":{"type":"Point","coordinates":[-100.4532417,20.676642]},"properties":{"id":"MX-QUE-5123","nombre":"Sendero Viejo","portfolio":"MTP","estado":"QUE","municipio":"Santiago de Querétaro"}},{"type":"Feature","geometry":{"type":"Point","coordinates":[-100.3835139,20.58548056]},"properties":{"id":"MX-QUE-5124","nombre":"Encarnacion","portfolio":"MTP","estado":"QUE","municipio":"Santiago de Querétaro"}},{"type":"Feature","geometry":{"type":"Point","coordinates":[-100.228212,20.613145]},"properties":{"id":"MX-QUE-5125","nombre":"Pi Odonnell","portfolio":"MTP","estado":"QUE","municipio":"El Marqués"}},{"type":"Feature","geometry":{"type":"Point","coordinates":[-100.440288,20.693502]},"properties":{"id":"MX-QUE-5126","nombre":"Harley Queretaro","portfolio":"MTP","estado":"QUE","municipio":"Santiago de Querétaro"}},{"type":"Feature","geometry":{"type":"Point","coordinates":[-100.340825,20.59563056]},"properties":{"id":"MX-QUE-5127","nombre":"Senderos","portfolio":"MTP","estado":"QUE","municipio":"La Cañada"}},{"type":"Feature","geometry":{"type":"Point","coordinates":[-100.439425,20.82826111]},"properties":{"id":"MX-QUE-5128","nombre":"Parque Industrial Vesta","portfolio":"MTP","estado":"QUE","municipio":"Santiago de Querétaro"}},{"type":"Feature","geometry":{"type":"Point","coordinates":[-100.42222222,20.61055556]},"properties":{"id":"MX-QUE-5131","nombre":"Empresalia","portfolio":"CAPSA","estado":"QUE","municipio":"Santiago de Querétaro"}},{"type":"Feature","geometry":{"type":"Point","coordinates":[-99.96708056,20.44418333]},"properties":{"id":"MX-QUE-5133","nombre":"Rancho El 7","portfolio":"MTP","estado":"QUE","municipio":"San Juan del Río"}},{"type":"Feature","geometry":{"type":"Point","coordinates":[-100.259401,20.63637]},"properties":{"id":"MX-QUE-5136","nombre":"Las Cruces","portfolio":"MTP","estado":"QUE","municipio":"La Cañada"}},{"type":"Feature","geometry":{"type":"Point","coordinates":[-100.329653,20.605228]},"properties":{"id":"MX-QUE-5138","nombre":"Cerro La Presa","portfolio":"MTP","estado":"QUE","municipio":"El Marqués"}},{"type":"Feature","geometry":{"type":"Point","coordinates":[-100.240067,20.605238]},"properties":{"id":"MX-QUE-5139","nombre":"Virreyes","portfolio":"MTP","estado":"QUE","municipio":"La Cañada"}},{"type":"Feature","geometry":{"type":"Point","coordinates":[-100.3270306,20.582675]},"properties":{"id":"MX-QUE-5140","nombre":"Autodromo","portfolio":"MTP","estado":"QUE","municipio":"La Cañada"}},{"type":"Feature","geometry":{"type":"Point","coordinates":[-100.46930556,20.7402]},"properties":{"id":"MX-QUE-5145","nombre":"Juriquilla San Isidro","portfolio":"MTP","estado":"QUE","municipio":"Santiago de Querétaro"}},{"type":"Feature","geometry":{"type":"Point","coordinates":[-100.5056222,20.65699167]},"properties":{"id":"MX-QUE-5149","nombre":"Tlacote","portfolio":"CAPSA","estado":"QUE","municipio":"Santiago de Querétaro"}},{"type":"Feature","geometry":{"type":"Point","coordinates":[-100.399587,20.563714]},"properties":{"id":"MX-QUE-5150","nombre":"Blvd Americas","portfolio":"MTP","estado":"QUE","municipio":"Santiago de Querétaro"}},{"type":"Feature","geometry":{"type":"Point","coordinates":[-100.427053,20.599425]},"properties":{"id":"MX-QUE-5151","nombre":"Parque De Beisbol","portfolio":"MTP","estado":"QUE","municipio":"Santiago de Querétaro"}},{"type":"Feature","geometry":{"type":"Point","coordinates":[-100.354508,20.548692]},"properties":{"id":"MX-QUE-5152","nombre":"Fraccionamiento Cumbres","portfolio":"MTP","estado":"QUE","municipio":"Huimilpan"}},{"type":"Feature","geometry":{"type":"Point","coordinates":[-100.403294,20.545228]},"properties":{"id":"MX-QUE-5158","nombre":"Prolongacion Los Candiles","portfolio":"MTP","estado":"QUE","municipio":"CORREGIDORA"}},{"type":"Feature","geometry":{"type":"Point","coordinates":[-99.9337,20.7421]},"properties":{"id":"MX-QUE-5159","nombre":"Bernal","portfolio":"MTP","estado":"QUE","municipio":"Ezequiel Montes"}},{"type":"Feature","geometry":{"type":"Point","coordinates":[-100.278417,20.558131]},"properties":{"id":"MX-QUE-5160","nombre":"Alestra","portfolio":"CAPSA","estado":"QUE","municipio":"La Cañada"}},{"type":"Feature","geometry":{"type":"Point","coordinates":[-100.02777778,20.327625]},"properties":{"id":"MX-QUE-5162","nombre":"Buenavista","portfolio":"MTP","estado":"QUE","municipio":"San Juan Del Río"}},{"type":"Feature","geometry":{"type":"Point","coordinates":[-100.36074056,20.52936528]},"properties":{"id":"MX-QUE-5163","nombre":"Cimatario","portfolio":"MTP","estado":"QUE","municipio":"Huimilpan"}},{"type":"Feature","geometry":{"type":"Point","coordinates":[-100.388369,20.630246]},"properties":{"id":"MX-QUE-5167","nombre":"Menchaca","portfolio":"MTP","estado":"QUE","municipio":"Santiago de Querétaro"}},{"type":"Feature","geometry":{"type":"Point","coordinates":[-100.380985,20.587175]},"properties":{"id":"MX-QUE-5169","nombre":"Amadeus","portfolio":"MTP","estado":"QUE","municipio":"Santiago de Querétaro"}},{"type":"Feature","geometry":{"type":"Point","coordinates":[-100.4655639,20.53773611]},"properties":{"id":"MX-QUE-5170","nombre":"Mediterraneo","portfolio":"CAPSA","estado":"QUE","municipio":"Corregidora"}},{"type":"Feature","geometry":{"type":"Point","coordinates":[-99.9919902,20.3886208]},"properties":{"id":"MX-QUE-5171","nombre":"Panamericana","portfolio":"MTP","estado":"QUE","municipio":"San Juan del Río"}},{"type":"Feature","geometry":{"type":"Point","coordinates":[-100.477744,20.637853]},"properties":{"id":"MX-QUE-5172","nombre":"Tlacote II","portfolio":"MTP","estado":"QUE","municipio":"Santiago de Querétaro"}},{"type":"Feature","geometry":{"type":"Point","coordinates":[-100.275786,20.602679]},"properties":{"id":"MX-QUE-5173","nombre":"Ciudad Maderas","portfolio":"MTP","estado":"QUE","municipio":"La Cañada"}},{"type":"Feature","geometry":{"type":"Point","coordinates":[-100.414336,20.636997]},"properties":{"id":"MX-QUE-5174","nombre":"Balcones De San Pablo","portfolio":"MTP","estado":"QUE","municipio":"Querétaro"}},{"type":"Feature","geometry":{"type":"Point","coordinates":[-100.472094,20.657297]},"properties":{"id":"MX-QUE-5175","nombre":"De Las Torres","portfolio":"MTP","estado":"QUE","municipio":"Santiago de Querétaro"}},{"type":"Feature","geometry":{"type":"Point","coordinates":[-100.4388483,20.709945]},"properties":{"id":"MX-QUE-5176","nombre":"La Campana","portfolio":"MTP","estado":"QUE","municipio":"Santiago de Querétaro"}},{"type":"Feature","geometry":{"type":"Point","coordinates":[-100.472131,20.742392]},"properties":{"id":"MX-QUE-5177","nombre":"San Isidro","portfolio":"MTP","estado":"QUE","municipio":"Santiago de Querétaro"}},{"type":"Feature","geometry":{"type":"Point","coordinates":[-100.1521465,20.5120863]},"properties":{"id":"MX-QUE-5178","nombre":"Pedro Escobedo","portfolio":"MTP","estado":"QUE","municipio":"Pedro Escobedo"}},{"type":"Feature","geometry":{"type":"Point","coordinates":[-100.39920556,20.59599444]},"properties":{"id":"MX-QUE-5179","nombre":"Niños Heroes","portfolio":"MTP","estado":"QUE","municipio":"Santiago de Querétaro"}},{"type":"Feature","geometry":{"type":"Point","coordinates":[-100.37708611,20.60688889]},"properties":{"id":"MX-QUE-5180","nombre":"Alamos","portfolio":"MTP","estado":"QUE","municipio":"Querétaro"}},{"type":"Feature","geometry":{"type":"Point","coordinates":[-100.36169,20.5614166]},"properties":{"id":"MX-QUE-5182","nombre":"Centro Civico","portfolio":"MTP","estado":"QUE","municipio":"Querétaro"}},{"type":"Feature","geometry":{"type":"Point","coordinates":[-100.44225,20.698278]},"properties":{"id":"MX-QUE-5183","nombre":"Azul Santa Fe","portfolio":"MTP","estado":"QUE","municipio":"Juriquilla"}},{"type":"Feature","geometry":{"type":"Point","coordinates":[-100.396919,20.557222]},"properties":{"id":"MX-QUE-5184","nombre":"Reforma Agraria","portfolio":"MTP","estado":"QUE","municipio":"Querétaro"}},{"type":"Feature","geometry":{"type":"Point","coordinates":[-100.46266,20.696194]},"properties":{"id":"MX-QUE-5185","nombre":"Cumbres De Juriquilla","portfolio":"MTP","estado":"QUE","municipio":"Querétaro"}},{"type":"Feature","geometry":{"type":"Point","coordinates":[-100.346518,20.592822]},"properties":{"id":"MX-QUE-5186","nombre":"Los Montes","portfolio":"MTP","estado":"QUE","municipio":"Santiago de Querétaro"}},{"type":"Feature","geometry":{"type":"Point","coordinates":[-100.4034167,20.6508361]},"properties":{"id":"MX-QUE-5189","nombre":"Nueva Realidad","portfolio":"MTP","estado":"QUE","municipio":"Querétaro"}},{"type":"Feature","geometry":{"type":"Point","coordinates":[-100.4550417,20.62015556]},"properties":{"id":"MX-QUE-5191","nombre":"Geoplazas","portfolio":"MTP","estado":"QUE","municipio":"Querétaro"}},{"type":"Feature","geometry":{"type":"Point","coordinates":[-100.411,20.56688889]},"properties":{"id":"MX-QUE-5192","nombre":"El Jacal","portfolio":"MTP","estado":"QUE","municipio":"TBD"}},{"type":"Feature","geometry":{"type":"Point","coordinates":[-100.3899528,20.5504667]},"properties":{"id":"MX-QUE-5194","nombre":"Candiles","portfolio":"MTP","estado":"QUE","municipio":"TBD"}},{"type":"Feature","geometry":{"type":"Point","coordinates":[-100.41769444,20.61661111]},"properties":{"id":"MX-QUE-5197","nombre":"Carrillo Puerto","portfolio":"MTP","estado":"QUE","municipio":"TBD"}},{"type":"Feature","geometry":{"type":"Point","coordinates":[-100.40306,20.6600278]},"properties":{"id":"MX-QUE-5201","nombre":"Paseos Del Pedregal","portfolio":"MTP","estado":"QUE","municipio":"TBD"}},{"type":"Feature","geometry":{"type":"Point","coordinates":[-100.40061,20.599111]},"properties":{"id":"MX-QUE-5202","nombre":"Los Alcanfores","portfolio":"MTP","estado":"QUE","municipio":"Querétaro"}},{"type":"Feature","geometry":{"type":"Point","coordinates":[-100.38549,20.590766]},"properties":{"id":"MX-QUE-5203","nombre":"Luis Pasteur","portfolio":"MTP","estado":"QUE","municipio":"Santiago de Querétaro"}},{"type":"Feature","geometry":{"type":"Point","coordinates":[-100.3894722,20.61530556]},"properties":{"id":"MX-QUE-5206","nombre":"Plaza Boulevares","portfolio":"MTP","estado":"QUE","municipio":"Santiago de Querétaro"}},{"type":"Feature","geometry":{"type":"Point","coordinates":[-100.4102222,20.59813889]},"properties":{"id":"MX-QUE-5207","nombre":"La Florida","portfolio":"MTP","estado":"QUE","municipio":"Querétaro"}},{"type":"Feature","geometry":{"type":"Point","coordinates":[-99.958663,20.3896889]},"properties":{"id":"MX-QUE-5208","nombre":"Las Garzas","portfolio":"MTP","estado":"QUE","municipio":"San Juan del Río"}},{"type":"Feature","geometry":{"type":"Point","coordinates":[-100.44911667,20.72828889]},"properties":{"id":"MX-QUE-7001","nombre":"Lomas De Juriquilla","portfolio":"MTP","estado":"QUE","municipio":"Santiago de Querétaro"}},{"type":"Feature","geometry":{"type":"Point","coordinates":[-86.833225,21.149229]},"properties":{"id":"MX-ROO-0000","nombre":"Yaxchilan - Kabah","portfolio":"MTP","estado":"ROO","municipio":"Benito Juarez"}},{"type":"Feature","geometry":{"type":"Point","coordinates":[-86.841503,21.166513]},"properties":{"id":"MX-ROO-0001","nombre":"Portillo Sm91","portfolio":"MTP","estado":"ROO","municipio":"Benito Juarez"}},{"type":"Feature","geometry":{"type":"Point","coordinates":[-86.8461084,21.2099969]},"properties":{"id":"MX-ROO-0005","nombre":"Girasoles","portfolio":"MTP","estado":"ROO","municipio":"Benito Juarez"}},{"type":"Feature","geometry":{"type":"Point","coordinates":[-86.83785,21.19605]},"properties":{"id":"MX-ROO-0006","nombre":"Doctores (Nueva Area)","portfolio":"MTP","estado":"ROO","municipio":"Benito Juarez"}},{"type":"Feature","geometry":{"type":"Point","coordinates":[-87.060192,20.667533]},"properties":{"id":"MX-ROO-0008","nombre":"Mision Villamar","portfolio":"MTP","estado":"ROO","municipio":"Solidaridad"}},{"type":"Feature","geometry":{"type":"Point","coordinates":[-88.314599,18.522939]},"properties":{"id":"MX-ROO-0010","nombre":"Tabi","portfolio":"MTP","estado":"ROO","municipio":"Chetumal"}},{"type":"Feature","geometry":{"type":"Point","coordinates":[-87.32031,20.400232]},"properties":{"id":"MX-ROO-0011","nombre":"Norte Tulum - 4","portfolio":"MTP","estado":"ROO","municipio":"Tulum"}},{"type":"Feature","geometry":{"type":"Point","coordinates":[-86.909623,21.178955]},"properties":{"id":"MX-ROO-0012","nombre":"Madeira","portfolio":"MTP","estado":"ROO","municipio":"Cancún"}},{"type":"Feature","geometry":{"type":"Point","coordinates":[-86.8905205,21.1123859]},"properties":{"id":"MX-ROO-0013","nombre":"Villa Maya","portfolio":"MTP","estado":"ROO","municipio":"Benito Juarez"}},{"type":"Feature","geometry":{"type":"Point","coordinates":[-87.1212872,20.6710862]},"properties":{"id":"MX-ROO-0015","nombre":"Pavorreal","portfolio":"MTP","estado":"ROO","municipio":"Solidaridad"}},{"type":"Feature","geometry":{"type":"Point","coordinates":[-87.601606,20.8728333]},"properties":{"id":"MX-ROO-0016","nombre":"Carr-Mer-Can/Nvo Xcan-Zgz","portfolio":"MTP","estado":"ROO","municipio":"Quintana Roo"}},{"type":"Feature","geometry":{"type":"Point","coordinates":[-86.827244,21.1682722]},"properties":{"id":"MX-ROO-0018","nombre":"Tulum - Uxmal","portfolio":"MTP","estado":"ROO","municipio":"Benito Juárez"}},{"type":"Feature","geometry":{"type":"Point","coordinates":[-88.22685,19.28712]},"properties":{"id":"MX-ROO-0021","nombre":"Petcacab","portfolio":"MTP","estado":"ROO","municipio":"Quintana Roo"}},{"type":"Feature","geometry":{"type":"Point","coordinates":[-88.58598,19.86201]},"properties":{"id":"MX-ROO-0022","nombre":"La Esperanza","portfolio":"MTP","estado":"ROO","municipio":"Quintana Roo"}},{"type":"Feature","geometry":{"type":"Point","coordinates":[-87.140129,20.661084]},"properties":{"id":"MX-ROO-0027","nombre":"Maria Victoria","portfolio":"MTP","estado":"ROO","municipio":"Solidaridad"}},{"type":"Feature","geometry":{"type":"Point","coordinates":[-87.344278,20.361472]},"properties":{"id":"MX-ROO-5005","nombre":"Akumal","portfolio":"MTP","estado":"ROO","municipio":"Tulum"}},{"type":"Feature","geometry":{"type":"Point","coordinates":[-88.2781944,18.5251667]},"properties":{"id":"MX-ROO-5006","nombre":"Universidad","portfolio":"MTP","estado":"ROO","municipio":"Chetumal"}},{"type":"Feature","geometry":{"type":"Point","coordinates":[-88.3961944,18.6796333]},"properties":{"id":"MX-ROO-5007","nombre":"Bacalar","portfolio":"MTP","estado":"ROO","municipio":"Bacalar"}},{"type":"Feature","geometry":{"type":"Point","coordinates":[-87.2314139,20.5061333]},"properties":{"id":"MX-ROO-5009","nombre":"Sur Playa - 2","portfolio":"MTP","estado":"ROO","municipio":"Playa del Carmen"}},{"type":"Feature","geometry":{"type":"Point","coordinates":[-88.3064694,18.5011917]},"properties":{"id":"MX-ROO-5010","nombre":"Alvaro Obregon","portfolio":"MTP","estado":"ROO","municipio":"Chetumal"}},{"type":"Feature","geometry":{"type":"Point","coordinates":[-87.04969444,20.65761111]},"properties":{"id":"MX-ROO-5011","nombre":"Reef","portfolio":"MTP","estado":"ROO","municipio":"Playa del Carmen"}},{"type":"Feature","geometry":{"type":"Point","coordinates":[-86.74456389,21.13432778]},"properties":{"id":"MX-ROO-5015","nombre":"Punta Cancun","portfolio":"CAPSA","estado":"ROO","municipio":"Cancún"}},{"type":"Feature","geometry":{"type":"Point","coordinates":[-88.28472222,18.50083333]},"properties":{"id":"MX-ROO-5016","nombre":"Casino","portfolio":"CAPSA","estado":"ROO","municipio":"Chetumal"}},{"type":"Feature","geometry":{"type":"Point","coordinates":[-86.8230714,21.1438573]},"properties":{"id":"MX-ROO-5017","nombre":"Plaza Las Americas","portfolio":"CAPSA","estado":"ROO","municipio":"Cancún"}},{"type":"Feature","geometry":{"type":"Point","coordinates":[-86.82153333,21.17296667]},"properties":{"id":"MX-ROO-5018","nombre":"Radisson","portfolio":"CAPSA","estado":"ROO","municipio":"Cancún"}},{"type":"Feature","geometry":{"type":"Point","coordinates":[-86.83036667,21.14308333]},"properties":{"id":"MX-ROO-5019","nombre":"Gaviotas","portfolio":"CAPSA","estado":"ROO","municipio":"Cancún"}},{"type":"Feature","geometry":{"type":"Point","coordinates":[-86.84485,21.10561667]},"properties":{"id":"MX-ROO-5020","nombre":"Cumbres","portfolio":"CAPSA","estado":"ROO","municipio":"Cancún"}},{"type":"Feature","geometry":{"type":"Point","coordinates":[-86.87280556,21.17125]},"properties":{"id":"MX-ROO-5021","nombre":"Las Islas","portfolio":"CAPSA","estado":"ROO","municipio":"Cancún"}},{"type":"Feature","geometry":{"type":"Point","coordinates":[-87.06145,20.66855]},"properties":{"id":"MX-ROO-5022","nombre":"Escualo","portfolio":"CAPSA","estado":"ROO","municipio":"Playa del Carmen"}},{"type":"Feature","geometry":{"type":"Point","coordinates":[-86.88722222,21.18166667]},"properties":{"id":"MX-ROO-5024","nombre":"Mosquito","portfolio":"CAPSA","estado":"ROO","municipio":"Cancún"}},{"type":"Feature","geometry":{"type":"Point","coordinates":[-86.82669167,21.15786944]},"properties":{"id":"MX-ROO-5025","nombre":"Cancun","portfolio":"CAPSA","estado":"ROO","municipio":"Cancún"}},{"type":"Feature","geometry":{"type":"Point","coordinates":[-86.88161667,21.11676944]},"properties":{"id":"MX-ROO-5026","nombre":"Villas Del Arte","portfolio":"CAPSA","estado":"ROO","municipio":"Cancún"}},{"type":"Feature","geometry":{"type":"Point","coordinates":[-86.91822778,21.14346944]},"properties":{"id":"MX-ROO-5027","nombre":"Paraiso Maya","portfolio":"CAPSA","estado":"ROO","municipio":"Cancún"}},{"type":"Feature","geometry":{"type":"Point","coordinates":[-86.82388889,21.1375]},"properties":{"id":"MX-ROO-5028","nombre":"Magna 2","portfolio":"CAPSA","estado":"ROO","municipio":"Cancún"}},{"type":"Feature","geometry":{"type":"Point","coordinates":[-86.85291389,21.20030833]},"properties":{"id":"MX-ROO-5029","nombre":"Circuito Noreste","portfolio":"CAPSA","estado":"ROO","municipio":"Cancún"}},{"type":"Feature","geometry":{"type":"Point","coordinates":[-86.855663,21.01363]},"properties":{"id":"MX-ROO-5030","nombre":"Puerta Eden","portfolio":"CAPSA","estado":"ROO","municipio":"Cancún"}},{"type":"Feature","geometry":{"type":"Point","coordinates":[-86.95247222,20.77058333]},"properties":{"id":"MX-ROO-5032","nombre":"Hotel San Valentin","portfolio":"CAPSA","estado":"ROO","municipio":"Solidaridad"}},{"type":"Feature","geometry":{"type":"Point","coordinates":[-86.83139167,21.150575]},"properties":{"id":"MX-ROO-5034","nombre":"La Gringa","portfolio":"CAPSA","estado":"ROO","municipio":"Cancún"}},{"type":"Feature","geometry":{"type":"Point","coordinates":[-86.74969444,21.13002778]},"properties":{"id":"MX-ROO-5035","nombre":"Maralago","portfolio":"CAPSA","estado":"ROO","municipio":"Cancún"}},{"type":"Feature","geometry":{"type":"Point","coordinates":[-86.77233056,21.08156111]},"properties":{"id":"MX-ROO-5036","nombre":"FA Condesa","portfolio":"CAPSA","estado":"ROO","municipio":"Cancún"}},{"type":"Feature","geometry":{"type":"Point","coordinates":[-86.815225,21.16368056]},"properties":{"id":"MX-ROO-5037","nombre":"Puerto Nova Cancun","portfolio":"MTP","estado":"ROO","municipio":"Cancún"}},{"type":"Feature","geometry":{"type":"Point","coordinates":[-86.89383333,20.83069444]},"properties":{"id":"MX-ROO-5038","nombre":"Now Jade","portfolio":"MTP","estado":"ROO","municipio":"PUERTO MORELOS"}},{"type":"Feature","geometry":{"type":"Point","coordinates":[-86.86580556,20.87958333]},"properties":{"id":"MX-ROO-5039","nombre":"Now Sapphire","portfolio":"MTP","estado":"ROO","municipio":"PUERTO MORELOS"}},{"type":"Feature","geometry":{"type":"Point","coordinates":[-86.888922,20.880528]},"properties":{"id":"MX-ROO-5040","nombre":"Puerto Morelos","portfolio":"MTP","estado":"ROO","municipio":"Puerto Morelos"}},{"type":"Feature","geometry":{"type":"Point","coordinates":[-87.071768,20.636154]},"properties":{"id":"MX-ROO-5065","nombre":"Paraiso Del Carmen","portfolio":"MTP","estado":"ROO","municipio":"Playa del Carmen"}},{"type":"Feature","geometry":{"type":"Point","coordinates":[-86.88784444,21.12679167]},"properties":{"id":"MX-ROO-5066","nombre":"Itzales","portfolio":"MTP","estado":"ROO","municipio":"Cancún"}},{"type":"Feature","geometry":{"type":"Point","coordinates":[-87.12027,20.671979]},"properties":{"id":"MX-ROO-5067","nombre":"Franz","portfolio":"MTP","estado":"ROO","municipio":"Playa del Carmen"}},{"type":"Feature","geometry":{"type":"Point","coordinates":[-87.07500278,20.62858611]},"properties":{"id":"MX-ROO-5070","nombre":"Antares","portfolio":"CAPSA","estado":"ROO","municipio":"Playa del Carmen"}},{"type":"Feature","geometry":{"type":"Point","coordinates":[-87.05661,20.651521]},"properties":{"id":"MX-ROO-5071","nombre":"Marlyn","portfolio":"MTP","estado":"ROO","municipio":"Playa del Carmen"}},{"type":"Feature","geometry":{"type":"Point","coordinates":[-86.872498,21.152418]},"properties":{"id":"MX-ROO-5072","nombre":"Pavilion","portfolio":"MTP","estado":"ROO","municipio":"Cancún"}},{"type":"Feature","geometry":{"type":"Point","coordinates":[-86.835085,21.1628]},"properties":{"id":"MX-ROO-5073","nombre":"Punta Nizuc","portfolio":"MTP","estado":"ROO","municipio":"Cancún"}},{"type":"Feature","geometry":{"type":"Point","coordinates":[-86.88708,21.16696]},"properties":{"id":"MX-ROO-5083","nombre":"La Union","portfolio":"MTP","estado":"ROO","municipio":"Cancún"}},{"type":"Feature","geometry":{"type":"Point","coordinates":[-87.0761559,20.669972]},"properties":{"id":"MX-ROO-5088","nombre":"Chilam","portfolio":"MTP","estado":"ROO","municipio":"Solidaridad"}},{"type":"Feature","geometry":{"type":"Point","coordinates":[-86.825025,21.145475]},"properties":{"id":"MX-ROO-5089","nombre":"Aplaza americas","portfolio":"MTP","estado":"ROO","municipio":"Cancún"}},{"type":"Feature","geometry":{"type":"Point","coordinates":[-87.379389,21.522222]},"properties":{"id":"MX-ROO-5091","nombre":"Isla Holbox","portfolio":"MTP","estado":"ROO","municipio":"Isla Holbox"}},{"type":"Feature","geometry":{"type":"Point","coordinates":[-86.85556944,21.18700833]},"properties":{"id":"MX-ROO-5092","nombre":"Circuito Vial","portfolio":"MTP","estado":"ROO","municipio":"Cancún"}},{"type":"Feature","geometry":{"type":"Point","coordinates":[-87.033972,20.682556]},"properties":{"id":"MX-ROO-5093","nombre":"Grand Velas","portfolio":"MTP","estado":"ROO","municipio":"Quintana Roo"}},{"type":"Feature","geometry":{"type":"Point","coordinates":[-87.022069,20.675367]},"properties":{"id":"MX-ROO-5094","nombre":"Grand Velas I","portfolio":"MTP","estado":"ROO","municipio":"Solidaridad"}},{"type":"Feature","geometry":{"type":"Point","coordinates":[-87.0775861,20.6532528]},"properties":{"id":"MX-ROO-5096","nombre":"Negro Divino","portfolio":"MTP","estado":"ROO","municipio":"TBD"}},{"type":"Feature","geometry":{"type":"Point","coordinates":[-86.8763852,21.1338865]},"properties":{"id":"MX-ROO-5098","nombre":"Av Cancun","portfolio":"MTP","estado":"ROO","municipio":"Quintana Roo"}},{"type":"Feature","geometry":{"type":"Point","coordinates":[-86.889167,21.1497222]},"properties":{"id":"MX-ROO-5102","nombre":"Smz 102","portfolio":"MTP","estado":"ROO","municipio":"Quintana Roo"}},{"type":"Feature","geometry":{"type":"Point","coordinates":[-107.355,24.7233333]},"properties":{"id":"MX-SIN-0002","nombre":"Tule","portfolio":"MTP","estado":"SIN","municipio":"Culiacán"}},{"type":"Feature","geometry":{"type":"Point","coordinates":[-107.395833,24.823056]},"properties":{"id":"MX-SIN-0003","nombre":"Tierra Blanca","portfolio":"MTP","estado":"SIN","municipio":"Culiacán"}},{"type":"Feature","geometry":{"type":"Point","coordinates":[-106.428583,23.2517639]},"properties":{"id":"MX-SIN-0005","nombre":"Toreo","portfolio":"MTP","estado":"SIN","municipio":"Mazatlán"}},{"type":"Feature","geometry":{"type":"Point","coordinates":[-106.420667,23.2261333]},"properties":{"id":"MX-SIN-0007","nombre":"Vendedores","portfolio":"MTP","estado":"SIN","municipio":"Mazatlán"}},{"type":"Feature","geometry":{"type":"Point","coordinates":[-107.4181,24.76006]},"properties":{"id":"MX-SIN-0008","nombre":"Nakayama","portfolio":"MTP","estado":"SIN","municipio":"Culiacán"}},{"type":"Feature","geometry":{"type":"Point","coordinates":[-107.357972,24.801361]},"properties":{"id":"MX-SIN-0009","nombre":"Satélite","portfolio":"MTP","estado":"SIN","municipio":"Culiacán"}},{"type":"Feature","geometry":{"type":"Point","coordinates":[-107.529622,24.662139]},"properties":{"id":"MX-SIN-0011","nombre":"La 20","portfolio":"MTP","estado":"SIN","municipio":"Novolato"}},{"type":"Feature","geometry":{"type":"Point","coordinates":[-107.41392,24.84285]},"properties":{"id":"MX-SIN-0012","nombre":"El Limoncito","portfolio":"MTP","estado":"SIN","municipio":"Culiacán"}},{"type":"Feature","geometry":{"type":"Point","coordinates":[-106.222867,23.185845]},"properties":{"id":"MX-SIN-0013","nombre":"Villa Union B","portfolio":"MTP","estado":"SIN","municipio":"Mazatlán"}},{"type":"Feature","geometry":{"type":"Point","coordinates":[-108.92444,25.9480556]},"properties":{"id":"MX-SIN-0014","nombre":"Mochicahui","portfolio":"MTP","estado":"SIN","municipio":"El Fuerte"}},{"type":"Feature","geometry":{"type":"Point","coordinates":[-108.9916,25.79404]},"properties":{"id":"MX-SIN-0015","nombre":"Centro","portfolio":"MTP","estado":"SIN","municipio":"Los Mochis"}},{"type":"Feature","geometry":{"type":"Point","coordinates":[-108.315,25.7077778]},"properties":{"id":"MX-SIN-0017","nombre":"Estacion Bamoa","portfolio":"MTP","estado":"SIN","municipio":"Guasave"}},{"type":"Feature","geometry":{"type":"Point","coordinates":[-106.40304,23.2187221]},"properties":{"id":"MX-SIN-0018","nombre":"Agustin Melgar","portfolio":"MTP","estado":"SIN","municipio":"Mazatlán"}},{"type":"Feature","geometry":{"type":"Point","coordinates":[-107.34836,24.7931166]},"properties":{"id":"MX-SIN-0019","nombre":"7 Gotas","portfolio":"MTP","estado":"SIN","municipio":"Culiacán"}},{"type":"Feature","geometry":{"type":"Point","coordinates":[-107.38435,24.8327833]},"properties":{"id":"MX-SIN-0022","nombre":"Villa Universidad","portfolio":"MTP","estado":"SIN","municipio":"Culiacán"}},{"type":"Feature","geometry":{"type":"Point","coordinates":[-108.72152,25.7058527]},"properties":{"id":"MX-SIN-0023","nombre":"Ruiz Cortines II","portfolio":"MTP","estado":"SIN","municipio":"Guasave"}},{"type":"Feature","geometry":{"type":"Point","coordinates":[-107.381929,24.804885]},"properties":{"id":"MX-SIN-0024","nombre":"Las Vegas","portfolio":"MTP","estado":"SIN","municipio":"Sinaloa"}},{"type":"Feature","geometry":{"type":"Point","coordinates":[-108.632222,25.664722]},"properties":{"id":"MX-SIN-0025","nombre":"Gabriel Leyva","portfolio":"MTP","estado":"SIN","municipio":"Guasave"}},{"type":"Feature","geometry":{"type":"Point","coordinates":[-106.274419,23.172944]},"properties":{"id":"MX-SIN-0027","nombre":"Aeropuerto","portfolio":"MTP","estado":"SIN","municipio":"Mazatlan"}},{"type":"Feature","geometry":{"type":"Point","coordinates":[-106.40367,23.262472]},"properties":{"id":"MX-SIN-0028","nombre":"Valle Dorado","portfolio":"MTP","estado":"SIN","municipio":"Mazatlán"}},{"type":"Feature","geometry":{"type":"Point","coordinates":[-108.45833,25.4454472]},"properties":{"id":"MX-SIN-0029","nombre":"Tamazula","portfolio":"MTP","estado":"SIN","municipio":"Sinaloa"}},{"type":"Feature","geometry":{"type":"Point","coordinates":[-105.849444,22.7283333]},"properties":{"id":"MX-SIN-0030","nombre":"Isla De Bosques","portfolio":"MTP","estado":"SIN","municipio":"Sinaloa"}},{"type":"Feature","geometry":{"type":"Point","coordinates":[-109.23158,25.940717]},"properties":{"id":"MX-SIN-0031","nombre":"San Jose De Ahome","portfolio":"MTP","estado":"SIN","municipio":"Sinaloa"}},{"type":"Feature","geometry":{"type":"Point","coordinates":[-106.428856,23.2343333]},"properties":{"id":"MX-SIN-0035","nombre":"Acuario","portfolio":"MTP","estado":"SIN","municipio":"Sinaloa"}},{"type":"Feature","geometry":{"type":"Point","coordinates":[-109.30778,25.9683333]},"properties":{"id":"MX-SIN-0037","nombre":"Higuera","portfolio":"MTP","estado":"SIN","municipio":"TBD"}},{"type":"Feature","geometry":{"type":"Point","coordinates":[-105.8768,23.0343278]},"properties":{"id":"MX-SIN-0041","nombre":"La Palma","portfolio":"MTP","estado":"SIN","municipio":"Rosario"}},{"type":"Feature","geometry":{"type":"Point","coordinates":[-106.397597,23.271598]},"properties":{"id":"MX-SIN-0042","nombre":"El Pozole","portfolio":"MTP","estado":"SIN","municipio":"Sinaloa"}},{"type":"Feature","geometry":{"type":"Point","coordinates":[-105.966621,22.903682]},"properties":{"id":"MX-SIN-5001","nombre":"Aguaverde","portfolio":"MTP","estado":"SIN","municipio":"Rosario"}},{"type":"Feature","geometry":{"type":"Point","coordinates":[-106.430653,23.276332]},"properties":{"id":"MX-SIN-5002","nombre":"Amapa","portfolio":"MTP","estado":"SIN","municipio":"Mazatlán"}},{"type":"Feature","geometry":{"type":"Point","coordinates":[-108.47600556,25.58825556]},"properties":{"id":"MX-SIN-5003","nombre":"Zona Industrial","portfolio":"MTP","estado":"SIN","municipio":"Guasave"}},{"type":"Feature","geometry":{"type":"Point","coordinates":[-107.39916667,24.845]},"properties":{"id":"MX-SIN-5004","nombre":"Eucalipto","portfolio":"MTP","estado":"SIN","municipio":"Culiacán"}},{"type":"Feature","geometry":{"type":"Point","coordinates":[-109.05078056,25.95098611]},"properties":{"id":"MX-SIN-5005","nombre":"San Miguel Zapotitlan","portfolio":"MTP","estado":"SIN","municipio":"Ahome"}},{"type":"Feature","geometry":{"type":"Point","coordinates":[-107.370184,24.824193]},"properties":{"id":"MX-SIN-5006","nombre":"Musala","portfolio":"MTP","estado":"SIN","municipio":"Culiacán"}},{"type":"Feature","geometry":{"type":"Point","coordinates":[-107.532722,24.657222]},"properties":{"id":"MX-SIN-5008","nombre":"Campo Gobierno","portfolio":"MTP","estado":"SIN","municipio":"Navolato"}},{"type":"Feature","geometry":{"type":"Point","coordinates":[-105.6184722,22.72808333]},"properties":{"id":"MX-SIN-5011","nombre":"El Trebol","portfolio":"MTP","estado":"SIN","municipio":"Escuinapa"}},{"type":"Feature","geometry":{"type":"Point","coordinates":[-107.34683,24.8067]},"properties":{"id":"MX-SIN-5013","nombre":"El Barrio","portfolio":"MTP","estado":"SIN","municipio":"Culiacán"}},{"type":"Feature","geometry":{"type":"Point","coordinates":[-106.4095278,23.24302778]},"properties":{"id":"MX-SIN-5014","nombre":"Villa Galaxia","portfolio":"MTP","estado":"SIN","municipio":"Mazatlán"}},{"type":"Feature","geometry":{"type":"Point","coordinates":[-107.37443,24.84125]},"properties":{"id":"MX-SIN-5015","nombre":"Cosmos","portfolio":"MTP","estado":"SIN","municipio":"Culiacán"}},{"type":"Feature","geometry":{"type":"Point","coordinates":[-107.46769444,24.75646944]},"properties":{"id":"MX-SIN-5016","nombre":"Las Terrazas","portfolio":"MTP","estado":"SIN","municipio":"Culiacán"}},{"type":"Feature","geometry":{"type":"Point","coordinates":[-101.31620556,20.95681389]},"properties":{"id":"MX-SIN-5017","nombre":"Cuevas","portfolio":"MTP","estado":"GUA","municipio":"Guanajuato"}},{"type":"Feature","geometry":{"type":"Point","coordinates":[-107.52988611,24.91959444]},"properties":{"id":"MX-SIN-5019","nombre":"El Limon De Ramos","portfolio":"MTP","estado":"SIN","municipio":"Culiacán"}},{"type":"Feature","geometry":{"type":"Point","coordinates":[-109.00075556,25.82723333]},"properties":{"id":"MX-SIN-5020","nombre":"Abeto","portfolio":"MTP","estado":"SIN","municipio":"Ahome"}},{"type":"Feature","geometry":{"type":"Point","coordinates":[-106.36841111,23.22571667]},"properties":{"id":"MX-SIN-5021","nombre":"Villa Del Real","portfolio":"MTP","estado":"SIN","municipio":"Mazatlán"}},{"type":"Feature","geometry":{"type":"Point","coordinates":[-107.55605,24.65147778]},"properties":{"id":"MX-SIN-5024","nombre":"Campo Gobierno","portfolio":"MTP","estado":"SIN","municipio":"Navolato"}},{"type":"Feature","geometry":{"type":"Point","coordinates":[-107.37197222,24.75223611]},"properties":{"id":"MX-SIN-5025","nombre":"El Ranchito","portfolio":"MTP","estado":"SIN","municipio":"Culiacán"}},{"type":"Feature","geometry":{"type":"Point","coordinates":[-106.90169444,23.91308056]},"properties":{"id":"MX-SIN-5026","nombre":"El Pedregal","portfolio":"MTP","estado":"SIN","municipio":"Elota"}},{"type":"Feature","geometry":{"type":"Point","coordinates":[-108.06840833,25.46616389]},"properties":{"id":"MX-SIN-5027","nombre":"Ninos Heroes","portfolio":"MTP","estado":"SIN","municipio":"Guamúchil"}},{"type":"Feature","geometry":{"type":"Point","coordinates":[-108.99324722,25.74410556]},"properties":{"id":"MX-SIN-5028","nombre":"Nuevo Siglo","portfolio":"MTP","estado":"SIN","municipio":"Ahome"}},{"type":"Feature","geometry":{"type":"Point","coordinates":[-108.6156528,26.4236]},"properties":{"id":"MX-SIN-5029","nombre":"El Fuerte","portfolio":"MTP","estado":"SIN","municipio":"El Fuerte"}},{"type":"Feature","geometry":{"type":"Point","coordinates":[-107.41216667,24.79516667]},"properties":{"id":"MX-SIN-5030","nombre":"Culiacan","portfolio":"CAPSA","estado":"SIN","municipio":"Culiacán"}},{"type":"Feature","geometry":{"type":"Point","coordinates":[-108.99,25.79666667]},"properties":{"id":"MX-SIN-5031","nombre":"Los Mochis","portfolio":"CAPSA","estado":"SIN","municipio":"Ahome"}},{"type":"Feature","geometry":{"type":"Point","coordinates":[-101.42397,26.889392]},"properties":{"id":"MX-SIN-5032","nombre":"Mayo","portfolio":"CAPSA","estado":"COA","municipio":"Monclova"}},{"type":"Feature","geometry":{"type":"Point","coordinates":[-106.448087,23.249292]},"properties":{"id":"MX-SIN-5033","nombre":"Lomas De Mazatlán V2","portfolio":"CAPSA","estado":"SIN","municipio":"Mazatlán"}},{"type":"Feature","geometry":{"type":"Point","coordinates":[-107.3786611,24.80955833]},"properties":{"id":"MX-SIN-5034","nombre":"Guelatao","portfolio":"MTP","estado":"SIN","municipio":"Culiacán"}},{"type":"Feature","geometry":{"type":"Point","coordinates":[-106.39278889,23.27918333]},"properties":{"id":"MX-SIN-5035","nombre":"Nuevo Milenio","portfolio":"MTP","estado":"SIN","municipio":"Mazatlán"}},{"type":"Feature","geometry":{"type":"Point","coordinates":[-109.01531389,25.77485]},"properties":{"id":"MX-SIN-5036","nombre":"Alameda","portfolio":"MTP","estado":"SIN","municipio":"Ahome"}},{"type":"Feature","geometry":{"type":"Point","coordinates":[-107.4032266,24.7578657]},"properties":{"id":"MX-SIN-5039","nombre":"Paseo San Isidro","portfolio":"MTP","estado":"SIN","municipio":"Culiacan"}},{"type":"Feature","geometry":{"type":"Point","coordinates":[-106.4272429,23.2875325]},"properties":{"id":"MX-SIN-5045","nombre":"Coto","portfolio":"MTP","estado":"SIN","municipio":"Mazatlan"}},{"type":"Feature","geometry":{"type":"Point","coordinates":[-108.0858611,25.48371944]},"properties":{"id":"MX-SIN-5048","nombre":"Alamo","portfolio":"MTP","estado":"SIN","municipio":"Guamúchil"}},{"type":"Feature","geometry":{"type":"Point","coordinates":[-107.3980694,24.80697778]},"properties":{"id":"MX-SIN-5050","nombre":"Centro Culiacan","portfolio":"MTP","estado":"SIN","municipio":"Culiacán"}},{"type":"Feature","geometry":{"type":"Point","coordinates":[-106.417099,23.196963]},"properties":{"id":"MX-SIN-5051","nombre":"Miguel Aleman","portfolio":"MTP","estado":"SIN","municipio":"Mazatlán"}},{"type":"Feature","geometry":{"type":"Point","coordinates":[-106.46408333,23.26723889]},"properties":{"id":"MX-SIN-5114","nombre":"Villa Estefania","portfolio":"MTP","estado":"SIN","municipio":"Mazatlán"}},{"type":"Feature","geometry":{"type":"Point","coordinates":[-107.45175,24.82922222]},"properties":{"id":"MX-SIN-5116","nombre":"Cedro","portfolio":"MTP","estado":"SIN","municipio":"Culiacán"}},{"type":"Feature","geometry":{"type":"Point","coordinates":[-106.44725556,23.27291667]},"properties":{"id":"MX-SIN-5117","nombre":"Club Real","portfolio":"MTP","estado":"SIN","municipio":"Mazatlán"}},{"type":"Feature","geometry":{"type":"Point","coordinates":[-107.39551389,24.8150278]},"properties":{"id":"MX-SIN-5119","nombre":"Obregón","portfolio":"MTP","estado":"SIN","municipio":"Culiacán"}},{"type":"Feature","geometry":{"type":"Point","coordinates":[-107.39055,24.592736]},"properties":{"id":"MX-SIN-5121","nombre":"Seccion 106","portfolio":"MTP","estado":"SIN","municipio":"Culiacán"}},{"type":"Feature","geometry":{"type":"Point","coordinates":[-109.291867,25.971258]},"properties":{"id":"MX-SIN-5122","nombre":"Cerro Cumichi","portfolio":"MTP","estado":"SIN","municipio":"Ahome"}},{"type":"Feature","geometry":{"type":"Point","coordinates":[-108.618769,26.406201]},"properties":{"id":"MX-SIN-5123","nombre":"Don Porfirio","portfolio":"MTP","estado":"SIN","municipio":"El Fuerte"}},{"type":"Feature","geometry":{"type":"Point","coordinates":[-107.368806,24.322167]},"properties":{"id":"MX-SIN-5124","nombre":"Redo","portfolio":"MTP","estado":"SIN","municipio":"Culiacán"}},{"type":"Feature","geometry":{"type":"Point","coordinates":[-106.312611,23.263806]},"properties":{"id":"MX-SIN-5125","nombre":"Santo Niño","portfolio":"MTP","estado":"SIN","municipio":"Mazatlán"}},{"type":"Feature","geometry":{"type":"Point","coordinates":[-107.409973,24.749556]},"properties":{"id":"MX-SIN-5127","nombre":"Iberica","portfolio":"MTP","estado":"SIN","municipio":"TBD"}},{"type":"Feature","geometry":{"type":"Point","coordinates":[-107.476261,24.773333]},"properties":{"id":"MX-SIN-5137","nombre":"Bachigualato","portfolio":"MTP","estado":"SIN","municipio":"Culiacán"}},{"type":"Feature","geometry":{"type":"Point","coordinates":[-109.174881,25.915094]},"properties":{"id":"MX-SIN-5139","nombre":"Ahome","portfolio":"MTP","estado":"SIN","municipio":"Ahome"}},{"type":"Feature","geometry":{"type":"Point","coordinates":[-106.379447,23.245883]},"properties":{"id":"MX-SIN-5141","nombre":"El Conchi","portfolio":"MTP","estado":"SIN","municipio":"Mazatlán"}},{"type":"Feature","geometry":{"type":"Point","coordinates":[-107.37633889,24.32640833]},"properties":{"id":"MX-SIN-5142","nombre":"El Dorado","portfolio":"MTP","estado":"SIN","municipio":"El dorado"}},{"type":"Feature","geometry":{"type":"Point","coordinates":[-105.860203,22.9880111]},"properties":{"id":"MX-SIN-5143","nombre":"El Rosario","portfolio":"MTP","estado":"SIN","municipio":"San Quintín"}},{"type":"Feature","geometry":{"type":"Point","coordinates":[-108.059608,25.450831]},"properties":{"id":"MX-SIN-5144","nombre":"Guamuchil II","portfolio":"MTP","estado":"SIN","municipio":"Guamúchil"}},{"type":"Feature","geometry":{"type":"Point","coordinates":[-107.37939167,24.83924444]},"properties":{"id":"MX-SIN-5145","nombre":"Jaramillo","portfolio":"MTP","estado":"SIN","municipio":"Culiacán"}},{"type":"Feature","geometry":{"type":"Point","coordinates":[-108.824494,25.749586]},"properties":{"id":"MX-SIN-5146","nombre":"JJ Ríos","portfolio":"MTP","estado":"SIN","municipio":"Guasave"}},{"type":"Feature","geometry":{"type":"Point","coordinates":[-107.919086,25.476333]},"properties":{"id":"MX-SIN-5147","nombre":"Mocorito","portfolio":"MTP","estado":"SIN","municipio":"Mocorito"}},{"type":"Feature","geometry":{"type":"Point","coordinates":[-107.419444,24.783611]},"properties":{"id":"MX-SIN-5148","nombre":"MSC Alvarado","portfolio":"MTP","estado":"SIN","municipio":"Culiacán"}},{"type":"Feature","geometry":{"type":"Point","coordinates":[-107.389997,24.757494]},"properties":{"id":"MX-SIN-5149","nombre":"Parque 87","portfolio":"MTP","estado":"SIN","municipio":"Culiacán"}},{"type":"Feature","geometry":{"type":"Point","coordinates":[-109.000717,25.812439]},"properties":{"id":"MX-SIN-5150","nombre":"Teresita","portfolio":"MTP","estado":"SIN","municipio":"Ahome"}},{"type":"Feature","geometry":{"type":"Point","coordinates":[-106.890981,23.921541]},"properties":{"id":"MX-SIN-5151","nombre":"La Cruz","portfolio":"MTP","estado":"SIN","municipio":"Elota"}},{"type":"Feature","geometry":{"type":"Point","coordinates":[-107.4319058,24.814008]},"properties":{"id":"MX-SIN-5153","nombre":"Horizonte","portfolio":"MTP","estado":"SIN","municipio":"Culiacán"}},{"type":"Feature","geometry":{"type":"Point","coordinates":[-107.370322,24.807867]},"properties":{"id":"MX-SIN-5154","nombre":"Aurora","portfolio":"MTP","estado":"SIN","municipio":"Culiacán"}},{"type":"Feature","geometry":{"type":"Point","coordinates":[-107.385533,24.808652]},"properties":{"id":"MX-SIN-5155","nombre":"Harem","portfolio":"MTP","estado":"SIN","municipio":"Culiacán"}},{"type":"Feature","geometry":{"type":"Point","coordinates":[-107.43952,24.777885]},"properties":{"id":"MX-SIN-5156","nombre":"Niza","portfolio":"MTP","estado":"SIN","municipio":"Culiacán"}},{"type":"Feature","geometry":{"type":"Point","coordinates":[-106.432024,23.257838]},"properties":{"id":"MX-SIN-5157","nombre":"Delfin","portfolio":"MTP","estado":"SIN","municipio":"Mazatlán"}},{"type":"Feature","geometry":{"type":"Point","coordinates":[-107.364472,24.801696]},"properties":{"id":"MX-SIN-5158","nombre":"Margarita","portfolio":"MTP","estado":"SIN","municipio":"Culiacán"}},{"type":"Feature","geometry":{"type":"Point","coordinates":[-107.412847,24.832455]},"properties":{"id":"MX-SIN-5159","nombre":"Magisterio","portfolio":"MTP","estado":"SIN","municipio":"Culiacán"}},{"type":"Feature","geometry":{"type":"Point","coordinates":[-107.435341,24.816772]},"properties":{"id":"MX-SIN-5160","nombre":"Tuna","portfolio":"MTP","estado":"SIN","municipio":"Culiacán"}},{"type":"Feature","geometry":{"type":"Point","coordinates":[-107.384171,24.830671]},"properties":{"id":"MX-SIN-5161","nombre":"Universitario","portfolio":"MTP","estado":"SIN","municipio":"Culiacán"}},{"type":"Feature","geometry":{"type":"Point","coordinates":[-109.017103,25.791823]},"properties":{"id":"MX-SIN-5164","nombre":"Jamaica","portfolio":"MTP","estado":"SIN","municipio":"Ahome"}},{"type":"Feature","geometry":{"type":"Point","coordinates":[-106.42051,23.20538]},"properties":{"id":"MX-SIN-5165","nombre":"Horus","portfolio":"MTP","estado":"SIN","municipio":"Mazatlán"}},{"type":"Feature","geometry":{"type":"Point","coordinates":[-106.424722,23.189722]},"properties":{"id":"MX-SIN-5166","nombre":"Playa Sur","portfolio":"MTP","estado":"SIN","municipio":"Mazatlán"}},{"type":"Feature","geometry":{"type":"Point","coordinates":[-107.40229,24.79175556]},"properties":{"id":"MX-SIN-5168","nombre":"Popular","portfolio":"MTP","estado":"SIN","municipio":"Culiacán Rosales"}},{"type":"Feature","geometry":{"type":"Point","coordinates":[-109.022499,25.7954998]},"properties":{"id":"MX-SIN-5171","nombre":"Terra","portfolio":"MTP","estado":"SIN","municipio":"Los Mochis"}},{"type":"Feature","geometry":{"type":"Point","coordinates":[-107.38911,24.8057583]},"properties":{"id":"MX-SIN-5173","nombre":"Mercadito","portfolio":"MTP","estado":"SIN","municipio":"Culiacán Rosales"}},{"type":"Feature","geometry":{"type":"Point","coordinates":[-101.0085833,22.174075]},"properties":{"id":"MX-SLP-0010","nombre":"UVM","portfolio":"MTP","estado":"SLP","municipio":"San Luis Potosi"}},{"type":"Feature","geometry":{"type":"Point","coordinates":[-100.966361,22.235056]},"properties":{"id":"MX-SLP-0011","nombre":"Fraccion Milpillas","portfolio":"MTP","estado":"SLP","municipio":"San Luis Potosí"}},{"type":"Feature","geometry":{"type":"Point","coordinates":[-100.99962,22.152426]},"properties":{"id":"MX-SLP-0013","nombre":"San Luis Potosí","portfolio":"MTP","estado":"SLP","municipio":"San Luis Potosí"}},{"type":"Feature","geometry":{"type":"Point","coordinates":[-100.96659,22.1447194]},"properties":{"id":"MX-SLP-0014","nombre":"Constitucion","portfolio":"MTP","estado":"SLP","municipio":"San Luis Potosi"}},{"type":"Feature","geometry":{"type":"Point","coordinates":[-101.0131944,22.1385528]},"properties":{"id":"MX-SLP-0015","nombre":"Garita De Jalisco","portfolio":"MTP","estado":"SLP","municipio":"San Luis Potosi"}},{"type":"Feature","geometry":{"type":"Point","coordinates":[-100.9222722,22.14051944]},"properties":{"id":"MX-SLP-0017","nombre":"Mercado Abastos","portfolio":"MTP","estado":"SLP","municipio":"San Luis Potosi"}},{"type":"Feature","geometry":{"type":"Point","coordinates":[-101.0114399,21.7721665]},"properties":{"id":"MX-SLP-0019","nombre":"Carrera Torres","portfolio":"MTP","estado":"SLP","municipio":"Villa de Reyes"}},{"type":"Feature","geometry":{"type":"Point","coordinates":[-100.92807,22.1327666]},"properties":{"id":"MX-SLP-0022","nombre":"Plaza Sendero","portfolio":"MTP","estado":"SLP","municipio":"San Luis Potosi"}},{"type":"Feature","geometry":{"type":"Point","coordinates":[-100.88589,22.1132972]},"properties":{"id":"MX-SLP-0023","nombre":"Residencial Santa Barbara","portfolio":"MTP","estado":"SLP","municipio":"San Luis Potosi"}},{"type":"Feature","geometry":{"type":"Point","coordinates":[-100.93423,22.122064]},"properties":{"id":"MX-SLP-0024","nombre":"Trojes Del Sur","portfolio":"MTP","estado":"SLP","municipio":"San Luis Potosi"}},{"type":"Feature","geometry":{"type":"Point","coordinates":[-99.028608,22.0052722]},"properties":{"id":"MX-SLP-0025","nombre":"Estacion","portfolio":"MTP","estado":"SLP","municipio":"Ciudad Valles"}},{"type":"Feature","geometry":{"type":"Point","coordinates":[-99.008058,21.99305]},"properties":{"id":"MX-SLP-0026","nombre":"Altavista","portfolio":"MTP","estado":"SLP","municipio":"Ciudad Valles"}},{"type":"Feature","geometry":{"type":"Point","coordinates":[-99.003611,21.9855556]},"properties":{"id":"MX-SLP-0027","nombre":"Zulaiman","portfolio":"MTP","estado":"SLP","municipio":"Ciudad Valles"}},{"type":"Feature","geometry":{"type":"Point","coordinates":[-100.64,23.63694]},"properties":{"id":"MX-SLP-0028","nombre":"5 De Mayo","portfolio":"MTP","estado":"SLP","municipio":"Matehuala"}},{"type":"Feature","geometry":{"type":"Point","coordinates":[-100.65566,23.6515277]},"properties":{"id":"MX-SLP-0029","nombre":"Santa Lucina","portfolio":"MTP","estado":"SLP","municipio":"Matehuala"}},{"type":"Feature","geometry":{"type":"Point","coordinates":[-99.017306,21.6254694]},"properties":{"id":"MX-SLP-0030","nombre":"Aquismon","portfolio":"MTP","estado":"SLP","municipio":"Aquismon"}},{"type":"Feature","geometry":{"type":"Point","coordinates":[-100.952455,22.180844]},"properties":{"id":"MX-SLP-0036","nombre":"EDC 2","portfolio":"MTP","estado":"SLP","municipio":"Soledad de Graciano Sánchez"}},{"type":"Feature","geometry":{"type":"Point","coordinates":[-101.71275,22.630225]},"properties":{"id":"MX-SLP-0041","nombre":"Salinas","portfolio":"MTP","estado":"SLP","municipio":"Salinas de hidalgo"}},{"type":"Feature","geometry":{"type":"Point","coordinates":[-100.95810833,22.10906667]},"properties":{"id":"MX-SLP-0043","nombre":"Lopez Mateos","portfolio":"MTP","estado":"SLP","municipio":"TBD"}},{"type":"Feature","geometry":{"type":"Point","coordinates":[-98.872497,21.4380528]},"properties":{"id":"MX-SLP-0045","nombre":"Axtla","portfolio":"MTP","estado":"SLP","municipio":"Axtla de Terrazas"}},{"type":"Feature","geometry":{"type":"Point","coordinates":[-100.9936778,22.14396111]},"properties":{"id":"MX-SLP-0046","nombre":"Santos Degollado","portfolio":"MTP","estado":"SLP","municipio":"San Luis Potosí"}},{"type":"Feature","geometry":{"type":"Point","coordinates":[-100.94189,22.1925639]},"properties":{"id":"MX-SLP-0048","nombre":"Soledad Graciano","portfolio":"MTP","estado":"SLP","municipio":"San Luis Potosí"}},{"type":"Feature","geometry":{"type":"Point","coordinates":[-98.88168,21.81012]},"properties":{"id":"MX-SLP-0049","nombre":"Ejido El Lobo","portfolio":"MTP","estado":"SLP","municipio":"San Luis Potosí"}},{"type":"Feature","geometry":{"type":"Point","coordinates":[-99.20492,22.1121]},"properties":{"id":"MX-SLP-0050","nombre":"Nuevo Crucitas","portfolio":"MTP","estado":"SLP","municipio":"San Luis Potosí"}},{"type":"Feature","geometry":{"type":"Point","coordinates":[-98.95039,21.37002]},"properties":{"id":"MX-SLP-0051","nombre":"Iztacapa","portfolio":"MTP","estado":"SLP","municipio":"Xilitla"}},{"type":"Feature","geometry":{"type":"Point","coordinates":[-98.703743,21.191458]},"properties":{"id":"MX-SLP-0052","nombre":"Tianguispicula","portfolio":"MTP","estado":"SLP","municipio":"Tamazunchale"}},{"type":"Feature","geometry":{"type":"Point","coordinates":[-100.890667,22.203167]},"properties":{"id":"MX-SLP-0053","nombre":"Valle De La Palma","portfolio":"MTP","estado":"SLP","municipio":"San Luis Potosí"}},{"type":"Feature","geometry":{"type":"Point","coordinates":[-100.877881,22.146278]},"properties":{"id":"MX-SLP-0054","nombre":"Balles Catus","portfolio":"MTP","estado":"SLP","municipio":"San Luis Potosí"}},{"type":"Feature","geometry":{"type":"Point","coordinates":[-98.94011388,21.848325]},"properties":{"id":"MX-SLP-0057","nombre":"Alvaro Obregon (El Pujal)","portfolio":"MTP","estado":"SLP","municipio":"San Luis Potosí"}},{"type":"Feature","geometry":{"type":"Point","coordinates":[-100.717483,23.815871]},"properties":{"id":"MX-SLP-0058","nombre":"Cedral","portfolio":"MTP","estado":"SLP","municipio":"San Luis Potosí"}},{"type":"Feature","geometry":{"type":"Point","coordinates":[-99.406667,22.580188]},"properties":{"id":"MX-SLP-0059","nombre":"Colonia Salto del Agua","portfolio":"MTP","estado":"SLP","municipio":"San Luis Potosí"}},{"type":"Feature","geometry":{"type":"Point","coordinates":[-101.293545,22.739577]},"properties":{"id":"MX-SLP-0060","nombre":"Ejido Juárez","portfolio":"MTP","estado":"SLP","municipio":"San Luis Potosí"}},{"type":"Feature","geometry":{"type":"Point","coordinates":[-101.13972,22.61054]},"properties":{"id":"MX-SLP-0061","nombre":"El Cúcamo","portfolio":"MTP","estado":"SLP","municipio":"San Luis Potosí"}},{"type":"Feature","geometry":{"type":"Point","coordinates":[-100.98461,23.6113]},"properties":{"id":"MX-SLP-0062","nombre":"Estación Wadley","portfolio":"MTP","estado":"SLP","municipio":"San Luis Potosí"}},{"type":"Feature","geometry":{"type":"Point","coordinates":[-100.836243,23.19056]},"properties":{"id":"MX-SLP-0063","nombre":"Jarillas","portfolio":"MTP","estado":"SLP","municipio":"San Luis Potosí"}},{"type":"Feature","geometry":{"type":"Point","coordinates":[-99.573548,22.521916]},"properties":{"id":"MX-SLP-0064","nombre":"La Pendencia","portfolio":"MTP","estado":"SLP","municipio":"San Luis Potosí"}},{"type":"Feature","geometry":{"type":"Point","coordinates":[-98.68884,21.30228]},"properties":{"id":"MX-SLP-0065","nombre":"Los Cerritos","portfolio":"MTP","estado":"SLP","municipio":"San Luis Potosí"}},{"type":"Feature","geometry":{"type":"Point","coordinates":[-100.74204,23.51846]},"properties":{"id":"MX-SLP-0066","nombre":"Los Chilares","portfolio":"MTP","estado":"SLP","municipio":"San Luis Potosí"}},{"type":"Feature","geometry":{"type":"Point","coordinates":[-101.931068,22.999704]},"properties":{"id":"MX-SLP-0067","nombre":"San Francisco","portfolio":"MTP","estado":"SLP","municipio":"San Luis Potosí"}},{"type":"Feature","geometry":{"type":"Point","coordinates":[-100.148651,21.960858]},"properties":{"id":"MX-SLP-0068","nombre":"San José de las Flores","portfolio":"MTP","estado":"SLP","municipio":"San Luis Potosí"}},{"type":"Feature","geometry":{"type":"Point","coordinates":[-98.60483,21.231056]},"properties":{"id":"MX-SLP-0069","nombre":"Taxicho","portfolio":"MTP","estado":"SLP","municipio":"San Luis Potosí"}},{"type":"Feature","geometry":{"type":"Point","coordinates":[-100.7548,23.373247]},"properties":{"id":"MX-SLP-0070","nombre":"Villa de Guadalupe","portfolio":"MTP","estado":"SLP","municipio":"San Luis Potosí"}},{"type":"Feature","geometry":{"type":"Point","coordinates":[-98.78883,21.31789]},"properties":{"id":"MX-SLP-0071","nombre":"Xochicuatitla","portfolio":"MTP","estado":"SLP","municipio":"San Luis Potosí"}},{"type":"Feature","geometry":{"type":"Point","coordinates":[-100.956725,22.19840833]},"properties":{"id":"MX-SLP-5004","nombre":"San Jose Del Barro","portfolio":"MTP","estado":"SLP","municipio":"San Luis Potosí"}},{"type":"Feature","geometry":{"type":"Point","coordinates":[-101.013545,22.188097]},"properties":{"id":"MX-SLP-5005","nombre":"La Forestal","portfolio":"MTP","estado":"SLP","municipio":"San Luis Potosí"}},{"type":"Feature","geometry":{"type":"Point","coordinates":[-100.99128056,22.16265278]},"properties":{"id":"MX-SLP-5006","nombre":"Los Reyes","portfolio":"MTP","estado":"SLP","municipio":"San Luis Potosí"}},{"type":"Feature","geometry":{"type":"Point","coordinates":[-101.00883333,22.16305556]},"properties":{"id":"MX-SLP-5007","nombre":"Campestre Slp","portfolio":"MTP","estado":"SLP","municipio":"San Luis Potosí"}},{"type":"Feature","geometry":{"type":"Point","coordinates":[-98.653043,22.073396]},"properties":{"id":"MX-SLP-5008","nombre":"Loma Alta","portfolio":"MTP","estado":"SLP","municipio":"Tamuín"}},{"type":"Feature","geometry":{"type":"Point","coordinates":[-100.94941667,22.11233333]},"properties":{"id":"MX-SLP-5009","nombre":"Puerta De Piedra","portfolio":"MTP","estado":"SLP","municipio":"San Luis Potosí"}},{"type":"Feature","geometry":{"type":"Point","coordinates":[-101.03672222,22.13544444]},"properties":{"id":"MX-SLP-5011","nombre":"Los Andes","portfolio":"MTP","estado":"SLP","municipio":"San Luis Potosí"}},{"type":"Feature","geometry":{"type":"Point","coordinates":[-101.012758,22.176677]},"properties":{"id":"MX-SLP-5013","nombre":"Los Agaves","portfolio":"MTP","estado":"SLP","municipio":"San Luis Potosí"}},{"type":"Feature","geometry":{"type":"Point","coordinates":[-100.949204,22.105264]},"properties":{"id":"MX-SLP-5014","nombre":"Lomas De Satelite","portfolio":"MTP","estado":"SLP","municipio":"San Luis Potosí"}},{"type":"Feature","geometry":{"type":"Point","coordinates":[-101.0442333,22.16432778]},"properties":{"id":"MX-SLP-5015","nombre":"Instituto San Luis","portfolio":"MTP","estado":"SLP","municipio":"San Luis Potosí"}},{"type":"Feature","geometry":{"type":"Point","coordinates":[-101.12491667,23.13080556]},"properties":{"id":"MX-SLP-5021","nombre":"Charcas","portfolio":"MTP","estado":"SLP","municipio":"Charcas"}},{"type":"Feature","geometry":{"type":"Point","coordinates":[-100.923252,22.170595]},"properties":{"id":"MX-SLP-5024","nombre":"Siracusa","portfolio":"MTP","estado":"SLP","municipio":"Soledad De Graciano Sánchez"}},{"type":"Feature","geometry":{"type":"Point","coordinates":[-100.997292,22.206678]},"properties":{"id":"MX-SLP-5026","nombre":"Periferico Norte","portfolio":"MTP","estado":"SLP","municipio":"San Luis Potosí"}},{"type":"Feature","geometry":{"type":"Point","coordinates":[-101.01778889,22.12664722]},"properties":{"id":"MX-SLP-5027","nombre":"Nervo","portfolio":"CAPSA","estado":"SLP","municipio":"San Luis Potosí"}},{"type":"Feature","geometry":{"type":"Point","coordinates":[-100.97562222,22.17339444]},"properties":{"id":"MX-SLP-5028","nombre":"Siena","portfolio":"CAPSA","estado":"SLP","municipio":"San Luis Potosí"}},{"type":"Feature","geometry":{"type":"Point","coordinates":[-100.99726667,22.20303333]},"properties":{"id":"MX-SLP-5029","nombre":"Finlandia","portfolio":"CAPSA","estado":"SLP","municipio":"San Luis Potosí"}},{"type":"Feature","geometry":{"type":"Point","coordinates":[-100.97601944,22.1456]},"properties":{"id":"MX-SLP-5030","nombre":"Boticelli","portfolio":"CAPSA","estado":"SLP","municipio":"San Luis Potosí"}},{"type":"Feature","geometry":{"type":"Point","coordinates":[-100.96756389,22.14174167]},"properties":{"id":"MX-SLP-5031","nombre":"Amberes","portfolio":"CAPSA","estado":"SLP","municipio":"San Luis Potosí"}},{"type":"Feature","geometry":{"type":"Point","coordinates":[-100.89273,22.237233]},"properties":{"id":"MX-SLP-5035","nombre":"Salida Matehuala","portfolio":"MTP","estado":"SLP","municipio":"Soledad de Graciano Sánchez"}},{"type":"Feature","geometry":{"type":"Point","coordinates":[-100.93231,22.1309]},"properties":{"id":"MX-SLP-5036","nombre":"Jardines Del Sur","portfolio":"MTP","estado":"SLP","municipio":"San Luis Potosí"}},{"type":"Feature","geometry":{"type":"Point","coordinates":[-100.887151,22.024676]},"properties":{"id":"MX-SLP-5037","nombre":"Parque Aduana","portfolio":"MTP","estado":"SLP","municipio":"San Luis Potosí"}},{"type":"Feature","geometry":{"type":"Point","coordinates":[-99.32791667,22.52261111]},"properties":{"id":"MX-SLP-5040","nombre":"El Naranjo","portfolio":"MTP","estado":"SLP","municipio":"El Naranjo"}},{"type":"Feature","geometry":{"type":"Point","coordinates":[-98.66230556,21.60383333]},"properties":{"id":"MX-SLP-5041","nombre":"Tanquian De Escobedo","portfolio":"MTP","estado":"SLP","municipio":"Tanquián de Escobedo"}},{"type":"Feature","geometry":{"type":"Point","coordinates":[-100.87691667,21.98475]},"properties":{"id":"MX-SLP-5042","nombre":"Parque Logistic","portfolio":"MTP","estado":"SLP","municipio":"Villa De Reyes"}},{"type":"Feature","geometry":{"type":"Point","coordinates":[-100.9199417,22.1906]},"properties":{"id":"MX-SLP-5043","nombre":"Fraccion Rivera","portfolio":"CAPSA","estado":"SLP","municipio":"Soledad De Graciano Sánchez"}},{"type":"Feature","geometry":{"type":"Point","coordinates":[-101.010075,22.17960278]},"properties":{"id":"MX-SLP-5044","nombre":"Junio","portfolio":"CAPSA","estado":"SLP","municipio":"San Luis Potosí"}},{"type":"Feature","geometry":{"type":"Point","coordinates":[-100.97572,22.157968]},"properties":{"id":"MX-SLP-5045","nombre":"Mercado Republica","portfolio":"MTP","estado":"SLP","municipio":"San Luis Potosí"}},{"type":"Feature","geometry":{"type":"Point","coordinates":[-100.64682,22.0675525]},"properties":{"id":"MX-SLP-5046","nombre":"Caballos","portfolio":"MTP","estado":"SLP","municipio":"Villa de Zaragoza"}},{"type":"Feature","geometry":{"type":"Point","coordinates":[-100.98752583,22.1508825]},"properties":{"id":"MX-SLP-5047","nombre":"San Luis Potosí -Eme","portfolio":"MTP","estado":"SLP","municipio":"San Luis Potosí"}},{"type":"Feature","geometry":{"type":"Point","coordinates":[-100.952455,22.180843]},"properties":{"id":"MX-SLP-5048","nombre":"Librado Rivera","portfolio":"MTP","estado":"SLP","municipio":"Soledad de Graciano Sánchez"}},{"type":"Feature","geometry":{"type":"Point","coordinates":[-101.001833,22.162591]},"properties":{"id":"MX-SLP-5049","nombre":"Rey Alfonso","portfolio":"MTP","estado":"SLP","municipio":"San Luis Potosí"}},{"type":"Feature","geometry":{"type":"Point","coordinates":[-100.91556,22.14113]},"properties":{"id":"MX-SLP-5050","nombre":"Carrisoza","portfolio":"MTP","estado":"SLP","municipio":"San Luis Potosí"}},{"type":"Feature","geometry":{"type":"Point","coordinates":[-100.988139,22.124066]},"properties":{"id":"MX-SLP-5051","nombre":"Colunga","portfolio":"MTP","estado":"SLP","municipio":"San Luis Potosí"}},{"type":"Feature","geometry":{"type":"Point","coordinates":[-100.966994,22.182994]},"properties":{"id":"MX-SLP-5053","nombre":"Romero","portfolio":"MTP","estado":"SLP","municipio":"San Luis Potosí"}},{"type":"Feature","geometry":{"type":"Point","coordinates":[-100.895338,22.059362]},"properties":{"id":"MX-SLP-5055","nombre":"Industrial III","portfolio":"MTP","estado":"SLP","municipio":"San Luis Potosí"}},{"type":"Feature","geometry":{"type":"Point","coordinates":[-100.96933,22.20414]},"properties":{"id":"MX-SLP-5056","nombre":"Peñasco II","portfolio":"MTP","estado":"SLP","municipio":"San Luis Potosí"}},{"type":"Feature","geometry":{"type":"Point","coordinates":[-100.994645,22.17813]},"properties":{"id":"MX-SLP-5057","nombre":"Magdalena","portfolio":"MTP","estado":"SLP","municipio":"San Luis Potosí"}},{"type":"Feature","geometry":{"type":"Point","coordinates":[-101.016275,22.132258]},"properties":{"id":"MX-SLP-5059","nombre":"Garita De Jalisco","portfolio":"MTP","estado":"SLP","municipio":"San Luis Potosí"}},{"type":"Feature","geometry":{"type":"Point","coordinates":[-100.945383,22.154306]},"properties":{"id":"MX-SLP-5060","nombre":"Aztecas","portfolio":"MTP","estado":"SLP","municipio":"Soledad de Graciano Sánchez"}},{"type":"Feature","geometry":{"type":"Point","coordinates":[-100.966845,22.153481]},"properties":{"id":"MX-SLP-5061","nombre":"Juan Sarabia","portfolio":"MTP","estado":"SLP","municipio":"San Luis Potosí"}},{"type":"Feature","geometry":{"type":"Point","coordinates":[-100.83862222,22.06933333]},"properties":{"id":"MX-SLP-5062","nombre":"Rolando","portfolio":"MTP","estado":"SLP","municipio":"SAN LUIS POTOSÍ"}},{"type":"Feature","geometry":{"type":"Point","coordinates":[-101.00831111,22.19509454]},"properties":{"id":"MX-SLP-5063","nombre":"Rinconadas","portfolio":"MTP","estado":"SLP","municipio":"San Luis Potosí"}},{"type":"Feature","geometry":{"type":"Point","coordinates":[-101.00062778,22.15566121]},"properties":{"id":"MX-SLP-5064","nombre":"Capitan Caldera","portfolio":"MTP","estado":"SLP","municipio":"San Luis Potosí"}},{"type":"Feature","geometry":{"type":"Point","coordinates":[-100.97864999,22.11103056]},"properties":{"id":"MX-SLP-5065","nombre":"Juan Silos","portfolio":"MTP","estado":"SLP","municipio":"San Luis Potosí"}},{"type":"Feature","geometry":{"type":"Point","coordinates":[-100.95149444,22.30285288]},"properties":{"id":"MX-SLP-5066","nombre":"La Mantequilla","portfolio":"MTP","estado":"SLP","municipio":"San Luis Potosí"}},{"type":"Feature","geometry":{"type":"Point","coordinates":[-100.8178611,21.97361111]},"properties":{"id":"MX-SLP-5067","nombre":"Laguna San Vicente","portfolio":"MTP","estado":"SLP","municipio":"San Luis Potosí"}},{"type":"Feature","geometry":{"type":"Point","coordinates":[-100.9938583,22.15040833]},"properties":{"id":"MX-SLP-5069","nombre":"Tequisquiapan","portfolio":"MTP","estado":"SLP","municipio":"San Luis Potosí"}},{"type":"Feature","geometry":{"type":"Point","coordinates":[-100.9738,22.15254444]},"properties":{"id":"MX-SLP-5070","nombre":"Zaragoza","portfolio":"MTP","estado":"SLP","municipio":"San Luis"}},{"type":"Feature","geometry":{"type":"Point","coordinates":[-101.01843,22.1411388]},"properties":{"id":"MX-SLP-5071","nombre":"M. J. Othon","portfolio":"MTP","estado":"SLP","municipio":"TBD"}},{"type":"Feature","geometry":{"type":"Point","coordinates":[-101.02883,22.1280555]},"properties":{"id":"MX-SLP-5072","nombre":"Plaza San Luis","portfolio":"MTP","estado":"SLP","municipio":"TBD"}},{"type":"Feature","geometry":{"type":"Point","coordinates":[-101.0129333,22.14905556]},"properties":{"id":"MX-SLP-5073","nombre":"Carranza Oeste","portfolio":"MTP","estado":"SLP","municipio":"San Luis Potosí"}},{"type":"Feature","geometry":{"type":"Point","coordinates":[-100.98745,22.13848889]},"properties":{"id":"MX-SLP-5074","nombre":"Estadio","portfolio":"MTP","estado":"SLP","municipio":"San Luis Potosí"}},{"type":"Feature","geometry":{"type":"Point","coordinates":[-100.92044444,22.12997222]},"properties":{"id":"MX-SLP-5077","nombre":"Zona Hotelera","portfolio":"MTP","estado":"SLP","municipio":"San Luis Potosí"}},{"type":"Feature","geometry":{"type":"Point","coordinates":[-100.9825,22.14472222]},"properties":{"id":"MX-SLP-5078","nombre":"Alamitos","portfolio":"MTP","estado":"SLP","municipio":"San Luis Potosí"}},{"type":"Feature","geometry":{"type":"Point","coordinates":[-101.02993,22.144303]},"properties":{"id":"MX-SLP-5079","nombre":"Lomas 4A","portfolio":"MTP","estado":"SLP","municipio":"San Luis Potosí"}},{"type":"Feature","geometry":{"type":"Point","coordinates":[-101.0022778,22.15074722]},"properties":{"id":"MX-SLP-5081","nombre":"Polanco","portfolio":"MTP","estado":"SLP","municipio":"TBD"}},{"type":"Feature","geometry":{"type":"Point","coordinates":[-101.02219,22.1498888]},"properties":{"id":"MX-SLP-5083","nombre":"Los Filtros","portfolio":"MTP","estado":"SLP","municipio":"Lomas de San Luis"}},{"type":"Feature","geometry":{"type":"Point","coordinates":[-100.991925,22.171765]},"properties":{"id":"MX-SLP-5093","nombre":"Hernan Cortes","portfolio":"MTP","estado":"SLP","municipio":"San Luis Potosí"}},{"type":"Feature","geometry":{"type":"Point","coordinates":[-98.7480556,21.9586111]},"properties":{"id":"MX-SLP-5094","nombre":"Tamuin","portfolio":"MTP","estado":"SLP","municipio":"Tamuín"}},{"type":"Feature","geometry":{"type":"Point","coordinates":[-110.906256,27.9407972]},"properties":{"id":"MX-SON-0002","nombre":"Vijia","portfolio":"MTP","estado":"SON","municipio":"Guaymas"}},{"type":"Feature","geometry":{"type":"Point","coordinates":[-109.933333,27.4786111]},"properties":{"id":"MX-SON-0003","nombre":"MSC Obregon","portfolio":"MTP","estado":"SON","municipio":"Cajeme"}},{"type":"Feature","geometry":{"type":"Point","coordinates":[-110.964086,29.0249528]},"properties":{"id":"MX-SON-0006","nombre":"Olivos","portfolio":"MTP","estado":"SON","municipio":"Hermosillo"}},{"type":"Feature","geometry":{"type":"Point","coordinates":[-110.935527,29.008651]},"properties":{"id":"MX-SON-0007","nombre":"Nuevo Hermosillo","portfolio":"MTP","estado":"SON","municipio":"Hermosillo"}},{"type":"Feature","geometry":{"type":"Point","coordinates":[-111.031667,29.1283333]},"properties":{"id":"MX-SON-0010","nombre":"Puerta Real","portfolio":"MTP","estado":"SON","municipio":"Hermosillo"}},{"type":"Feature","geometry":{"type":"Point","coordinates":[-110.972,29.0169]},"properties":{"id":"MX-SON-0011","nombre":"Santa Clara","portfolio":"MTP","estado":"SON","municipio":"Hermosillo"}},{"type":"Feature","geometry":{"type":"Point","coordinates":[-109.9192,27.4521194]},"properties":{"id":"MX-SON-0015","nombre":"Miravalle","portfolio":"MTP","estado":"SON","municipio":"Cajeme"}},{"type":"Feature","geometry":{"type":"Point","coordinates":[-109.468072,27.0594333]},"properties":{"id":"MX-SON-0016","nombre":"Tamaulipas","portfolio":"MTP","estado":"SON","municipio":"Navojoa"}},{"type":"Feature","geometry":{"type":"Point","coordinates":[-109.42565,27.0621972]},"properties":{"id":"MX-SON-0017","nombre":"Tepeyac","portfolio":"MTP","estado":"SON","municipio":"Navojoa"}},{"type":"Feature","geometry":{"type":"Point","coordinates":[-110.925833,31.2738889]},"properties":{"id":"MX-SON-0018","nombre":"Las Bellotas","portfolio":"MTP","estado":"SON","municipio":"Nogales"}},{"type":"Feature","geometry":{"type":"Point","coordinates":[-110.958889,31.2844444]},"properties":{"id":"MX-SON-0019","nombre":"La Mesa","portfolio":"MTP","estado":"SON","municipio":"Nogales"}},{"type":"Feature","geometry":{"type":"Point","coordinates":[-114.767805,32.446]},"properties":{"id":"MX-SON-0021","nombre":"Federal","portfolio":"MTP","estado":"SON","municipio":"San Luis Rio Colorado"}},{"type":"Feature","geometry":{"type":"Point","coordinates":[-111.53721,30.587039]},"properties":{"id":"MX-SON-0022","nombre":"Molino De Vientos","portfolio":"MTP","estado":"SON","municipio":"Oquitoa"}},{"type":"Feature","geometry":{"type":"Point","coordinates":[-109.828881,27.4017111]},"properties":{"id":"MX-SON-0023","nombre":"Aeropuerto","portfolio":"MTP","estado":"SON","municipio":"Sonora"}},{"type":"Feature","geometry":{"type":"Point","coordinates":[-110.76086,30.7440472]},"properties":{"id":"MX-SON-0024","nombre":"Aguilas","portfolio":"MTP","estado":"SON","municipio":"Sonora"}},{"type":"Feature","geometry":{"type":"Point","coordinates":[-109.58148,27.16473]},"properties":{"id":"MX-SON-0025","nombre":"Bacame","portfolio":"MTP","estado":"SON","municipio":"Sonora"}},{"type":"Feature","geometry":{"type":"Point","coordinates":[-110.59023,27.927275]},"properties":{"id":"MX-SON-0026","nombre":"Cuasimas","portfolio":"MTP","estado":"SON","municipio":"Sonora"}},{"type":"Feature","geometry":{"type":"Point","coordinates":[-109.69161,26.8005278]},"properties":{"id":"MX-SON-0027","nombre":"El Jupare","portfolio":"MTP","estado":"SON","municipio":"Sonora"}},{"type":"Feature","geometry":{"type":"Point","coordinates":[-109.67111,26.7611111]},"properties":{"id":"MX-SON-0028","nombre":"Etchoropo","portfolio":"MTP","estado":"SON","municipio":"Sonora"}},{"type":"Feature","geometry":{"type":"Point","coordinates":[-110.915064,29.0209778]},"properties":{"id":"MX-SON-0029","nombre":"Ford","portfolio":"MTP","estado":"SON","municipio":"Sonora"}},{"type":"Feature","geometry":{"type":"Point","coordinates":[-110.902528,27.917444]},"properties":{"id":"MX-SON-0032","nombre":"Heroica Guaymas","portfolio":"MTP","estado":"SON","municipio":"Sonora"}},{"type":"Feature","geometry":{"type":"Point","coordinates":[-109.295,26.5519167]},"properties":{"id":"MX-SON-0033","nombre":"Las Bocas","portfolio":"MTP","estado":"SON","municipio":"Sonora"}},{"type":"Feature","geometry":{"type":"Point","coordinates":[-109.73889,31.2797222]},"properties":{"id":"MX-SON-0034","nombre":"Ocotillo","portfolio":"MTP","estado":"SON","municipio":"Sonora"}},{"type":"Feature","geometry":{"type":"Point","coordinates":[-110.14864,27.5187]},"properties":{"id":"MX-SON-0035","nombre":"San Jose De Bacum","portfolio":"MTP","estado":"SON","municipio":"Sonora"}},{"type":"Feature","geometry":{"type":"Point","coordinates":[-113.06,31.1869444]},"properties":{"id":"MX-SON-0038","nombre":"Estacion Almeja","portfolio":"MTP","estado":"SON","municipio":"Sonora"}},{"type":"Feature","geometry":{"type":"Point","coordinates":[-110.921114,27.9039667]},"properties":{"id":"MX-SON-0040","nombre":"Golfo","portfolio":"MTP","estado":"SON","municipio":"Sonora"}},{"type":"Feature","geometry":{"type":"Point","coordinates":[-110.947611,31.3152528]},"properties":{"id":"MX-SON-0042","nombre":"Moderna","portfolio":"MTP","estado":"SON","municipio":"Nogales"}},{"type":"Feature","geometry":{"type":"Point","coordinates":[-110.909522,27.967061]},"properties":{"id":"MX-SON-0043","nombre":"San German","portfolio":"MTP","estado":"SON","municipio":"Sonora"}},{"type":"Feature","geometry":{"type":"Point","coordinates":[-110.983294,29.1337306]},"properties":{"id":"MX-SON-0044","nombre":"Madrid","portfolio":"MTP","estado":"SON","municipio":"Sonora"}},{"type":"Feature","geometry":{"type":"Point","coordinates":[-111.014406,29.132664]},"properties":{"id":"MX-SON-0045","nombre":"Lazaro Cardenas","portfolio":"MTP","estado":"SON","municipio":"TBD"}},{"type":"Feature","geometry":{"type":"Point","coordinates":[-110.9645417,29.08944444]},"properties":{"id":"MX-SON-0046","nombre":"Transversal","portfolio":"MTP","estado":"SON","municipio":"TBD"}},{"type":"Feature","geometry":{"type":"Point","coordinates":[-110.9641,29.0390611]},"properties":{"id":"MX-SON-0048","nombre":"Zapata","portfolio":"MTP","estado":"SON","municipio":"Sonora"}},{"type":"Feature","geometry":{"type":"Point","coordinates":[-110.977793,29.153788]},"properties":{"id":"MX-SON-0053","nombre":"Despoblado","portfolio":"MTP","estado":"SON","municipio":"Hermosillo"}},{"type":"Feature","geometry":{"type":"Point","coordinates":[-110.28972,27.6040528]},"properties":{"id":"MX-SON-0055","nombre":"Onteme","portfolio":"MTP","estado":"SON","municipio":"nan"}},{"type":"Feature","geometry":{"type":"Point","coordinates":[-109.944167,27.4827778]},"properties":{"id":"MX-SON-0056","nombre":"Gemelos","portfolio":"MTP","estado":"SON","municipio":"Obregon"}},{"type":"Feature","geometry":{"type":"Point","coordinates":[-110.943256,29.0712583]},"properties":{"id":"MX-SON-5001","nombre":"Casablanca","portfolio":"MTP","estado":"SON","municipio":"Hermosillo"}},{"type":"Feature","geometry":{"type":"Point","coordinates":[-110.869667,27.9279417]},"properties":{"id":"MX-SON-5002","nombre":"Termoeletrica","portfolio":"MTP","estado":"SON","municipio":"Guaymas"}},{"type":"Feature","geometry":{"type":"Point","coordinates":[-114.8105556,32.44369722]},"properties":{"id":"MX-SON-5004","nombre":"Aeropuerto","portfolio":"MTP","estado":"SON","municipio":"San Luis Río Colorado"}},{"type":"Feature","geometry":{"type":"Point","coordinates":[-112.79945,31.6209167]},"properties":{"id":"MX-SON-5005","nombre":"La Silla","portfolio":"MTP","estado":"SON","municipio":"Sonoyta"}},{"type":"Feature","geometry":{"type":"Point","coordinates":[-110.928683,27.9528639]},"properties":{"id":"MX-SON-5006","nombre":"Aeropuerto","portfolio":"MTP","estado":"SON","municipio":"Guaymas"}},{"type":"Feature","geometry":{"type":"Point","coordinates":[-114.741914,32.4394972]},"properties":{"id":"MX-SON-5009","nombre":"Altar","portfolio":"MTP","estado":"SON","municipio":"San Luis Río Colorado"}},{"type":"Feature","geometry":{"type":"Point","coordinates":[-111.1025,30.5536]},"properties":{"id":"MX-SON-5010","nombre":"Santa Ana","portfolio":"MTP","estado":"SON","municipio":"Santa Ana"}},{"type":"Feature","geometry":{"type":"Point","coordinates":[-110.978633,29.0514389]},"properties":{"id":"MX-SON-5012","nombre":"Cardenas","portfolio":"MTP","estado":"SON","municipio":"Hermosillo"}},{"type":"Feature","geometry":{"type":"Point","coordinates":[-111.3845306,28.85914722]},"properties":{"id":"MX-SON-5013","nombre":"Siete Cerros","portfolio":"MTP","estado":"SON","municipio":"Hermosillo"}},{"type":"Feature","geometry":{"type":"Point","coordinates":[-110.2431111,27.41061111]},"properties":{"id":"MX-SON-5014","nombre":"San Ignacio Rio Muerto","portfolio":"MTP","estado":"SON","municipio":"San Ignacio Río Muerto"}},{"type":"Feature","geometry":{"type":"Point","coordinates":[-111.028503,28.253355]},"properties":{"id":"MX-SON-5015","nombre":"Cerritos","portfolio":"MTP","estado":"SON","municipio":"Guaymas"}},{"type":"Feature","geometry":{"type":"Point","coordinates":[-111.101961,30.0823861]},"properties":{"id":"MX-SON-5016","nombre":"Benjamin Hill","portfolio":"MTP","estado":"SON","municipio":"Hermosillo"}},{"type":"Feature","geometry":{"type":"Point","coordinates":[-111.03849167,29.07661111]},"properties":{"id":"MX-SON-5018","nombre":"La Manga II","portfolio":"MTP","estado":"SON","municipio":"Hermosillo"}},{"type":"Feature","geometry":{"type":"Point","coordinates":[-113.50865556,31.33353889]},"properties":{"id":"MX-SON-5019","nombre":"Las Brisas","portfolio":"MTP","estado":"SON","municipio":"Puerto Peñasco"}},{"type":"Feature","geometry":{"type":"Point","coordinates":[-112.16145278,30.69885556]},"properties":{"id":"MX-SON-5021","nombre":"La Mesita","portfolio":"MTP","estado":"SON","municipio":"Heroica Caborca"}},{"type":"Feature","geometry":{"type":"Point","coordinates":[-114.727925,32.46657778]},"properties":{"id":"MX-SON-5022","nombre":"Burocrata","portfolio":"MTP","estado":"SON","municipio":"San Luis Río Colorado"}},{"type":"Feature","geometry":{"type":"Point","coordinates":[-114.75042778,32.449975]},"properties":{"id":"MX-SON-5023","nombre":"Villa Colonial","portfolio":"MTP","estado":"SON","municipio":"San Luis Río Colorado"}},{"type":"Feature","geometry":{"type":"Point","coordinates":[-110.91319444,27.878475]},"properties":{"id":"MX-SON-5025","nombre":"La Mora","portfolio":"MTP","estado":"SON","municipio":"Guaymas"}},{"type":"Feature","geometry":{"type":"Point","coordinates":[-109.923327,27.486335]},"properties":{"id":"MX-SON-5026","nombre":"Misioneros","portfolio":"MTP","estado":"SON","municipio":"Ciudad Obregón"}},{"type":"Feature","geometry":{"type":"Point","coordinates":[-114.80086667,32.45091944]},"properties":{"id":"MX-SON-5027","nombre":"Aviacion","portfolio":"MTP","estado":"SON","municipio":"San Luis Río Colorado"}},{"type":"Feature","geometry":{"type":"Point","coordinates":[-113.49811111,31.32116667]},"properties":{"id":"MX-SON-5028","nombre":"Aquiles Serdan","portfolio":"MTP","estado":"SON","municipio":"Puerto Peñasco"}},{"type":"Feature","geometry":{"type":"Point","coordinates":[-109.9400361,27.26306389]},"properties":{"id":"MX-SON-5029","nombre":"Quechehueca","portfolio":"MTP","estado":"SON","municipio":"Ciudad Obregón"}},{"type":"Feature","geometry":{"type":"Point","coordinates":[-110.282275,30.98651111]},"properties":{"id":"MX-SON-5030","nombre":"El Alacran","portfolio":"MTP","estado":"Son","municipio":"Heróica Ciudad de Cananea"}},{"type":"Feature","geometry":{"type":"Point","coordinates":[-109.96253056,27.57608056]},"properties":{"id":"MX-SON-5031","nombre":"Cocorit","portfolio":"MTP","estado":"SON","municipio":"Ciudad Obregón"}},{"type":"Feature","geometry":{"type":"Point","coordinates":[-110.91468889,31.29968889]},"properties":{"id":"MX-SON-5033","nombre":"Los Virreyes","portfolio":"MTP","estado":"SON","municipio":"Nogales"}},{"type":"Feature","geometry":{"type":"Point","coordinates":[-112.14544444,30.73391667]},"properties":{"id":"MX-SON-5034","nombre":"Esmeralda","portfolio":"MTP","estado":"SON","municipio":"Heroica Caborca"}},{"type":"Feature","geometry":{"type":"Point","coordinates":[-109.53788333,31.29939167]},"properties":{"id":"MX-SON-5044","nombre":"Cortez","portfolio":"MTP","estado":"SON","municipio":"Agua Prieta"}},{"type":"Feature","geometry":{"type":"Point","coordinates":[-110.888225,27.89500556]},"properties":{"id":"MX-SON-5045","nombre":"El Arroyo","portfolio":"MTP","estado":"SON","municipio":"Guaymas"}},{"type":"Feature","geometry":{"type":"Point","coordinates":[-110.88362222,27.93441667]},"properties":{"id":"MX-SON-5046","nombre":"El Meson","portfolio":"MTP","estado":"SON","municipio":"Guaymas"}},{"type":"Feature","geometry":{"type":"Point","coordinates":[-111.04194444,29.06322222]},"properties":{"id":"MX-SON-5048","nombre":"Saucillo","portfolio":"MTP","estado":"SON","municipio":"Hermosillo"}},{"type":"Feature","geometry":{"type":"Point","coordinates":[-109.935575,27.49159722]},"properties":{"id":"MX-SON-5049","nombre":"Obregon","portfolio":"CAPSA","estado":"SON","municipio":"Ciudad Obregón"}},{"type":"Feature","geometry":{"type":"Point","coordinates":[-110.94094444,29.09741389]},"properties":{"id":"MX-SON-5050","nombre":"Hermosillo","portfolio":"CAPSA","estado":"SON","municipio":"Hermosillo"}},{"type":"Feature","geometry":{"type":"Point","coordinates":[-114.74046111,32.42610833]},"properties":{"id":"MX-SON-5051","nombre":"Jalapa","portfolio":"CAPSA","estado":"SON","municipio":"San Luis Río Colorado"}},{"type":"Feature","geometry":{"type":"Point","coordinates":[-110.95865,29.06755]},"properties":{"id":"MX-SON-5052","nombre":"Centro De Gobierno","portfolio":"CAPSA","estado":"SON","municipio":"Hermosillo"}},{"type":"Feature","geometry":{"type":"Point","coordinates":[-110.950706,29.077414]},"properties":{"id":"MX-SON-5054","nombre":"Centro Historico","portfolio":"MTP","estado":"SON","municipio":"Hermosillo"}},{"type":"Feature","geometry":{"type":"Point","coordinates":[-110.960025,31.27652778]},"properties":{"id":"MX-SON-5056","nombre":"El Cajon","portfolio":"MTP","estado":"SON","municipio":"Nogales"}},{"type":"Feature","geometry":{"type":"Point","coordinates":[-110.96487222,29.08319444]},"properties":{"id":"MX-SON-5058","nombre":"Unison 1 V2","portfolio":"CAPSA","estado":"SON","municipio":"Hermosillo"}},{"type":"Feature","geometry":{"type":"Point","coordinates":[-110.9930778,29.0972994]},"properties":{"id":"MX-SON-5060","nombre":"Naranjeros","portfolio":"CAPSA","estado":"SON","municipio":"Hermosillo"}},{"type":"Feature","geometry":{"type":"Point","coordinates":[-110.976661,29.009492]},"properties":{"id":"MX-SON-5061","nombre":"Santa Clara","portfolio":"MTP","estado":"SON","municipio":"Hermosillo"}},{"type":"Feature","geometry":{"type":"Point","coordinates":[-110.960194,29.128525]},"properties":{"id":"MX-SON-5065","nombre":"4 Olivos","portfolio":"MTP","estado":"SON","municipio":"Hermosillo"}},{"type":"Feature","geometry":{"type":"Point","coordinates":[-109.53817778,31.32563056]},"properties":{"id":"MX-SON-5066","nombre":"Agua Prieta","portfolio":"MTP","estado":"SON","municipio":"Agua Prieta"}},{"type":"Feature","geometry":{"type":"Point","coordinates":[-111.794689,30.694469]},"properties":{"id":"MX-SON-5068","nombre":"Altar","portfolio":"MTP","estado":"SON","municipio":"Altar"}},{"type":"Feature","geometry":{"type":"Point","coordinates":[-110.956381,29.082969]},"properties":{"id":"MX-SON-5069","nombre":"Centro","portfolio":"MTP","estado":"SON","municipio":"Hermosillo"}},{"type":"Feature","geometry":{"type":"Point","coordinates":[-109.92789722,27.56606944]},"properties":{"id":"MX-SON-5072","nombre":"Esperanza","portfolio":"MTP","estado":"SON","municipio":"Esperanza"}},{"type":"Feature","geometry":{"type":"Point","coordinates":[-110.95516389,31.32683333]},"properties":{"id":"MX-SON-5073","nombre":"Fátima","portfolio":"MTP","estado":"SON","municipio":"Nogales"}},{"type":"Feature","geometry":{"type":"Point","coordinates":[-109.56071667,31.32018611]},"properties":{"id":"MX-SON-5074","nombre":"Flamingo","portfolio":"MTP","estado":"SON","municipio":"Agua Prieta"}},{"type":"Feature","geometry":{"type":"Point","coordinates":[-109.640783,26.834678]},"properties":{"id":"MX-SON-5075","nombre":"Huatabampo","portfolio":"MTP","estado":"SON","municipio":"Huatabampo"}},{"type":"Feature","geometry":{"type":"Point","coordinates":[-110.934722,31.2825]},"properties":{"id":"MX-SON-5076","nombre":"Monaro","portfolio":"MTP","estado":"SON","municipio":"Nogales"}},{"type":"Feature","geometry":{"type":"Point","coordinates":[-111.005253,29.147086]},"properties":{"id":"MX-SON-5077","nombre":"MSC Hermosillo Norte","portfolio":"MTP","estado":"SON","municipio":"Hermosillo"}},{"type":"Feature","geometry":{"type":"Point","coordinates":[-109.976389,27.499444]},"properties":{"id":"MX-SON-5078","nombre":"Nainari","portfolio":"MTP","estado":"SON","municipio":"Ciudad Obregón"}},{"type":"Feature","geometry":{"type":"Point","coordinates":[-109.442708,27.054169]},"properties":{"id":"MX-SON-5079","nombre":"Navojoa II","portfolio":"MTP","estado":"SON","municipio":"Navojoa"}},{"type":"Feature","geometry":{"type":"Point","coordinates":[-113.543836,31.315414]},"properties":{"id":"MX-SON-5080","nombre":"Peñasco","portfolio":"MTP","estado":"SON","municipio":"Puerto Peñasco"}},{"type":"Feature","geometry":{"type":"Point","coordinates":[-110.981706,29.069282]},"properties":{"id":"MX-SON-5081","nombre":"Río","portfolio":"MTP","estado":"SON","municipio":"Hermosillo"}},{"type":"Feature","geometry":{"type":"Point","coordinates":[-114.813333,32.461944]},"properties":{"id":"MX-SON-5082","nombre":"San Luis II","portfolio":"MTP","estado":"SON","municipio":"San Luis Río Colorado"}},{"type":"Feature","geometry":{"type":"Point","coordinates":[-114.786389,32.485556]},"properties":{"id":"MX-SON-5083","nombre":"San Luis Río Colorado III","portfolio":"MTP","estado":"SON","municipio":"San Luis Río Colorado"}},{"type":"Feature","geometry":{"type":"Point","coordinates":[-109.59302,30.33698]},"properties":{"id":"MX-SON-5084","nombre":"Santo Domingo","portfolio":"MTP","estado":"SON","municipio":"Nacozari de García"}},{"type":"Feature","geometry":{"type":"Point","coordinates":[-110.887122,29.190969]},"properties":{"id":"MX-SON-5085","nombre":"Saucito","portfolio":"MTP","estado":"SON","municipio":"Hermosillo"}},{"type":"Feature","geometry":{"type":"Point","coordinates":[-111.010111,29.097817]},"properties":{"id":"MX-SON-5086","nombre":"Sonacer","portfolio":"MTP","estado":"SON","municipio":"Hermosillo"}},{"type":"Feature","geometry":{"type":"Point","coordinates":[-109.929333,27.445556]},"properties":{"id":"MX-SON-5087","nombre":"Valle","portfolio":"MTP","estado":"SON","municipio":"Ciudad Obregón"}},{"type":"Feature","geometry":{"type":"Point","coordinates":[-109.92204722,27.50538611]},"properties":{"id":"MX-SON-5088","nombre":"Plano Oriente","portfolio":"MTP","estado":"SON","municipio":"Ciudad Obregón"}},{"type":"Feature","geometry":{"type":"Point","coordinates":[-110.930079,29.095402]},"properties":{"id":"MX-SON-5094","nombre":"Ferrocarrilera","portfolio":"MTP","estado":"SON","municipio":"Hermosillo"}},{"type":"Feature","geometry":{"type":"Point","coordinates":[-110.971464,29.068]},"properties":{"id":"MX-SON-5095","nombre":"Myers","portfolio":"MTP","estado":"SON","municipio":"Hermosillo"}},{"type":"Feature","geometry":{"type":"Point","coordinates":[-110.991683,29.111847]},"properties":{"id":"MX-SON-5096","nombre":"Vicario","portfolio":"MTP","estado":"SON","municipio":"Hermosillo"}},{"type":"Feature","geometry":{"type":"Point","coordinates":[-110.98132,29.10315]},"properties":{"id":"MX-SON-5097","nombre":"Choyal","portfolio":"MTP","estado":"SON","municipio":"Hermosillo"}},{"type":"Feature","geometry":{"type":"Point","coordinates":[-110.887487,29.177854]},"properties":{"id":"MX-SON-5098","nombre":"Montaño II","portfolio":"MTP","estado":"SON","municipio":"Hermosillo"}},{"type":"Feature","geometry":{"type":"Point","coordinates":[-110.980848,29.124736]},"properties":{"id":"MX-SON-5100","nombre":"Arizona","portfolio":"MTP","estado":"SON","municipio":"Hermosillo"}},{"type":"Feature","geometry":{"type":"Point","coordinates":[-110.967512,29.139353]},"properties":{"id":"MX-SON-5102","nombre":"Bacanora","portfolio":"MTP","estado":"SON","municipio":"Hermosillo"}},{"type":"Feature","geometry":{"type":"Point","coordinates":[-110.89441389,29.12096954]},"properties":{"id":"MX-SON-5107","nombre":"Nueva Victoria","portfolio":"MTP","estado":"SON","municipio":"Hermosillo"}},{"type":"Feature","geometry":{"type":"Point","coordinates":[-110.955492,29.0944611]},"properties":{"id":"MX-SON-5110","nombre":"Escobedo","portfolio":"MTP","estado":"SON","municipio":"Hermosillo"}},{"type":"Feature","geometry":{"type":"Point","coordinates":[-110.97692,29.1185555]},"properties":{"id":"MX-SON-5113","nombre":"Santa Isabel","portfolio":"MTP","estado":"SON","municipio":"TBD"}},{"type":"Feature","geometry":{"type":"Point","coordinates":[-109.9425,27.5]},"properties":{"id":"MX-SON-5114","nombre":"Chapultepec","portfolio":"MTP","estado":"SON","municipio":"TBD"}},{"type":"Feature","geometry":{"type":"Point","coordinates":[-109.93579,27.4875388]},"properties":{"id":"MX-SON-5115","nombre":"Lazaro Mercado","portfolio":"MTP","estado":"SON","municipio":"Cd. Obregón"}},{"type":"Feature","geometry":{"type":"Point","coordinates":[-110.944444,31.2914917]},"properties":{"id":"MX-SON-5116","nombre":"Periferico I","portfolio":"MTP","estado":"SON","municipio":"Sonora"}},{"type":"Feature","geometry":{"type":"Point","coordinates":[-114.77971944,32.45527778]},"properties":{"id":"MX-SON-5219","nombre":"Sonora","portfolio":"MTP","estado":"SON","municipio":"San Luis Río Colorado"}},{"type":"Feature","geometry":{"type":"Point","coordinates":[-114.73,32.44666667]},"properties":{"id":"MX-SON-5220","nombre":"Nueva Palmira","portfolio":"MTP","estado":"SON","municipio":"San Luis Río Colorado"}},{"type":"Feature","geometry":{"type":"Point","coordinates":[-111.01030556,29.10705556]},"properties":{"id":"MX-SON-5221","nombre":"Buena Vista","portfolio":"MTP","estado":"SON","municipio":"Hermosillo"}},{"type":"Feature","geometry":{"type":"Point","coordinates":[-110.92628889,29.00866111]},"properties":{"id":"MX-SON-5222","nombre":"Las Carretas","portfolio":"MTP","estado":"SON","municipio":"Hermosillo"}},{"type":"Feature","geometry":{"type":"Point","coordinates":[-109.55435556,31.30394167]},"properties":{"id":"MX-SON-5223","nombre":"Tres Caminos","portfolio":"MTP","estado":"SON","municipio":"Agua Prieta"}},{"type":"Feature","geometry":{"type":"Point","coordinates":[-110.94583333,31.31611111]},"properties":{"id":"MX-SON-5224","nombre":"Nogales","portfolio":"CAPSA","estado":"SON","municipio":"Nogales"}},{"type":"Feature","geometry":{"type":"Point","coordinates":[-92.898964,18.020756]},"properties":{"id":"MX-TAB-0002","nombre":"Las Garzas","portfolio":"MTP","estado":"TAB","municipio":"Villahermosa"}},{"type":"Feature","geometry":{"type":"Point","coordinates":[-92.990914,17.968204]},"properties":{"id":"MX-TAB-0003","nombre":"Manatí Río","portfolio":"MTP","estado":"TAB","municipio":"Villahermosa"}},{"type":"Feature","geometry":{"type":"Point","coordinates":[-93.37275,17.998444]},"properties":{"id":"MX-TAB-0004","nombre":"El Palmar","portfolio":"MTP","estado":"TAB","municipio":"Cardenas"}},{"type":"Feature","geometry":{"type":"Point","coordinates":[-92.591002,17.75875]},"properties":{"id":"MX-TAB-0005","nombre":"Macuspana","portfolio":"MTP","estado":"TAB","municipio":"Macuspana"}},{"type":"Feature","geometry":{"type":"Point","coordinates":[-92.956285,18.018901]},"properties":{"id":"MX-TAB-0006","nombre":"Carrizales","portfolio":"MTP","estado":"TAB","municipio":"Nacajuca"}},{"type":"Feature","geometry":{"type":"Point","coordinates":[-92.920721,17.997856]},"properties":{"id":"MX-TAB-0008","nombre":"Central De Autobuses","portfolio":"MTP","estado":"TAB","municipio":"Tabasco"}},{"type":"Feature","geometry":{"type":"Point","coordinates":[-92.937884,17.973099]},"properties":{"id":"MX-TAB-0009","nombre":"Avda. 16 De Septiembre I","portfolio":"MTP","estado":"TAB","municipio":"Tabasco"}},{"type":"Feature","geometry":{"type":"Point","coordinates":[-93.86175,18.294139]},"properties":{"id":"MX-TAB-0010","nombre":"Barra de Santa Ana","portfolio":"MTP","estado":"TAB","municipio":"Tabasco"}},{"type":"Feature","geometry":{"type":"Point","coordinates":[-91.230658,17.455226]},"properties":{"id":"MX-TAB-0011","nombre":"Benito Juarez","portfolio":"MTP","estado":"TAB","municipio":"Tabasco"}},{"type":"Feature","geometry":{"type":"Point","coordinates":[-91.643266,17.760093]},"properties":{"id":"MX-TAB-0012","nombre":"Conja","portfolio":"MTP","estado":"TAB","municipio":"Tabasco"}},{"type":"Feature","geometry":{"type":"Point","coordinates":[-91.379371,17.834002]},"properties":{"id":"MX-TAB-0013","nombre":"Missicab","portfolio":"MTP","estado":"TAB","municipio":"Tabasco"}},{"type":"Feature","geometry":{"type":"Point","coordinates":[-92.7314,17.4028]},"properties":{"id":"MX-TAB-0014","nombre":"Oxolotán","portfolio":"MTP","estado":"TAB","municipio":"Tabasco"}},{"type":"Feature","geometry":{"type":"Point","coordinates":[-93.9827,18.2282]},"properties":{"id":"MX-TAB-0015","nombre":"Pozo Rodador","portfolio":"MTP","estado":"TAB","municipio":"Tabasco"}},{"type":"Feature","geometry":{"type":"Point","coordinates":[-92.138446,17.965214]},"properties":{"id":"MX-TAB-0016","nombre":"Cocoyolar","portfolio":"MTP","estado":"TAB","municipio":"Tabasco"}},{"type":"Feature","geometry":{"type":"Point","coordinates":[-92.80872,17.72462]},"properties":{"id":"MX-TAB-0019","nombre":"Jalapa","portfolio":"MTP","estado":"TAB","municipio":"Tabasco"}},{"type":"Feature","geometry":{"type":"Point","coordinates":[-93.90921111,18.17245]},"properties":{"id":"MX-TAB-0020","nombre":"Benito Juárez (Campos Magallanes)","portfolio":"MTP","estado":"TAB","municipio":"Tabasco"}},{"type":"Feature","geometry":{"type":"Point","coordinates":[-92.93877778,17.97833333]},"properties":{"id":"MX-TAB-5003","nombre":"Plaza Cristal","portfolio":"CAPSA","estado":"TAB","municipio":"Centro"}},{"type":"Feature","geometry":{"type":"Point","coordinates":[-92.94914722,17.96610278]},"properties":{"id":"MX-TAB-5004","nombre":"Blancas Mariposas","portfolio":"CAPSA","estado":"TAB","municipio":"Centro"}},{"type":"Feature","geometry":{"type":"Point","coordinates":[-92.937248,18.023911]},"properties":{"id":"MX-TAB-5008","nombre":"Tamulte","portfolio":"MTP","estado":"TAB","municipio":"Centro"}},{"type":"Feature","geometry":{"type":"Point","coordinates":[-92.9197998,17.9787006]},"properties":{"id":"MX-TAB-5009","nombre":"Gaviotas Norte","portfolio":"MTP","estado":"TAB","municipio":"Centro"}},{"type":"Feature","geometry":{"type":"Point","coordinates":[-92.907173,17.999456]},"properties":{"id":"MX-TAB-5010","nombre":"La Manga","portfolio":"MTP","estado":"TAB","municipio":"Centro"}},{"type":"Feature","geometry":{"type":"Point","coordinates":[-93.2213361,18.2504667]},"properties":{"id":"MX-TAB-5011","nombre":"Comalcalco Sur","portfolio":"MTP","estado":"TAB","municipio":"Comalcalco"}},{"type":"Feature","geometry":{"type":"Point","coordinates":[-92.1359417,18.0910306]},"properties":{"id":"MX-TAB-5012","nombre":"Jonuta","portfolio":"MTP","estado":"TAB","municipio":"Jonuta"}},{"type":"Feature","geometry":{"type":"Point","coordinates":[-92.93178,17.97592]},"properties":{"id":"MX-TAB-5013","nombre":"Rovirosa","portfolio":"MTP","estado":"TAB","municipio":"Centro"}},{"type":"Feature","geometry":{"type":"Point","coordinates":[-92.9379,18.03669722]},"properties":{"id":"MX-TAB-5014","nombre":"Salida A Comalcalco","portfolio":"MTP","estado":"TAB","municipio":"Nacajuca"}},{"type":"Feature","geometry":{"type":"Point","coordinates":[-92.98426,17.99815]},"properties":{"id":"MX-TAB-5015","nombre":"Rio Nuevo","portfolio":"MTP","estado":"TAB","municipio":"Villahermosa"}},{"type":"Feature","geometry":{"type":"Point","coordinates":[-92.949402,17.963788]},"properties":{"id":"MX-TAB-5016","nombre":"Blancas Mariposas 2","portfolio":"MTP","estado":"TAB","municipio":"Centro"}},{"type":"Feature","geometry":{"type":"Point","coordinates":[-92.96208333,17.96675]},"properties":{"id":"MX-TAB-5019","nombre":"Vista Hermosa","portfolio":"MTP","estado":"TAB","municipio":"Centro"}},{"type":"Feature","geometry":{"type":"Point","coordinates":[-93.213836,18.307954]},"properties":{"id":"MX-TAB-5020","nombre":"San Silverio","portfolio":"MTP","estado":"TAB","municipio":"TBD"}},{"type":"Feature","geometry":{"type":"Point","coordinates":[-92.818904,17.984698]},"properties":{"id":"MX-TAB-5021","nombre":"Aeropuerto","portfolio":"MTP","estado":"TAB","municipio":"Villahermosa"}},{"type":"Feature","geometry":{"type":"Point","coordinates":[-93.36906389,17.90204722]},"properties":{"id":"MX-TAB-5022","nombre":"Carr Cardenas-Huimanguillo","portfolio":"MTP","estado":"TAB","municipio":"Huimanguillo"}},{"type":"Feature","geometry":{"type":"Point","coordinates":[-93.22835278,18.28486667]},"properties":{"id":"MX-TAB-5024","nombre":"Comalcalco Norte","portfolio":"MTP","estado":"TAB","municipio":"Comalcalco"}},{"type":"Feature","geometry":{"type":"Point","coordinates":[-92.938806,18.005972]},"properties":{"id":"MX-TAB-5030","nombre":"Fracc Oropeza","portfolio":"MTP","estado":"TAB","municipio":"Centro"}},{"type":"Feature","geometry":{"type":"Point","coordinates":[-92.9281998,17.9997006]},"properties":{"id":"MX-TAB-5037","nombre":"Ajose Pages","portfolio":"MTP","estado":"TAB","municipio":"Centro"}},{"type":"Feature","geometry":{"type":"Point","coordinates":[-92.86408333,18.13263889]},"properties":{"id":"MX-TAB-5044","nombre":"Villa Union","portfolio":"MTP","estado":"TAB","municipio":"Centro"}},{"type":"Feature","geometry":{"type":"Point","coordinates":[-92.980194,17.941444]},"properties":{"id":"MX-TAB-5056","nombre":"Rio Viejo","portfolio":"MTP","estado":"TAB","municipio":"Centro"}},{"type":"Feature","geometry":{"type":"Point","coordinates":[-92.951475,17.54444]},"properties":{"id":"MX-TAB-5062","nombre":"Teapa Sur","portfolio":"MTP","estado":"TAB","municipio":"Teapa"}},{"type":"Feature","geometry":{"type":"Point","coordinates":[-92.93055556,17.99027778]},"properties":{"id":"MX-TAB-5063","nombre":"Villahermosa","portfolio":"CAPSA","estado":"TAB","municipio":"Centro"}},{"type":"Feature","geometry":{"type":"Point","coordinates":[-92.94690556,17.989925]},"properties":{"id":"MX-TAB-5064","nombre":"Villahermosa","portfolio":"CAPSA","estado":"TAB","municipio":"Centro"}},{"type":"Feature","geometry":{"type":"Point","coordinates":[-98.088932,25.983774]},"properties":{"id":"MX-TAM-0004","nombre":"TMM Rio Bravo","portfolio":"MTP","estado":"TAM","municipio":"Rio Bravo"}},{"type":"Feature","geometry":{"type":"Point","coordinates":[-97.472397,25.868349]},"properties":{"id":"MX-TAM-0010","nombre":"Arboledas","portfolio":"MTP","estado":"TAM","municipio":"Matamoros"}},{"type":"Feature","geometry":{"type":"Point","coordinates":[-97.463641,25.856163]},"properties":{"id":"MX-TAM-0012","nombre":"Fidel Velazquez","portfolio":"MTP","estado":"TAM","municipio":"Matamoros"}},{"type":"Feature","geometry":{"type":"Point","coordinates":[-97.881175,22.318064]},"properties":{"id":"MX-TAM-0013","nombre":"Roma","portfolio":"MTP","estado":"TAM","municipio":"Tamaulipas"}},{"type":"Feature","geometry":{"type":"Point","coordinates":[-97.481689,25.832194]},"properties":{"id":"MX-TAM-0014","nombre":"Cavazos","portfolio":"MTP","estado":"TAM","municipio":"Matamoros"}},{"type":"Feature","geometry":{"type":"Point","coordinates":[-97.484572,25.854502]},"properties":{"id":"MX-TAM-0015","nombre":"Copa","portfolio":"MTP","estado":"TAM","municipio":"Matamoros"}},{"type":"Feature","geometry":{"type":"Point","coordinates":[-98.30010835,26.04313918]},"properties":{"id":"MX-TAM-0017","nombre":"Purificacion","portfolio":"MTP","estado":"TAM","municipio":"Reynosa"}},{"type":"Feature","geometry":{"type":"Point","coordinates":[-98.256797,26.028688]},"properties":{"id":"MX-TAM-0018","nombre":"Zedillo","portfolio":"MTP","estado":"TAM","municipio":"Reynosa"}},{"type":"Feature","geometry":{"type":"Point","coordinates":[-97.885436,22.337333]},"properties":{"id":"MX-TAM-0022","nombre":"Lagunas De Miralta","portfolio":"MTP","estado":"TAM","municipio":"Miramar"}},{"type":"Feature","geometry":{"type":"Point","coordinates":[-97.845458,22.214086]},"properties":{"id":"MX-TAM-0023","nombre":"Cortadura","portfolio":"MTP","estado":"TAM","municipio":"Tampico"}},{"type":"Feature","geometry":{"type":"Point","coordinates":[-99.115056,23.7390323]},"properties":{"id":"MX-TAM-0025","nombre":"Azteca","portfolio":"MTP","estado":"TAM","municipio":"Ciudad Victoria"}},{"type":"Feature","geometry":{"type":"Point","coordinates":[-99.124697,23.755811]},"properties":{"id":"MX-TAM-0026","nombre":"Rinconada","portfolio":"MTP","estado":"TAM","municipio":"Ciudad Victoria"}},{"type":"Feature","geometry":{"type":"Point","coordinates":[-98.371314,24.056998]},"properties":{"id":"MX-TAM-0027","nombre":"Abasolo Centro","portfolio":"MTP","estado":"TAM","municipio":"Abasolo"}},{"type":"Feature","geometry":{"type":"Point","coordinates":[-99.110222,23.758083]},"properties":{"id":"MX-TAM-0028","nombre":"El 121","portfolio":"MTP","estado":"TAM","municipio":"Ciudad Victoria"}},{"type":"Feature","geometry":{"type":"Point","coordinates":[-99.146116,23.710382]},"properties":{"id":"MX-TAM-0029","nombre":"Fraternidad","portfolio":"MTP","estado":"TAM","municipio":"Victoria"}},{"type":"Feature","geometry":{"type":"Point","coordinates":[-98.324439,26.10525]},"properties":{"id":"MX-TAM-0030","nombre":"Rancho La Rosita","portfolio":"MTP","estado":"TAM","municipio":"Reynosa"}},{"type":"Feature","geometry":{"type":"Point","coordinates":[-97.5448789,25.8271165]},"properties":{"id":"MX-TAM-0032","nombre":"Hacienda Misiones","portfolio":"MTP","estado":"TAM","municipio":"Ejido Cabras Pintas"}},{"type":"Feature","geometry":{"type":"Point","coordinates":[-99.194649,22.841195]},"properties":{"id":"MX-TAM-0033","nombre":"Adolfo López Mateos","portfolio":"MTP","estado":"TAM","municipio":"Ocampo"}},{"type":"Feature","geometry":{"type":"Point","coordinates":[-98.100436,25.989991]},"properties":{"id":"MX-TAM-0034","nombre":"Panteones II","portfolio":"MTP","estado":"TAM","municipio":"Tamaulipas"}},{"type":"Feature","geometry":{"type":"Point","coordinates":[-99.002219,23.3752778]},"properties":{"id":"MX-TAM-0042","nombre":"Angostura","portfolio":"MTP","estado":"TAM","municipio":"Llera"}},{"type":"Feature","geometry":{"type":"Point","coordinates":[-99.545,27.4919444]},"properties":{"id":"MX-TAM-0043","nombre":"Zona Militar","portfolio":"MTP","estado":"TAM","municipio":"Nuevo Laredo"}},{"type":"Feature","geometry":{"type":"Point","coordinates":[-99.5577778,27.4980556]},"properties":{"id":"MX-TAM-0044","nombre":"Dionisio","portfolio":"MTP","estado":"TAM","municipio":"Nuevo Laredo"}},{"type":"Feature","geometry":{"type":"Point","coordinates":[-99.490833,27.4855556]},"properties":{"id":"MX-TAM-0045","nombre":"Laredo Oriente","portfolio":"MTP","estado":"TAM","municipio":"Nuevo Laredo"}},{"type":"Feature","geometry":{"type":"Point","coordinates":[-97.8308333,22.2741667]},"properties":{"id":"MX-TAM-0046","nombre":"Playas","portfolio":"MTP","estado":"TAM","municipio":"Tampico"}},{"type":"Feature","geometry":{"type":"Point","coordinates":[-98.893884,23.7125008]},"properties":{"id":"MX-TAM-0047","nombre":"Aeropuerto Victoria","portfolio":"MTP","estado":"TAM","municipio":"Cd. Victoria"}},{"type":"Feature","geometry":{"type":"Point","coordinates":[-97.6815,25.969972]},"properties":{"id":"MX-TAM-0048","nombre":"Los Cuates","portfolio":"MTP","estado":"TAM","municipio":"Tamaulipas"}},{"type":"Feature","geometry":{"type":"Point","coordinates":[-97.90413333,22.41306944]},"properties":{"id":"MX-TAM-5001","nombre":"Presidentes","portfolio":"MTP","estado":"TAM","municipio":"ALTAMIRA"}},{"type":"Feature","geometry":{"type":"Point","coordinates":[-98.120375,25.97410556]},"properties":{"id":"MX-TAM-5002","nombre":"Refineria Rio Bravo","portfolio":"MTP","estado":"TAM","municipio":"Ciudad Río Bravo"}},{"type":"Feature","geometry":{"type":"Point","coordinates":[-99.00028056,22.76761667]},"properties":{"id":"MX-TAM-5003","nombre":"Diamante","portfolio":"MTP","estado":"TAM","municipio":"Ciudad Mante"}},{"type":"Feature","geometry":{"type":"Point","coordinates":[-99.08133333,24.08405556]},"properties":{"id":"MX-TAM-5004","nombre":"La Ceiba","portfolio":"MTP","estado":"TAM","municipio":"Nuevo Padilla"}},{"type":"Feature","geometry":{"type":"Point","coordinates":[-98.96136111,22.94475]},"properties":{"id":"MX-TAM-5005","nombre":"Ingenio Xico","portfolio":"MTP","estado":"TAM","municipio":"Xicohténcatl"}},{"type":"Feature","geometry":{"type":"Point","coordinates":[-98.21897778,23.72678056]},"properties":{"id":"MX-TAM-5006","nombre":"Soto 3","portfolio":"MTP","estado":"TAM","municipio":"Soto la Marina"}},{"type":"Feature","geometry":{"type":"Point","coordinates":[-97.54846944,25.83993889]},"properties":{"id":"MX-TAM-5007","nombre":"Palmares","portfolio":"MTP","estado":"Tam","municipio":"Matamoros"}},{"type":"Feature","geometry":{"type":"Point","coordinates":[-98.89918889,24.04192778]},"properties":{"id":"MX-TAM-5008","nombre":"Purificacion","portfolio":"MTP","estado":"TAM","municipio":"Nuevo Padilla"}},{"type":"Feature","geometry":{"type":"Point","coordinates":[-98.61883889,22.49797222]},"properties":{"id":"MX-TAM-5009","nombre":"El Naranjo","portfolio":"MTP","estado":"TAM","municipio":"Ciudad Mante"}},{"type":"Feature","geometry":{"type":"Point","coordinates":[-98.55480556,22.65336111]},"properties":{"id":"MX-TAM-5010","nombre":"Graciano Sanchez","portfolio":"MTP","estado":"TAM","municipio":"González"}},{"type":"Feature","geometry":{"type":"Point","coordinates":[-98.99658333,22.74741667]},"properties":{"id":"MX-TAM-5011","nombre":"Rodeo","portfolio":"MTP","estado":"TAM","municipio":"Ciudad Mante"}},{"type":"Feature","geometry":{"type":"Point","coordinates":[-97.505325,25.88246111]},"properties":{"id":"MX-TAM-5012","nombre":"Matamoros","portfolio":"MTP","estado":"TAM","municipio":"Matamoros"}},{"type":"Feature","geometry":{"type":"Point","coordinates":[-97.480778,25.867722]},"properties":{"id":"MX-TAM-5013","nombre":"Puente Nuevo Matamoros","portfolio":"MTP","estado":"TAM","municipio":"Matamoros"}},{"type":"Feature","geometry":{"type":"Point","coordinates":[-98.28536667,26.06124444]},"properties":{"id":"MX-TAM-5014","nombre":"Alvaro Obregon","portfolio":"MTP","estado":"TAM","municipio":"Reynosa"}},{"type":"Feature","geometry":{"type":"Point","coordinates":[-98.829681,26.330403]},"properties":{"id":"MX-TAM-5015","nombre":"Libertad","portfolio":"MTP","estado":"TAM","municipio":"Ciudad Camargo"}},{"type":"Feature","geometry":{"type":"Point","coordinates":[-98.40391735,26.04199759]},"properties":{"id":"MX-TAM-5016","nombre":"Loma Real","portfolio":"MTP","estado":"TAM","municipio":"Reynosa"}},{"type":"Feature","geometry":{"type":"Point","coordinates":[-98.27066667,25.94036111]},"properties":{"id":"MX-TAM-5017","nombre":"Retama","portfolio":"MTP","estado":"TAM","municipio":"Reynosa"}},{"type":"Feature","geometry":{"type":"Point","coordinates":[-99.50359722,27.46608333]},"properties":{"id":"MX-TAM-5018","nombre":"Paseo Colon","portfolio":"MTP","estado":"TAM","municipio":"Nuevo Laredo"}},{"type":"Feature","geometry":{"type":"Point","coordinates":[-98.22730833,26.02146389]},"properties":{"id":"MX-TAM-5019","nombre":"Aeropuerto Reynosa","portfolio":"MTP","estado":"TAM","municipio":"Reynosa"}},{"type":"Feature","geometry":{"type":"Point","coordinates":[-97.51648888,25.88164722]},"properties":{"id":"MX-TAM-5020","nombre":"Bravo","portfolio":"MTP","estado":"TAM","municipio":"Matamoros"}},{"type":"Feature","geometry":{"type":"Point","coordinates":[-98.07746111,26.00285833]},"properties":{"id":"MX-TAM-5021","nombre":"Bocanegra","portfolio":"MTP","estado":"TAM","municipio":"Ciudad Río Bravo"}},{"type":"Feature","geometry":{"type":"Point","coordinates":[-97.5112,25.80543056]},"properties":{"id":"MX-TAM-5022","nombre":"Bonilla","portfolio":"MTP","estado":"TAM","municipio":"Matamoros"}},{"type":"Feature","geometry":{"type":"Point","coordinates":[-99.594415,27.512094]},"properties":{"id":"MX-TAM-5023","nombre":"Reservas Territoriales","portfolio":"MTP","estado":"TAM","municipio":"Nuevo Laredo"}},{"type":"Feature","geometry":{"type":"Point","coordinates":[-97.5014,25.79452222]},"properties":{"id":"MX-TAM-5024","nombre":"Pastizalez","portfolio":"MTP","estado":"TAM","municipio":"Matamoros"}},{"type":"Feature","geometry":{"type":"Point","coordinates":[-99.03360833,26.40251111]},"properties":{"id":"MX-TAM-5025","nombre":"Bulevard","portfolio":"MTP","estado":"TAM","municipio":"Ciudad Miguel Alemán"}},{"type":"Feature","geometry":{"type":"Point","coordinates":[-99.02138889,22.61972222]},"properties":{"id":"MX-TAM-5026","nombre":"Temporalera","portfolio":"MTP","estado":"TAM","municipio":"Ciudad Mante"}},{"type":"Feature","geometry":{"type":"Point","coordinates":[-97.482301,25.839754]},"properties":{"id":"MX-TAM-5028","nombre":"Nogalar","portfolio":"MTP","estado":"TAM","municipio":"Matamoros"}},{"type":"Feature","geometry":{"type":"Point","coordinates":[-98.24445278,25.99668611]},"properties":{"id":"MX-TAM-5030","nombre":"Villa Esmeralda","portfolio":"MTP","estado":"TAM","municipio":"Reynosa"}},{"type":"Feature","geometry":{"type":"Point","coordinates":[-98.295296,26.08348]},"properties":{"id":"MX-TAM-5031","nombre":"Privada Zaragoza","portfolio":"MTP","estado":"TAM","municipio":"Reynosa"}},{"type":"Feature","geometry":{"type":"Point","coordinates":[-99.4963917,24.490275]},"properties":{"id":"MX-TAM-5033","nombre":"Villagran","portfolio":"MTP","estado":"TAM","municipio":"Villagrán"}},{"type":"Feature","geometry":{"type":"Point","coordinates":[-97.530125,25.82711944]},"properties":{"id":"MX-TAM-5035","nombre":"Ebano","portfolio":"MTP","estado":"TAM","municipio":"Matamoros"}},{"type":"Feature","geometry":{"type":"Point","coordinates":[-98.315428,26.060494]},"properties":{"id":"MX-TAM-5036","nombre":"Sierra Morena","portfolio":"MTP","estado":"TAM","municipio":"Reynosa"}},{"type":"Feature","geometry":{"type":"Point","coordinates":[-97.567325,25.917242]},"properties":{"id":"MX-TAM-5037","nombre":"Tec De  Monterrey Matamoros","portfolio":"MTP","estado":"TAM","municipio":"Matamoros"}},{"type":"Feature","geometry":{"type":"Point","coordinates":[-97.516173,25.833935]},"properties":{"id":"MX-TAM-5038","nombre":"Buena Vista","portfolio":"MTP","estado":"TAM","municipio":"Matamoros"}},{"type":"Feature","geometry":{"type":"Point","coordinates":[-97.53175,25.84009444]},"properties":{"id":"MX-TAM-5040","nombre":"Del Puente","portfolio":"MTP","estado":"TAM","municipio":"Matamoros"}},{"type":"Feature","geometry":{"type":"Point","coordinates":[-97.462527,25.840018]},"properties":{"id":"MX-TAM-5041","nombre":"Los Nogales","portfolio":"MTP","estado":"TAM","municipio":"Matamoros"}},{"type":"Feature","geometry":{"type":"Point","coordinates":[-98.29400278,26.06394167]},"properties":{"id":"MX-TAM-5043","nombre":"Blvd Morelos","portfolio":"MTP","estado":"TAM","municipio":"Reynosa"}},{"type":"Feature","geometry":{"type":"Point","coordinates":[-98.39327778,26.02291667]},"properties":{"id":"MX-TAM-5044","nombre":"Bugambilias II","portfolio":"MTP","estado":"TAM","municipio":"Reynosa"}},{"type":"Feature","geometry":{"type":"Point","coordinates":[-98.29441,26.03313]},"properties":{"id":"MX-TAM-5045","nombre":"Generacion 2000","portfolio":"MTP","estado":"TAM","municipio":"Reynosa"}},{"type":"Feature","geometry":{"type":"Point","coordinates":[-98.32723333,26.09185278]},"properties":{"id":"MX-TAM-5046","nombre":"Carrizales","portfolio":"MTP","estado":"TAM","municipio":"Reynosa"}},{"type":"Feature","geometry":{"type":"Point","coordinates":[-98.2911,26.0404]},"properties":{"id":"MX-TAM-5048","nombre":"Unidos Podemos","portfolio":"MTP","estado":"TAM","municipio":"Reynosa"}},{"type":"Feature","geometry":{"type":"Point","coordinates":[-98.270921,26.092046]},"properties":{"id":"MX-TAM-5049","nombre":"Prado","portfolio":"MTP","estado":"TAM","municipio":"Reynosa"}},{"type":"Feature","geometry":{"type":"Point","coordinates":[-98.3728,26.0431]},"properties":{"id":"MX-TAM-5050","nombre":"Casa Hogar","portfolio":"MTP","estado":"TAM","municipio":"Reynosa"}},{"type":"Feature","geometry":{"type":"Point","coordinates":[-97.524917,25.873617]},"properties":{"id":"MX-TAM-5051","nombre":"Cuauhtemoc","portfolio":"MTP","estado":"TAM","municipio":"Matamoros"}},{"type":"Feature","geometry":{"type":"Point","coordinates":[-97.45780556,25.83251389]},"properties":{"id":"MX-TAM-5052","nombre":"Palmitas","portfolio":"MTP","estado":"TAM","municipio":"Matamoros"}},{"type":"Feature","geometry":{"type":"Point","coordinates":[-99.5252778,27.4958333]},"properties":{"id":"MX-TAM-5053","nombre":"Rio Bravo","portfolio":"MTP","estado":"TAM","municipio":"Nuevo Laredo"}},{"type":"Feature","geometry":{"type":"Point","coordinates":[-97.52853056,25.88945556]},"properties":{"id":"MX-TAM-5056","nombre":"Las Riveras","portfolio":"MTP","estado":"TAM","municipio":"Matamoros"}},{"type":"Feature","geometry":{"type":"Point","coordinates":[-98.290832,26.055061]},"properties":{"id":"MX-TAM-5057","nombre":"Santa Fe","portfolio":"MTP","estado":"TAM","municipio":"Reynosa"}},{"type":"Feature","geometry":{"type":"Point","coordinates":[-98.3854167,26.0512722]},"properties":{"id":"MX-TAM-5059","nombre":"Campestre","portfolio":"MTP","estado":"TAM","municipio":"Reynosa"}},{"type":"Feature","geometry":{"type":"Point","coordinates":[-99.5269444,27.4758333]},"properties":{"id":"MX-TAM-5060","nombre":"Mirador","portfolio":"MTP","estado":"TAM","municipio":"Nuevo Laredo"}},{"type":"Feature","geometry":{"type":"Point","coordinates":[-98.34075278,26.05751944]},"properties":{"id":"MX-TAM-5061","nombre":"Del Angel","portfolio":"MTP","estado":"TAM","municipio":"Reynosa"}},{"type":"Feature","geometry":{"type":"Point","coordinates":[-97.55988889,25.81888889]},"properties":{"id":"MX-TAM-5062","nombre":"Pueblitos","portfolio":"MTP","estado":"TAM","municipio":"Matamoros"}},{"type":"Feature","geometry":{"type":"Point","coordinates":[-98.12498611,26.00259167]},"properties":{"id":"MX-TAM-5065","nombre":"Rio Norte","portfolio":"MTP","estado":"TAM","municipio":"Ciudad Río Bravo"}},{"type":"Feature","geometry":{"type":"Point","coordinates":[-97.56673889,25.85648611]},"properties":{"id":"MX-TAM-5066","nombre":"Vamos Tamaulipas","portfolio":"MTP","estado":"TAM","municipio":"Matamoros"}},{"type":"Feature","geometry":{"type":"Point","coordinates":[-99.11441667,23.886]},"properties":{"id":"MX-TAM-5067","nombre":"Educadoras","portfolio":"MTP","estado":"TAM","municipio":"Güémez"}},{"type":"Feature","geometry":{"type":"Point","coordinates":[-99.25034722,23.96820833]},"properties":{"id":"MX-TAM-5068","nombre":"El Tigre","portfolio":"MTP","estado":"TAM","municipio":"Güémez"}},{"type":"Feature","geometry":{"type":"Point","coordinates":[-99.19883333,23.85363889]},"properties":{"id":"MX-TAM-5069","nombre":"La Carreta","portfolio":"MTP","estado":"TAM","municipio":"Victoria"}},{"type":"Feature","geometry":{"type":"Point","coordinates":[-97.87888889,25.66641667]},"properties":{"id":"MX-TAM-5071","nombre":"Acacia","portfolio":"MTP","estado":"TAM","municipio":"Valle hermoso"}},{"type":"Feature","geometry":{"type":"Point","coordinates":[-98.40994444,26.05844444]},"properties":{"id":"MX-TAM-5072","nombre":"Bodega Loma Real","portfolio":"MTP","estado":"TAM","municipio":"Reynosa"}},{"type":"Feature","geometry":{"type":"Point","coordinates":[-99.503128,27.433808]},"properties":{"id":"MX-TAM-5074","nombre":"Balcones","portfolio":"MTP","estado":"TAM","municipio":"Nuevo Laredo"}},{"type":"Feature","geometry":{"type":"Point","coordinates":[-99.55575,27.46169444]},"properties":{"id":"MX-TAM-5075","nombre":"Manuel Cavazos","portfolio":"MTP","estado":"TAM","municipio":"Nuevo Laredo"}},{"type":"Feature","geometry":{"type":"Point","coordinates":[-99.52314,27.458721]},"properties":{"id":"MX-TAM-5076","nombre":"Esteban","portfolio":"MTP","estado":"TAM","municipio":"Nuevo Laredo"}},{"type":"Feature","geometry":{"type":"Point","coordinates":[-99.58878,27.480005]},"properties":{"id":"MX-TAM-5077","nombre":"San Miguel","portfolio":"MTP","estado":"TAM","municipio":"Nuevo Laredo"}},{"type":"Feature","geometry":{"type":"Point","coordinates":[-99.549991,27.50857]},"properties":{"id":"MX-TAM-5078","nombre":"Zapata","portfolio":"MTP","estado":"TAM","municipio":"Nuevo Laredo"}},{"type":"Feature","geometry":{"type":"Point","coordinates":[-99.488975,27.493297]},"properties":{"id":"MX-TAM-5079","nombre":"Blvd Colosio","portfolio":"MTP","estado":"TAM","municipio":"Nuevo Laredo"}},{"type":"Feature","geometry":{"type":"Point","coordinates":[-98.300301,26.039708]},"properties":{"id":"MX-TAM-5080","nombre":"Jacinto Lopez","portfolio":"MTP","estado":"TAM","municipio":"Reynosa"}},{"type":"Feature","geometry":{"type":"Point","coordinates":[-98.257384,26.011341]},"properties":{"id":"MX-TAM-5082","nombre":"Independencia","portfolio":"MTP","estado":"TAM","municipio":"Reynosa"}},{"type":"Feature","geometry":{"type":"Point","coordinates":[-98.269494,26.023211]},"properties":{"id":"MX-TAM-5083","nombre":"Arcoiris","portfolio":"MTP","estado":"TAM","municipio":"Reynosa"}},{"type":"Feature","geometry":{"type":"Point","coordinates":[-98.284466,26.021272]},"properties":{"id":"MX-TAM-5084","nombre":"Nuevo Milenio","portfolio":"MTP","estado":"TAM","municipio":"Reynosa"}},{"type":"Feature","geometry":{"type":"Point","coordinates":[-98.282428,26.049889]},"properties":{"id":"MX-TAM-5091","nombre":"Laguna Escondida","portfolio":"MTP","estado":"TAM","municipio":"Reynosa"}},{"type":"Feature","geometry":{"type":"Point","coordinates":[-98.589655,25.969961]},"properties":{"id":"MX-TAM-5093","nombre":"Jabali","portfolio":"MTP","estado":"NLE","municipio":"General Bravo"}},{"type":"Feature","geometry":{"type":"Point","coordinates":[-98.20066667,25.988]},"properties":{"id":"MX-TAM-5095","nombre":"Parque Ind Colonial","portfolio":"MTP","estado":"TAM","municipio":"Reynosa"}},{"type":"Feature","geometry":{"type":"Point","coordinates":[-97.87638889,22.25388889]},"properties":{"id":"MX-TAM-5099","nombre":"Tampico","portfolio":"CAPSA","estado":"TAM","municipio":"Tampico"}},{"type":"Feature","geometry":{"type":"Point","coordinates":[-98.24261111,26.00855556]},"properties":{"id":"MX-TAM-5100","nombre":"Platino","portfolio":"CAPSA","estado":"TAM","municipio":"Reynosa"}},{"type":"Feature","geometry":{"type":"Point","coordinates":[-98.39125,26.03598889]},"properties":{"id":"MX-TAM-5101","nombre":"Integracion","portfolio":"CAPSA","estado":"TAM","municipio":"Reynosa"}},{"type":"Feature","geometry":{"type":"Point","coordinates":[-97.91134722,22.39102778]},"properties":{"id":"MX-TAM-5102","nombre":"Politecnico","portfolio":"CAPSA","estado":"TAM","municipio":"Altamira"}},{"type":"Feature","geometry":{"type":"Point","coordinates":[-98.408444,26.01553]},"properties":{"id":"MX-TAM-5103","nombre":"Halcon","portfolio":"CAPSA","estado":"TAM","municipio":"Reynosa"}},{"type":"Feature","geometry":{"type":"Point","coordinates":[-106.420105,31.633408]},"properties":{"id":"MX-TAM-5104","nombre":"Halcon","portfolio":"CAPSA","estado":"CHH","municipio":"Ciudad Juárez"}},{"type":"Feature","geometry":{"type":"Point","coordinates":[-98.1185,24.85619444]},"properties":{"id":"MX-TAM-5105","nombre":"La Valentina","portfolio":"MTP","estado":"TAM","municipio":"San Fernando"}},{"type":"Feature","geometry":{"type":"Point","coordinates":[-97.853542,22.215469]},"properties":{"id":"MX-TAM-5106","nombre":"Isauro","portfolio":"MTP","estado":"TAM","municipio":"Tampico"}},{"type":"Feature","geometry":{"type":"Point","coordinates":[-98.10116667,22.91736111]},"properties":{"id":"MX-TAM-5107","nombre":"Modelo Aldama","portfolio":"MTP","estado":"TAM","municipio":"Aldama"}},{"type":"Feature","geometry":{"type":"Point","coordinates":[-97.84915556,22.25365833]},"properties":{"id":"MX-TAM-5109","nombre":"Tec Madero","portfolio":"MTP","estado":"TAM","municipio":"Ciudad Madero"}},{"type":"Feature","geometry":{"type":"Point","coordinates":[-98.1505,22.54538889]},"properties":{"id":"MX-TAM-5110","nombre":"Cuauhtemoc","portfolio":"MTP","estado":"TAM","municipio":"Altamira"}},{"type":"Feature","geometry":{"type":"Point","coordinates":[-98.26884444,26.01132222]},"properties":{"id":"MX-TAM-5111","nombre":"Calicheras","portfolio":"MTP","estado":"TAM","municipio":"Reynosa"}},{"type":"Feature","geometry":{"type":"Point","coordinates":[-97.96893889,22.439525]},"properties":{"id":"MX-TAM-5112","nombre":"Dynasol","portfolio":"MTP","estado":"TAM","municipio":"Tampico"}},{"type":"Feature","geometry":{"type":"Point","coordinates":[-97.896477,22.364688]},"properties":{"id":"MX-TAM-5118","nombre":"Galina","portfolio":"MTP","estado":"TAM","municipio":"Altamira"}},{"type":"Feature","geometry":{"type":"Point","coordinates":[-97.41935556,25.83074722]},"properties":{"id":"MX-TAM-5120","nombre":"California","portfolio":"MTP","estado":"TAM","municipio":"Matamoros"}},{"type":"Feature","geometry":{"type":"Point","coordinates":[-97.58175,25.82258333]},"properties":{"id":"MX-TAM-5121","nombre":"Zona Militar","portfolio":"MTP","estado":"TAM","municipio":"Matamoros"}},{"type":"Feature","geometry":{"type":"Point","coordinates":[-97.80725833,25.66589722]},"properties":{"id":"MX-TAM-5122","nombre":"Hotel San Luis","portfolio":"MTP","estado":"TAM","municipio":"VALLE HERMOSO"}},{"type":"Feature","geometry":{"type":"Point","coordinates":[-97.82271944,25.67101944]},"properties":{"id":"MX-TAM-5123","nombre":"Multidisciplinaria","portfolio":"MTP","estado":"TAM","municipio":"Valle Hermoso"}},{"type":"Feature","geometry":{"type":"Point","coordinates":[-97.80258333,22.28416667]},"properties":{"id":"MX-TAM-5129","nombre":"Playa Norte","portfolio":"MTP","estado":"TAM","municipio":"Ciudad Madero"}},{"type":"Feature","geometry":{"type":"Point","coordinates":[-98.348368,26.12799]},"properties":{"id":"MX-TAM-5130","nombre":"Viaducto Reynosa","portfolio":"MTP","estado":"TAM","municipio":"Reynosa"}},{"type":"Feature","geometry":{"type":"Point","coordinates":[-97.50663333,25.848825]},"properties":{"id":"MX-TAM-5131","nombre":"Plaza Matamoros","portfolio":"CAPSA","estado":"TAM","municipio":"Matamoros"}},{"type":"Feature","geometry":{"type":"Point","coordinates":[-97.47154722,25.83603889]},"properties":{"id":"MX-TAM-5132","nombre":"Paraiso","portfolio":"MTP","estado":"TAM","municipio":"Heroica Matamoros"}},{"type":"Feature","geometry":{"type":"Point","coordinates":[-97.865864,22.305367]},"properties":{"id":"MX-TAM-5133","nombre":"6ta Avenida","portfolio":"MTP","estado":"TAM","municipio":"Tampico"}},{"type":"Feature","geometry":{"type":"Point","coordinates":[-97.8603,22.2634583]},"properties":{"id":"MX-TAM-5135","nombre":"Lomas De Rosales","portfolio":"MTP","estado":"TAM","municipio":"Tampico"}},{"type":"Feature","geometry":{"type":"Point","coordinates":[-97.869686,22.287333]},"properties":{"id":"MX-TAM-5137","nombre":"Habanero","portfolio":"MTP","estado":"TAM","municipio":"Tampico"}},{"type":"Feature","geometry":{"type":"Point","coordinates":[-97.859815,22.263133]},"properties":{"id":"MX-TAM-5138","nombre":"Geranio","portfolio":"MTP","estado":"TAM","municipio":"Tampico"}},{"type":"Feature","geometry":{"type":"Point","coordinates":[-97.866256,22.310064]},"properties":{"id":"MX-TAM-5139","nombre":"Ghana","portfolio":"MTP","estado":"TAM","municipio":"Tampico"}},{"type":"Feature","geometry":{"type":"Point","coordinates":[-97.850889,22.310389]},"properties":{"id":"MX-TAM-5140","nombre":"Manuel Palafox","portfolio":"MTP","estado":"TAM","municipio":"Tampico"}},{"type":"Feature","geometry":{"type":"Point","coordinates":[-97.913056,22.4075]},"properties":{"id":"MX-TAM-5141","nombre":"Puerto Industrial","portfolio":"MTP","estado":"TAM","municipio":"Altamira"}},{"type":"Feature","geometry":{"type":"Point","coordinates":[-97.845138,22.214664]},"properties":{"id":"MX-TAM-5142","nombre":"1 De Mayo II","portfolio":"MTP","estado":"TAM","municipio":"Tampico"}},{"type":"Feature","geometry":{"type":"Point","coordinates":[-97.88564,22.32275]},"properties":{"id":"MX-TAM-5143","nombre":"La Divisoria","portfolio":"MTP","estado":"TAM","municipio":"Tampico"}},{"type":"Feature","geometry":{"type":"Point","coordinates":[-99.241222,23.6254167]},"properties":{"id":"MX-TAM-5144","nombre":"Ciudad Victoria","portfolio":"MTP","estado":"TAM","municipio":"Ciudad Victoria"}},{"type":"Feature","geometry":{"type":"Point","coordinates":[-97.818797,22.263681]},"properties":{"id":"MX-TAM-5146","nombre":"Refinería Madero","portfolio":"MTP","estado":"TAM","municipio":"Tamaulipas"}},{"type":"Feature","geometry":{"type":"Point","coordinates":[-97.94153889,22.40033056]},"properties":{"id":"MX-TAM-5301","nombre":"Casitas","portfolio":"MTP","estado":"TAM","municipio":"Altamira"}},{"type":"Feature","geometry":{"type":"Point","coordinates":[-98.26002778,26.05235556]},"properties":{"id":"MX-TAM-5302","nombre":"Centro Cultural Reynosa","portfolio":"MTP","estado":"TAM","municipio":"Reynosa"}},{"type":"Feature","geometry":{"type":"Point","coordinates":[-97.2911,25.8247]},"properties":{"id":"MX-TAM-5304","nombre":"Km 26 Bagdag","portfolio":"MTP","estado":"TAM","municipio":"Matamoros"}},{"type":"Feature","geometry":{"type":"Point","coordinates":[-97.58870833,25.79183056]},"properties":{"id":"MX-TAM-5305","nombre":"La Venada","portfolio":"MTP","estado":"TAM","municipio":"Matamoros"}},{"type":"Feature","geometry":{"type":"Point","coordinates":[-98.33538056,26.08615]},"properties":{"id":"MX-TAM-5306","nombre":"Las Fuentes","portfolio":"MTP","estado":"TAM","municipio":"Reynosa"}},{"type":"Feature","geometry":{"type":"Point","coordinates":[-97.39694444,25.83305556]},"properties":{"id":"MX-TAM-5307","nombre":"Refugio","portfolio":"MTP","estado":"TAM","municipio":"Matamoros"}},{"type":"Feature","geometry":{"type":"Point","coordinates":[-98.43960556,26.03151111]},"properties":{"id":"MX-TAM-5308","nombre":"Ventura","portfolio":"MTP","estado":"TAM","municipio":"Reynosa"}},{"type":"Feature","geometry":{"type":"Point","coordinates":[-97.87577,22.27613]},"properties":{"id":"MX-TAM-5312","nombre":"Tampico","portfolio":"CAPSA","estado":"TAM","municipio":"Tampico"}},{"type":"Feature","geometry":{"type":"Point","coordinates":[-99.1636611,23.7529694]},"properties":{"id":"MX-TAM-5318","nombre":"Tecnológico","portfolio":"MTP","estado":"TAM","municipio":"Ciudad Victoria"}},{"type":"Feature","geometry":{"type":"Point","coordinates":[-98.1044554,19.1583323]},"properties":{"id":"MX-TLA-0001","nombre":"San Miguel Canoa","portfolio":"MTP","estado":"TLA","municipio":"Tlaxcala"}},{"type":"Feature","geometry":{"type":"Point","coordinates":[-98.27775,19.23965]},"properties":{"id":"MX-TLA-0002","nombre":"Tetlatlahuca","portfolio":"MTP","estado":"TLA","municipio":"Tetlatlahuaca"}},{"type":"Feature","geometry":{"type":"Point","coordinates":[-98.25882,19.3114]},"properties":{"id":"MX-TLA-0003","nombre":"Panotla","portfolio":"MTP","estado":"TLA","municipio":"Tlaxcala"}},{"type":"Feature","geometry":{"type":"Point","coordinates":[-98.23214,19.299333]},"properties":{"id":"MX-TLA-0004","nombre":"Miraflores","portfolio":"MTP","estado":"TLA","municipio":"Tlaxcala"}},{"type":"Feature","geometry":{"type":"Point","coordinates":[-98.24702,19.3179452]},"properties":{"id":"MX-TLA-0005","nombre":"5 De Mayo","portfolio":"MTP","estado":"TLA","municipio":"Tlaxcala"}},{"type":"Feature","geometry":{"type":"Point","coordinates":[-98.0769467,19.4994449]},"properties":{"id":"MX-TLA-0006","nombre":"Parque Industrial Xicotencatl 2","portfolio":"MTP","estado":"TLA","municipio":"Tlaxcala"}},{"type":"Feature","geometry":{"type":"Point","coordinates":[-98.02905,19.3846356]},"properties":{"id":"MX-TLA-0007","nombre":"Tocatlan","portfolio":"MTP","estado":"TLA","municipio":"Tlaxcala"}},{"type":"Feature","geometry":{"type":"Point","coordinates":[-98.229153,19.195251]},"properties":{"id":"MX-TLA-0009","nombre":"Ciencias De La Salud","portfolio":"MTP","estado":"TLA","municipio":"Tlaxcala"}},{"type":"Feature","geometry":{"type":"Point","coordinates":[-98.109342,19.45989]},"properties":{"id":"MX-TLA-0010","nombre":"2 Abril","portfolio":"MTP","estado":"TLA","municipio":"Tlaxcala"}},{"type":"Feature","geometry":{"type":"Point","coordinates":[-98.19797222,19.17402778]},"properties":{"id":"MX-TLA-5001","nombre":"Papalotla","portfolio":"MTP","estado":"TLA","municipio":"Papalotla"}},{"type":"Feature","geometry":{"type":"Point","coordinates":[-98.232789,19.310975]},"properties":{"id":"MX-TLA-5002","nombre":"Juarez","portfolio":"MTP","estado":"TLA","municipio":"Tlaxcala"}},{"type":"Feature","geometry":{"type":"Point","coordinates":[-98.2246917,19.3232194]},"properties":{"id":"MX-TLA-5005","nombre":"El Mirador","portfolio":"MTP","estado":"TLA","municipio":"Tlaxcala"}},{"type":"Feature","geometry":{"type":"Point","coordinates":[-98.2858,19.2763]},"properties":{"id":"MX-TLA-5006","nombre":"San Damian Texoloc","portfolio":"MTP","estado":"TLA","municipio":"San Damián Texoloc"}},{"type":"Feature","geometry":{"type":"Point","coordinates":[-98.18811111,19.17869444]},"properties":{"id":"MX-TLA-5007","nombre":"Mazatecochco","portfolio":"MTP","estado":"TLA","municipio":"Mazatecochco"}},{"type":"Feature","geometry":{"type":"Point","coordinates":[-98.131,19.39966667]},"properties":{"id":"MX-TLA-5008","nombre":"Villas Reales","portfolio":"MTP","estado":"TLA","municipio":"Santa Cruz Tlaxcala"}},{"type":"Feature","geometry":{"type":"Point","coordinates":[-97.92494444,19.328]},"properties":{"id":"MX-TLA-5009","nombre":"La Estacion","portfolio":"MTP","estado":"TLA","municipio":"Huamantla"}},{"type":"Feature","geometry":{"type":"Point","coordinates":[-98.20258333,19.14463889]},"properties":{"id":"MX-TLA-5010","nombre":"Tenancingo","portfolio":"MTP","estado":"TLA","municipio":"Tenancingo"}},{"type":"Feature","geometry":{"type":"Point","coordinates":[-98.16866667,19.34908333]},"properties":{"id":"MX-TLA-5011","nombre":"Amaxcac","portfolio":"MTP","estado":"TLA","municipio":"San Bernabé Amaxac de Guerrero"}},{"type":"Feature","geometry":{"type":"Point","coordinates":[-98.10761111,19.37877778]},"properties":{"id":"MX-TLA-5012","nombre":"Ahuashuatepec","portfolio":"MTP","estado":"TLA","municipio":"Tzompantepec"}},{"type":"Feature","geometry":{"type":"Point","coordinates":[-99.20108333,19.67131667]},"properties":{"id":"MX-TLA-5014","nombre":"San Marcos","portfolio":"CAPSA","estado":"MEX","municipio":"Cuautitlán Izcalli"}},{"type":"Feature","geometry":{"type":"Point","coordinates":[-98.53725,19.48811944]},"properties":{"id":"MX-TLA-5015","nombre":"Nanacamilpa De Mariano De Aristas","portfolio":"MTP","estado":"TLA","municipio":"Ciudad de Nanacamilpa"}},{"type":"Feature","geometry":{"type":"Point","coordinates":[-98.17661111,19.12875833]},"properties":{"id":"MX-TLA-5030","nombre":"Villa Vicente Guerrero 2","portfolio":"MTP","estado":"TLA","municipio":"Villa Vicente Guerrero"}},{"type":"Feature","geometry":{"type":"Point","coordinates":[-98.08708167,19.33661833]},"properties":{"id":"MX-TLA-5031","nombre":"Cuatlapanga","portfolio":"MTP","estado":"TLA","municipio":"Cuaxomulco"}},{"type":"Feature","geometry":{"type":"Point","coordinates":[-97.34511,20.872638]},"properties":{"id":"MX-VER-0000","nombre":"Paises Bajos","portfolio":"MTP","estado":"VER","municipio":"Tuxpan"}},{"type":"Feature","geometry":{"type":"Point","coordinates":[-96.133666,19.155222]},"properties":{"id":"MX-VER-0001","nombre":"Floresta 2","portfolio":"MTP","estado":"VER","municipio":"Veracruz"}},{"type":"Feature","geometry":{"type":"Point","coordinates":[-96.13795,19.198911]},"properties":{"id":"MX-VER-0002","nombre":"Centro Veracruz","portfolio":"MTP","estado":"VER","municipio":"Veracruz"}},{"type":"Feature","geometry":{"type":"Point","coordinates":[-95.9939417,19.0609417]},"properties":{"id":"MX-VER-0003","nombre":"Antonio Lizardo","portfolio":"MTP","estado":"VER","municipio":"Alvarado"}},{"type":"Feature","geometry":{"type":"Point","coordinates":[-96.14833333,19.17666]},"properties":{"id":"MX-VER-0004","nombre":"MSC San Juan De Ulúa","portfolio":"MTP","estado":"VER","municipio":"Veracruz"}},{"type":"Feature","geometry":{"type":"Point","coordinates":[-96.1256389,19.1572194]},"properties":{"id":"MX-VER-0016","nombre":"Beato Avila","portfolio":"MTP","estado":"VER","municipio":"Boca del Rio"}},{"type":"Feature","geometry":{"type":"Point","coordinates":[-96.139163,19.141028]},"properties":{"id":"MX-VER-0017","nombre":"Cruce A Medellin","portfolio":"MTP","estado":"VER","municipio":"Boca Del Rio"}},{"type":"Feature","geometry":{"type":"Point","coordinates":[-96.1402167,19.1530778]},"properties":{"id":"MX-VER-0018","nombre":"Floresta","portfolio":"MTP","estado":"VER","municipio":"Veracruz"}},{"type":"Feature","geometry":{"type":"Point","coordinates":[-96.1486333,19.1835806]},"properties":{"id":"MX-VER-0023","nombre":"Carlos Cruz","portfolio":"MTP","estado":"VER","municipio":"Veracruz"}},{"type":"Feature","geometry":{"type":"Point","coordinates":[-96.1553583,19.1920833]},"properties":{"id":"MX-VER-0024","nombre":"Armada","portfolio":"MTP","estado":"VER","municipio":"Veracruz"}},{"type":"Feature","geometry":{"type":"Point","coordinates":[-96.1847,19.217]},"properties":{"id":"MX-VER-0025","nombre":"Villa Rica","portfolio":"MTP","estado":"VER","municipio":"Veracruz"}},{"type":"Feature","geometry":{"type":"Point","coordinates":[-96.1596889,19.1982444]},"properties":{"id":"MX-VER-0027","nombre":"Rincon Mexicano","portfolio":"MTP","estado":"VER","municipio":"Veracruz"}},{"type":"Feature","geometry":{"type":"Point","coordinates":[-96.155876,19.207217]},"properties":{"id":"MX-VER-0028","nombre":"Virgilio Uribe","portfolio":"MTP","estado":"VER","municipio":"Veracruz"}},{"type":"Feature","geometry":{"type":"Point","coordinates":[-95.3575,18.0594444]},"properties":{"id":"MX-VER-0029","nombre":"Colonia Dominguez","portfolio":"MTP","estado":"VER","municipio":"Juan Rodriguez Clara"}},{"type":"Feature","geometry":{"type":"Point","coordinates":[-96.9026139,19.5393889]},"properties":{"id":"MX-VER-0033","nombre":"Peñascal","portfolio":"MTP","estado":"VER","municipio":"Xalapa"}},{"type":"Feature","geometry":{"type":"Point","coordinates":[-96.914583,19.546333]},"properties":{"id":"MX-VER-0035","nombre":"Progreso Macuiltepec","portfolio":"MTP","estado":"VER","municipio":"Xalapa"}},{"type":"Feature","geometry":{"type":"Point","coordinates":[-96.904055,19.560861]},"properties":{"id":"MX-VER-0036","nombre":"Antiguo Camino A Naolinco","portfolio":"MTP","estado":"VER","municipio":"Xalapa"}},{"type":"Feature","geometry":{"type":"Point","coordinates":[-94.470191,18.1321406]},"properties":{"id":"MX-VER-0039","nombre":"Rancho Alegre","portfolio":"MTP","estado":"VER","municipio":"Coatzacoalcos"}},{"type":"Feature","geometry":{"type":"Point","coordinates":[-94.41511,18.139973]},"properties":{"id":"MX-VER-0041","nombre":"Parque Industrial Coatzacoalcos","portfolio":"MTP","estado":"VER","municipio":"Coatzacoalcos"}},{"type":"Feature","geometry":{"type":"Point","coordinates":[-96.967192,18.8968056]},"properties":{"id":"MX-VER-0042","nombre":"Col. San Nicolas","portfolio":"MTP","estado":"VER","municipio":"Cordoba"}},{"type":"Feature","geometry":{"type":"Point","coordinates":[-96.947694,18.9118833]},"properties":{"id":"MX-VER-0043","nombre":"Residencial Campestre","portfolio":"MTP","estado":"VER","municipio":"Cordoba"}},{"type":"Feature","geometry":{"type":"Point","coordinates":[-94.584611,17.99625]},"properties":{"id":"MX-VER-0044","nombre":"Embotelladora Tropical","portfolio":"MTP","estado":"VER","municipio":"Minatitlan"}},{"type":"Feature","geometry":{"type":"Point","coordinates":[-97.0932197,18.8488376]},"properties":{"id":"MX-VER-0045","nombre":"Avenida Oriente 6","portfolio":"MTP","estado":"VER","municipio":"Orizaba"}},{"type":"Feature","geometry":{"type":"Point","coordinates":[-97.4425,20.957583]},"properties":{"id":"MX-VER-0047","nombre":"Los Mangos","portfolio":"MTP","estado":"VER","municipio":"Tuxpan"}},{"type":"Feature","geometry":{"type":"Point","coordinates":[-97.3889,20.95601]},"properties":{"id":"MX-VER-0048","nombre":"Anahuac","portfolio":"MTP","estado":"VER","municipio":"Tuxpan"}},{"type":"Feature","geometry":{"type":"Point","coordinates":[-97.43422,20.94832]},"properties":{"id":"MX-VER-0049","nombre":"Sams Tuxpan","portfolio":"MTP","estado":"VER","municipio":"Tuxpan"}},{"type":"Feature","geometry":{"type":"Point","coordinates":[-97.32628,20.4391]},"properties":{"id":"MX-VER-0052","nombre":"Papantla Sur","portfolio":"MTP","estado":"VER","municipio":"Papantla"}},{"type":"Feature","geometry":{"type":"Point","coordinates":[-97.4356,20.5215]},"properties":{"id":"MX-VER-0053","nombre":"Perlas De Oriente","portfolio":"MTP","estado":"VER","municipio":"Poza Rica"}},{"type":"Feature","geometry":{"type":"Point","coordinates":[-94.718056,17.9647222]},"properties":{"id":"MX-VER-0054","nombre":"Jaltipan Sur","portfolio":"MTP","estado":"VER","municipio":"Jaltipan"}},{"type":"Feature","geometry":{"type":"Point","coordinates":[-96.890222,19.553556]},"properties":{"id":"MX-VER-0056","nombre":"Higueras","portfolio":"MTP","estado":"VER","municipio":"Xalapa"}},{"type":"Feature","geometry":{"type":"Point","coordinates":[-96.856494,19.497263]},"properties":{"id":"MX-VER-0057","nombre":"Fracc Bugambilias","portfolio":"MTP","estado":"VER","municipio":"Emiliano Zapata"}},{"type":"Feature","geometry":{"type":"Point","coordinates":[-97.1833634,18.8067269]},"properties":{"id":"MX-VER-0059","nombre":"Ciudad Mendoza","portfolio":"MTP","estado":"VER","municipio":"Cd. Mendoza"}},{"type":"Feature","geometry":{"type":"Point","coordinates":[-94.578721,18.0161]},"properties":{"id":"MX-VER-0061","nombre":"Finca Azul","portfolio":"MTP","estado":"VER","municipio":"Minatitlan"}},{"type":"Feature","geometry":{"type":"Point","coordinates":[-96.13909444,19.13645556]},"properties":{"id":"MX-VER-0062","nombre":"Las Vegas","portfolio":"CAPSA","estado":"VER","municipio":"Boca del Río"}},{"type":"Feature","geometry":{"type":"Point","coordinates":[-97.005572,19.920525]},"properties":{"id":"MX-VER-0063","nombre":"Atzalan","portfolio":"MTP","estado":"VER","municipio":"Atzalan"}},{"type":"Feature","geometry":{"type":"Point","coordinates":[-97.98245,20.9738]},"properties":{"id":"MX-VER-0064","nombre":"Xococatl","portfolio":"MTP","estado":"VER","municipio":"Chicontepec"}},{"type":"Feature","geometry":{"type":"Point","coordinates":[-97.171003,19.360275]},"properties":{"id":"MX-VER-0065","nombre":"Ayahualulco","portfolio":"MTP","estado":"VER","municipio":"Xocotepec Xololoyan"}},{"type":"Feature","geometry":{"type":"Point","coordinates":[-96.01655,18.69447]},"properties":{"id":"MX-VER-0066","nombre":"Sabaneta","portfolio":"MTP","estado":"VER","municipio":"Ignacio de la Llave"}},{"type":"Feature","geometry":{"type":"Point","coordinates":[-96.699544,19.122556]},"properties":{"id":"MX-VER-0067","nombre":"Comapa","portfolio":"MTP","estado":"VER","municipio":"Paso Pimienta"}},{"type":"Feature","geometry":{"type":"Point","coordinates":[-96.512894,19.017842]},"properties":{"id":"MX-VER-0068","nombre":"Peñuela","portfolio":"MTP","estado":"VER","municipio":"Camarón de Tejeda"}},{"type":"Feature","geometry":{"type":"Point","coordinates":[-97.408781,20.9585028]},"properties":{"id":"MX-VER-0069","nombre":"Alvarez","portfolio":"MTP","estado":"VER","municipio":"Veracruz"}},{"type":"Feature","geometry":{"type":"Point","coordinates":[-97.244056,18.8718583]},"properties":{"id":"MX-VER-0070","nombre":"Casas Rosas","portfolio":"MTP","estado":"VER","municipio":"Veracruz"}},{"type":"Feature","geometry":{"type":"Point","coordinates":[-94.170472,17.9432471]},"properties":{"id":"MX-VER-0071","nombre":"Choapas","portfolio":"MTP","estado":"VER","municipio":"Veracruz"}},{"type":"Feature","geometry":{"type":"Point","coordinates":[-95.019192,17.9319722]},"properties":{"id":"MX-VER-0072","nombre":"Dehesa","portfolio":"MTP","estado":"VER","municipio":"Veracruz"}},{"type":"Feature","geometry":{"type":"Point","coordinates":[-97.801135,22.111345]},"properties":{"id":"MX-VER-0073","nombre":"Tampico Alto","portfolio":"MTP","estado":"VER","municipio":"Veracruz"}},{"type":"Feature","geometry":{"type":"Point","coordinates":[-94.8166667,17.8930556]},"properties":{"id":"MX-VER-0074","nombre":"Texistepec","portfolio":"MTP","estado":"VER","municipio":"Veracruz"}},{"type":"Feature","geometry":{"type":"Point","coordinates":[-96.351547,18.872416]},"properties":{"id":"MX-VER-0075","nombre":"El Retorno","portfolio":"MTP","estado":"VER","municipio":"Veracruz"}},{"type":"Feature","geometry":{"type":"Point","coordinates":[-96.454433,18.766452]},"properties":{"id":"MX-VER-0076","nombre":"Las Tinajas","portfolio":"MTP","estado":"VER","municipio":"Veracruz"}},{"type":"Feature","geometry":{"type":"Point","coordinates":[-96.218,18.6094167]},"properties":{"id":"MX-VER-0077","nombre":"Km 32","portfolio":"MTP","estado":"VER","municipio":"Veracruz"}},{"type":"Feature","geometry":{"type":"Point","coordinates":[-95.821681,18.336879]},"properties":{"id":"MX-VER-0078","nombre":"Caseta Pichuapa","portfolio":"MTP","estado":"VER","municipio":"Veracruz"}},{"type":"Feature","geometry":{"type":"Point","coordinates":[-96.4215575,19.7102561]},"properties":{"id":"MX-VER-0079","nombre":"Laguna Verde","portfolio":"MTP","estado":"VER","municipio":"Veracruz"}},{"type":"Feature","geometry":{"type":"Point","coordinates":[-97.837222,21.2941667]},"properties":{"id":"MX-VER-0080","nombre":"Potroltepec","portfolio":"MTP","estado":"VER","municipio":"Veracruz"}},{"type":"Feature","geometry":{"type":"Point","coordinates":[-95.433181,18.1006306]},"properties":{"id":"MX-VER-0081","nombre":"Rancho Bonito","portfolio":"MTP","estado":"VER","municipio":"Veracruz"}},{"type":"Feature","geometry":{"type":"Point","coordinates":[-96.1019444,19.0838889]},"properties":{"id":"MX-VER-0085","nombre":"Villarica Anton Lizardo","portfolio":"MTP","estado":"VER","municipio":"Veracruz"}},{"type":"Feature","geometry":{"type":"Point","coordinates":[-94.207467,18.049053]},"properties":{"id":"MX-VER-0087","nombre":"El Granero","portfolio":"MTP","estado":"VER","municipio":"El Granero"}},{"type":"Feature","geometry":{"type":"Point","coordinates":[-97.104556,19.824623]},"properties":{"id":"MX-VER-0088","nombre":"Malacatepec","portfolio":"MTP","estado":"VER","municipio":"Altotonga"}},{"type":"Feature","geometry":{"type":"Point","coordinates":[-97.512429,20.551409]},"properties":{"id":"MX-VER-0089","nombre":"El Trebol","portfolio":"MTP","estado":"VER","municipio":"Tihuatlán"}},{"type":"Feature","geometry":{"type":"Point","coordinates":[-98.033551,20.902051]},"properties":{"id":"MX-VER-0090","nombre":"Chicontepec","portfolio":"MTP","estado":"VER","municipio":"Postectitla"}},{"type":"Feature","geometry":{"type":"Point","coordinates":[-97.448924,20.502987]},"properties":{"id":"MX-VER-0091","nombre":"Olarte","portfolio":"MTP","estado":"VER","municipio":"Poza Rica de Hidalgo"}},{"type":"Feature","geometry":{"type":"Point","coordinates":[-96.1287806,19.1809972]},"properties":{"id":"MX-VER-0094","nombre":"Ignacio Zaragoza","portfolio":"MTP","estado":"VER","municipio":"Veracruz"}},{"type":"Feature","geometry":{"type":"Point","coordinates":[-96.146947,19.178392]},"properties":{"id":"MX-VER-0096","nombre":"21 De Abril","portfolio":"MTP","estado":"VER","municipio":"Veracruz"}},{"type":"Feature","geometry":{"type":"Point","coordinates":[-96.4425,19.2861111]},"properties":{"id":"MX-VER-0098","nombre":"Paso De Ovejas","portfolio":"MTP","estado":"VER","municipio":"TBD"}},{"type":"Feature","geometry":{"type":"Point","coordinates":[-94.3910765,18.1519353]},"properties":{"id":"MX-VER-0099","nombre":"Faro","portfolio":"MTP","estado":"VER","municipio":"Veracruz"}},{"type":"Feature","geometry":{"type":"Point","coordinates":[-97.330697,18.7764167]},"properties":{"id":"MX-VER-0101","nombre":"Tezayuca","portfolio":"MTP","estado":"VER","municipio":"TBD"}},{"type":"Feature","geometry":{"type":"Point","coordinates":[-96.27582,18.94593]},"properties":{"id":"MX-VER-0102","nombre":"Apachital","portfolio":"MTP","estado":"VER","municipio":"Veracrúz"}},{"type":"Feature","geometry":{"type":"Point","coordinates":[-96.39252,18.83204]},"properties":{"id":"MX-VER-0103","nombre":"Cotaxtla","portfolio":"MTP","estado":"VER","municipio":"Veracrúz"}},{"type":"Feature","geometry":{"type":"Point","coordinates":[-97.65681,21.25526]},"properties":{"id":"MX-VER-0104","nombre":"El Anono","portfolio":"MTP","estado":"VER","municipio":"Veracrúz"}},{"type":"Feature","geometry":{"type":"Point","coordinates":[-95.11488,17.56626]},"properties":{"id":"MX-VER-0105","nombre":"Lázaro Cárdenas","portfolio":"MTP","estado":"VER","municipio":"Veracrúz"}},{"type":"Feature","geometry":{"type":"Point","coordinates":[-95.08627,17.612]},"properties":{"id":"MX-VER-0106","nombre":"Loma Bonita","portfolio":"MTP","estado":"VER","municipio":"Veracrúz"}},{"type":"Feature","geometry":{"type":"Point","coordinates":[-97.54739,21.21044]},"properties":{"id":"MX-VER-0107","nombre":"San Marcos","portfolio":"MTP","estado":"VER","municipio":"Veracruz"}},{"type":"Feature","geometry":{"type":"Point","coordinates":[-96.18152,19.16292]},"properties":{"id":"MX-VER-0109","nombre":"Costa Sol","portfolio":"MTP","estado":"VER","municipio":"Veracruz"}},{"type":"Feature","geometry":{"type":"Point","coordinates":[-97.64221,21.07193]},"properties":{"id":"MX-VER-0110","nombre":"Temapache","portfolio":"MTP","estado":"VER","municipio":"Veracruz"}},{"type":"Feature","geometry":{"type":"Point","coordinates":[-97.36486,20.83101]},"properties":{"id":"MX-VER-0111","nombre":"La Pena","portfolio":"MTP","estado":"VER","municipio":"Veracruz"}},{"type":"Feature","geometry":{"type":"Point","coordinates":[-97.41953,20.78586]},"properties":{"id":"MX-VER-0112","nombre":"San Jose El Grande","portfolio":"MTP","estado":"VER","municipio":"Veracruz"}},{"type":"Feature","geometry":{"type":"Point","coordinates":[-97.260559,20.295011]},"properties":{"id":"MX-VER-0113","nombre":"Papantla","portfolio":"MTP","estado":"VER","municipio":"Veracruz"}},{"type":"Feature","geometry":{"type":"Point","coordinates":[-98.199461,20.642402]},"properties":{"id":"MX-VER-0114","nombre":"Tlachichilco","portfolio":"MTP","estado":"VER","municipio":"Veracruz"}},{"type":"Feature","geometry":{"type":"Point","coordinates":[-98.070558,20.775264]},"properties":{"id":"MX-VER-0115","nombre":"Guaguaco","portfolio":"MTP","estado":"VER","municipio":"Guaguaco"}},{"type":"Feature","geometry":{"type":"Point","coordinates":[-98.002342,20.550055]},"properties":{"id":"MX-VER-0116","nombre":"Loma-Verde","portfolio":"MTP","estado":"VER","municipio":"San Francisco"}},{"type":"Feature","geometry":{"type":"Point","coordinates":[-98.36402,20.58505]},"properties":{"id":"MX-VER-0117","nombre":"Texcatepec","portfolio":"MTP","estado":"VER","municipio":"Veracruz"}},{"type":"Feature","geometry":{"type":"Point","coordinates":[-97.470579,20.515835]},"properties":{"id":"MX-VER-0118","nombre":"Buenos Aires","portfolio":"MTP","estado":"VER","municipio":"Veracruz"}},{"type":"Feature","geometry":{"type":"Point","coordinates":[-97.410694,20.538806]},"properties":{"id":"MX-VER-0119","nombre":"El Mollejon","portfolio":"MTP","estado":"VER","municipio":"Veracruz"}},{"type":"Feature","geometry":{"type":"Point","coordinates":[-98.30039,20.64781]},"properties":{"id":"MX-VER-0131","nombre":"Ayotuxtla","portfolio":"MTP","estado":"VER","municipio":"Veracruz"}},{"type":"Feature","geometry":{"type":"Point","coordinates":[-96.67646,19.57734]},"properties":{"id":"MX-VER-0132","nombre":"Blanca Espuma","portfolio":"MTP","estado":"VER","municipio":"Veracruz"}},{"type":"Feature","geometry":{"type":"Point","coordinates":[-98.29712,20.55497]},"properties":{"id":"MX-VER-0133","nombre":"Cerro Chato","portfolio":"MTP","estado":"VER","municipio":"Veracruz"}},{"type":"Feature","geometry":{"type":"Point","coordinates":[-95.01178,18.24922]},"properties":{"id":"MX-VER-0134","nombre":"Cinco de mayo","portfolio":"MTP","estado":"VER","municipio":"Veracruz"}},{"type":"Feature","geometry":{"type":"Point","coordinates":[-95.30073,18.1484]},"properties":{"id":"MX-VER-0135","nombre":"Cuatotolapan Estación","portfolio":"MTP","estado":"VER","municipio":"Veracruz"}},{"type":"Feature","geometry":{"type":"Point","coordinates":[-98.45923,21.80094]},"properties":{"id":"MX-VER-0136","nombre":"El Pueblito","portfolio":"MTP","estado":"VER","municipio":"Veracruz"}},{"type":"Feature","geometry":{"type":"Point","coordinates":[-96.75974,19.65932]},"properties":{"id":"MX-VER-0137","nombre":"Mafafas","portfolio":"MTP","estado":"VER","municipio":"Veracruz"}},{"type":"Feature","geometry":{"type":"Point","coordinates":[-97.85386111,22.20046944]},"properties":{"id":"MX-VER-5002","nombre":"Cocos","portfolio":"MTP","estado":"VER","municipio":"Pueblo Viejo Municipality"}},{"type":"Feature","geometry":{"type":"Point","coordinates":[-95.5361528,18.1517806]},"properties":{"id":"MX-VER-5003","nombre":"Salida A Los Tuxtlas","portfolio":"MTP","estado":"VER","municipio":"Isla"}},{"type":"Feature","geometry":{"type":"Point","coordinates":[-96.9250806,19.5638639]},"properties":{"id":"MX-VER-5005","nombre":"Laguniña","portfolio":"MTP","estado":"VER","municipio":"Xalapa"}},{"type":"Feature","geometry":{"type":"Point","coordinates":[-94.5011111,18.1359944]},"properties":{"id":"MX-VER-5006","nombre":"Reclusorio","portfolio":"MTP","estado":"VER","municipio":"Coatzacoalcos"}},{"type":"Feature","geometry":{"type":"Point","coordinates":[-94.423825,18.13397778]},"properties":{"id":"MX-VER-5007","nombre":"Lazaro Cardenas","portfolio":"MTP","estado":"VER","municipio":"Coatzacoalcos"}},{"type":"Feature","geometry":{"type":"Point","coordinates":[-94.45518056,18.1344]},"properties":{"id":"MX-VER-5008","nombre":"Tierra Y Libertad","portfolio":"MTP","estado":"VER","municipio":"Coatzacoalcos"}},{"type":"Feature","geometry":{"type":"Point","coordinates":[-94.4415861,18.1219083]},"properties":{"id":"MX-VER-5010","nombre":"Ejidal","portfolio":"MTP","estado":"VER","municipio":"Coatzacoalcos"}},{"type":"Feature","geometry":{"type":"Point","coordinates":[-96.106443,19.11736]},"properties":{"id":"MX-VER-5012","nombre":"Las Colonias","portfolio":"MTP","estado":"VER","municipio":"Boca del Río"}},{"type":"Feature","geometry":{"type":"Point","coordinates":[-96.4180278,18.6362167]},"properties":{"id":"MX-VER-5013","nombre":"Mata Redonda","portfolio":"MTP","estado":"VER","municipio":"Tierra Blanca"}},{"type":"Feature","geometry":{"type":"Point","coordinates":[-96.68838611,19.42925278]},"properties":{"id":"MX-VER-5014","nombre":"Cerro Gordo","portfolio":"MTP","estado":"VER","municipio":"Villa Emiliano Zapata"}},{"type":"Feature","geometry":{"type":"Point","coordinates":[-94.32194444,18.06583333]},"properties":{"id":"MX-VER-5015","nombre":"Autopista Nueva Teapa","portfolio":"MTP","estado":"VER","municipio":"Moloacán"}},{"type":"Feature","geometry":{"type":"Point","coordinates":[-96.1463611,19.1902194]},"properties":{"id":"MX-VER-5017","nombre":"Cuauhtemoc","portfolio":"MTP","estado":"VER","municipio":"Veracruz"}},{"type":"Feature","geometry":{"type":"Point","coordinates":[-96.112504,19.129163]},"properties":{"id":"MX-VER-5018","nombre":"Lomas De Mar","portfolio":"MTP","estado":"VER","municipio":"Boca del Río"}},{"type":"Feature","geometry":{"type":"Point","coordinates":[-96.3545,18.45247222]},"properties":{"id":"MX-VER-5019","nombre":"Tierra Blanca 2","portfolio":"MTP","estado":"VER","municipio":"Tierra Blanca"}},{"type":"Feature","geometry":{"type":"Point","coordinates":[-94.4449997,18.1508331]},"properties":{"id":"MX-VER-5020","nombre":"Apto Mexico","portfolio":"MTP","estado":"VER","municipio":"Coatzacoalcos"}},{"type":"Feature","geometry":{"type":"Point","coordinates":[-96.27362222,18.9773]},"properties":{"id":"MX-VER-5021","nombre":"Km 75","portfolio":"MTP","estado":"VER","municipio":"Jamapa"}},{"type":"Feature","geometry":{"type":"Point","coordinates":[-94.5362444,18.1256889]},"properties":{"id":"MX-VER-5023","nombre":"Calzadas Km 14","portfolio":"MTP","estado":"VER","municipio":"Cosoleacaque"}},{"type":"Feature","geometry":{"type":"Point","coordinates":[-96.229171,19.20622]},"properties":{"id":"MX-VER-5024","nombre":"Colinas De San Jorge","portfolio":"MTP","estado":"VER","municipio":"Veracruz"}},{"type":"Feature","geometry":{"type":"Point","coordinates":[-96.162833,19.161167]},"properties":{"id":"MX-VER-5025","nombre":"Coyol Seccion A","portfolio":"MTP","estado":"VER","municipio":"Veracruz"}},{"type":"Feature","geometry":{"type":"Point","coordinates":[-96.319823,19.320494]},"properties":{"id":"MX-VER-5027","nombre":"La Antigua","portfolio":"MTP","estado":"VER","municipio":"La Antigua"}},{"type":"Feature","geometry":{"type":"Point","coordinates":[-97.433611,20.476944]},"properties":{"id":"MX-VER-5030","nombre":"GEO Villas Del Real","portfolio":"MTP","estado":"VER","municipio":"Coatzintla"}},{"type":"Feature","geometry":{"type":"Point","coordinates":[-94.89416667,17.92833333]},"properties":{"id":"MX-VER-5034","nombre":"Olutla","portfolio":"MTP","estado":"VER","municipio":"Oluta"}},{"type":"Feature","geometry":{"type":"Point","coordinates":[-94.67641389,17.99466111]},"properties":{"id":"MX-VER-5036","nombre":"Oteapan","portfolio":"MTP","estado":"VER","municipio":"Oteapan"}},{"type":"Feature","geometry":{"type":"Point","coordinates":[-94.432,18.12511111]},"properties":{"id":"MX-VER-5043","nombre":"Refineria","portfolio":"CAPSA","estado":"VER","municipio":"Coatzacoalcos"}},{"type":"Feature","geometry":{"type":"Point","coordinates":[-96.13204167,19.16941667]},"properties":{"id":"MX-VER-5044","nombre":"Manzano","portfolio":"CAPSA","estado":"VER","municipio":"Veracruz"}},{"type":"Feature","geometry":{"type":"Point","coordinates":[-94.54171389,17.99462222]},"properties":{"id":"MX-VER-5045","nombre":"Nicolas Bravo","portfolio":"CAPSA","estado":"VER","municipio":"Minatitlán"}},{"type":"Feature","geometry":{"type":"Point","coordinates":[-97.72241667,21.24719444]},"properties":{"id":"MX-VER-5047","nombre":"Zacamixtle","portfolio":"CAPSA","estado":"VER","municipio":"Tancoco"}},{"type":"Feature","geometry":{"type":"Point","coordinates":[-96.10410833,19.14168056]},"properties":{"id":"MX-VER-5048","nombre":"Holiday Inn","portfolio":"CAPSA","estado":"VER","municipio":"Boca del Río"}},{"type":"Feature","geometry":{"type":"Point","coordinates":[-96.94270833,19.45474444]},"properties":{"id":"MX-VER-5049","nombre":"Embotelladora II","portfolio":"CAPSA","estado":"VER","municipio":"Coatepec"}},{"type":"Feature","geometry":{"type":"Point","coordinates":[-96.10494444,19.13502778]},"properties":{"id":"MX-VER-5050","nombre":"Venustiano Carranza","portfolio":"CAPSA","estado":"VER","municipio":"Boca del Río"}},{"type":"Feature","geometry":{"type":"Point","coordinates":[-94.422361,18.145764]},"properties":{"id":"MX-VER-5051","nombre":"Coatzacoalcos","portfolio":"CAPSA","estado":"VER","municipio":"Coatzacoalcos"}},{"type":"Feature","geometry":{"type":"Point","coordinates":[-97.45416667,20.54336111]},"properties":{"id":"MX-VER-5053","nombre":"Poza Rica","portfolio":"CAPSA","estado":"VER","municipio":"Poza Rica"}},{"type":"Feature","geometry":{"type":"Point","coordinates":[-96.10388056,19.10922222]},"properties":{"id":"MX-VER-5055","nombre":"El Morro Reub","portfolio":"CAPSA","estado":"VER","municipio":"Boca del Río"}},{"type":"Feature","geometry":{"type":"Point","coordinates":[-96.90816667,19.56775]},"properties":{"id":"MX-VER-5056","nombre":"Cabo Catoche","portfolio":"MTP","estado":"VER","municipio":"Xalapa"}},{"type":"Feature","geometry":{"type":"Point","coordinates":[-96.92302778,19.55222222]},"properties":{"id":"MX-VER-5058","nombre":"Panteon Xalapeño","portfolio":"MTP","estado":"VER","municipio":"Xalapa"}},{"type":"Feature","geometry":{"type":"Point","coordinates":[-96.15247,19.09894]},"properties":{"id":"MX-VER-5059","nombre":"Puente De Moreno","portfolio":"MTP","estado":"VER","municipio":"Medellín de Bravo"}},{"type":"Feature","geometry":{"type":"Point","coordinates":[-96.118724,19.170702]},"properties":{"id":"MX-VER-5060","nombre":"Mar De Arabia","portfolio":"MTP","estado":"VER","municipio":"Boca del Río"}},{"type":"Feature","geometry":{"type":"Point","coordinates":[-94.37685283,18.113108]},"properties":{"id":"MX-VER-5064","nombre":"Morelos I","portfolio":"CAPSA","estado":"VER","municipio":"Coatzacoalcos"}},{"type":"Feature","geometry":{"type":"Point","coordinates":[-95.22841667,18.44916667]},"properties":{"id":"MX-VER-5065","nombre":"San Andres Entrada","portfolio":"MTP","estado":"VER","municipio":"SAN ANDRÉS TUXTLA"}},{"type":"Feature","geometry":{"type":"Point","coordinates":[-95.291813,18.462492]},"properties":{"id":"MX-VER-5066","nombre":"Santiago Tuxtla II","portfolio":"MTP","estado":"VER","municipio":"Santiago Tuxtla"}},{"type":"Feature","geometry":{"type":"Point","coordinates":[-96.90669444,19.5392]},"properties":{"id":"MX-VER-5068","nombre":"Plaza Crystal Xalapa","portfolio":"MTP","estado":"VER","municipio":"Xalapa"}},{"type":"Feature","geometry":{"type":"Point","coordinates":[-97.16678333,18.81111389]},"properties":{"id":"MX-VER-5071","nombre":"Mendoza","portfolio":"CAPSA","estado":"VER","municipio":"Nogales"}},{"type":"Feature","geometry":{"type":"Point","coordinates":[-96.16021944,19.20375556]},"properties":{"id":"MX-VER-5073","nombre":"Plaza Tokio","portfolio":"CAPSA","estado":"VER","municipio":"Veracruz"}},{"type":"Feature","geometry":{"type":"Point","coordinates":[-97.489466,20.492651]},"properties":{"id":"MX-VER-5074","nombre":"Corralillos","portfolio":"MTP","estado":"VER","municipio":"Coatzintla"}},{"type":"Feature","geometry":{"type":"Point","coordinates":[-94.48418333,18.14907778]},"properties":{"id":"MX-VER-5075","nombre":"Fiesta Inn Coatzacoalcos","portfolio":"MTP","estado":"VER","municipio":"Coatzacoalcos"}},{"type":"Feature","geometry":{"type":"Point","coordinates":[-94.38752778,17.41310833]},"properties":{"id":"MX-VER-5079","nombre":"Chuniapan","portfolio":"MTP","estado":"VER","municipio":"Uxpanapa"}},{"type":"Feature","geometry":{"type":"Point","coordinates":[-96.09454333,19.15113444]},"properties":{"id":"MX-VER-5082","nombre":"JV","portfolio":"MTP","estado":"VER","municipio":"Boca del Río"}},{"type":"Feature","geometry":{"type":"Point","coordinates":[-96.39463889,19.58569444]},"properties":{"id":"MX-VER-5083","nombre":"La Mancha","portfolio":"MTP","estado":"VER","municipio":"Actopan"}},{"type":"Feature","geometry":{"type":"Point","coordinates":[-96.15260278,19.17815556]},"properties":{"id":"MX-VER-5086","nombre":"Pocitos","portfolio":"MTP","estado":"VER","municipio":"Veracruz"}},{"type":"Feature","geometry":{"type":"Point","coordinates":[-94.88725,18.307175]},"properties":{"id":"MX-VER-5087","nombre":"Santa Martha","portfolio":"MTP","estado":"VER","municipio":"Soteapan"}},{"type":"Feature","geometry":{"type":"Point","coordinates":[-98.47127778,20.43761111]},"properties":{"id":"MX-VER-5090","nombre":"Cerro Verde -Cruz De Ataque","portfolio":"MTP","estado":"VER","municipio":"Huayacocotla"}},{"type":"Feature","geometry":{"type":"Point","coordinates":[-97.00373889,18.86918333]},"properties":{"id":"MX-VER-5091","nombre":"Córdoba -San Juan","portfolio":"MTP","estado":"VER","municipio":"Fortín"}},{"type":"Feature","geometry":{"type":"Point","coordinates":[-96.11468333,19.15558056]},"properties":{"id":"MX-VER-5092","nombre":"UV Mocambo","portfolio":"CAPSA","estado":"VER","municipio":"Boca Del Río"}},{"type":"Feature","geometry":{"type":"Point","coordinates":[-97.833661,22.215131]},"properties":{"id":"MX-VER-5094","nombre":"Linda Vista II","portfolio":"MTP","estado":"VER","municipio":"Pueblo Viejo Municipality"}},{"type":"Feature","geometry":{"type":"Point","coordinates":[-96.193361,19.216075]},"properties":{"id":"MX-VER-5095","nombre":"Perea","portfolio":"MTP","estado":"VER","municipio":"Veracruz"}},{"type":"Feature","geometry":{"type":"Point","coordinates":[-96.181434,19.153693]},"properties":{"id":"MX-VER-5096","nombre":"Aeronaval","portfolio":"MTP","estado":"VER","municipio":"Veracruz"}},{"type":"Feature","geometry":{"type":"Point","coordinates":[-96.113492,19.14495]},"properties":{"id":"MX-VER-5097","nombre":"Saturno","portfolio":"MTP","estado":"VER","municipio":"Boca Del Río"}},{"type":"Feature","geometry":{"type":"Point","coordinates":[-97.4673,20.5427]},"properties":{"id":"MX-VER-5098","nombre":"Pop Poza Rica","portfolio":"MTP","estado":"VER","municipio":"Poza Rica"}},{"type":"Feature","geometry":{"type":"Point","coordinates":[-96.1252,19.184319]},"properties":{"id":"MX-VER-5099","nombre":"Alacio","portfolio":"MTP","estado":"VER","municipio":"Veracruz"}},{"type":"Feature","geometry":{"type":"Point","coordinates":[-96.155097,19.207047]},"properties":{"id":"MX-VER-5100","nombre":"Teocelo","portfolio":"MTP","estado":"VER","municipio":"Veracruz"}},{"type":"Feature","geometry":{"type":"Point","coordinates":[-96.209276,19.201254]},"properties":{"id":"MX-VER-5102","nombre":"Tapia","portfolio":"MTP","estado":"VER","municipio":"Veracruz"}},{"type":"Feature","geometry":{"type":"Point","coordinates":[-96.211496,19.187873]},"properties":{"id":"MX-VER-5103","nombre":"Porcia","portfolio":"MTP","estado":"VER","municipio":"Veracruz"}},{"type":"Feature","geometry":{"type":"Point","coordinates":[-96.20286111,19.15091945]},"properties":{"id":"MX-VER-5106","nombre":"Amapolas 1","portfolio":"MTP","estado":"VER","municipio":"Veracruz"}},{"type":"Feature","geometry":{"type":"Point","coordinates":[-96.200275,19.14221399]},"properties":{"id":"MX-VER-5107","nombre":"Amapolas 2","portfolio":"MTP","estado":"VER","municipio":"VERACRUZ"}},{"type":"Feature","geometry":{"type":"Point","coordinates":[-96.147383,19.122261]},"properties":{"id":"MX-VER-5108","nombre":"San Ramon","portfolio":"MTP","estado":"VER","municipio":"VERACRUZ"}},{"type":"Feature","geometry":{"type":"Point","coordinates":[-96.17081944,19.20045278]},"properties":{"id":"MX-VER-5109","nombre":"Buenavista","portfolio":"MTP","estado":"VER","municipio":"Veracruz"}},{"type":"Feature","geometry":{"type":"Point","coordinates":[-96.866067,19.522291]},"properties":{"id":"MX-VER-5111","nombre":"Real Del Bosque","portfolio":"MTP","estado":"VER","municipio":"Xalapa"}},{"type":"Feature","geometry":{"type":"Point","coordinates":[-94.905833,17.948889]},"properties":{"id":"MX-VER-5114","nombre":"Acayucan Oriente","portfolio":"MTP","estado":"VER","municipio":"Acayucan"}},{"type":"Feature","geometry":{"type":"Point","coordinates":[-96.902189,19.546389]},"properties":{"id":"MX-VER-5115","nombre":"Arboleadas del Sumidero","portfolio":"MTP","estado":"VER","municipio":"Xalapa-Enríquez"}},{"type":"Feature","geometry":{"type":"Point","coordinates":[-96.9998145,18.904134]},"properties":{"id":"MX-VER-5120","nombre":"Fortin De Las Flores","portfolio":"MTP","estado":"VER","municipio":"Veracruz"}},{"type":"Feature","geometry":{"type":"Point","coordinates":[-97.0954513,18.8383877]},"properties":{"id":"MX-VER-5121","nombre":"Francisco Ferrer Guardia","portfolio":"MTP","estado":"VER","municipio":"Orizaba"}},{"type":"Feature","geometry":{"type":"Point","coordinates":[-96.1233,19.1884944]},"properties":{"id":"MX-VER-5122","nombre":"Acuario","portfolio":"MTP","estado":"VER","municipio":"Veracrúz"}},{"type":"Feature","geometry":{"type":"Point","coordinates":[-96.1457194,19.1971972]},"properties":{"id":"MX-VER-5123","nombre":"Ignacio Allende","portfolio":"MTP","estado":"VER","municipio":"Veracruz"}},{"type":"Feature","geometry":{"type":"Point","coordinates":[-96.9113889,19.5683333]},"properties":{"id":"MX-VER-5124","nombre":"Ramon Lopez Velarde","portfolio":"MTP","estado":"VER","municipio":"TBD"}},{"type":"Feature","geometry":{"type":"Point","coordinates":[-96.931628,18.894264]},"properties":{"id":"MX-VER-5125","nombre":"Cordoba Centro","portfolio":"MTP","estado":"VER","municipio":"TBD"}},{"type":"Feature","geometry":{"type":"Point","coordinates":[-96.938417,19.520028]},"properties":{"id":"MX-VER-5126","nombre":"Antigua Carretera A Coatepec","portfolio":"MTP","estado":"VER","municipio":"Xalapa-Enríquez"}},{"type":"Feature","geometry":{"type":"Point","coordinates":[-96.1416722,19.17011111]},"properties":{"id":"MX-VER-5128","nombre":"Udica Uv","portfolio":"MTP","estado":"VER","municipio":"Veracruz"}},{"type":"Feature","geometry":{"type":"Point","coordinates":[-96.1994389,19.1414611]},"properties":{"id":"MX-VER-5129","nombre":"Amapolas 2","portfolio":"MTP","estado":"VER","municipio":"Veracrúz"}},{"type":"Feature","geometry":{"type":"Point","coordinates":[-96.9324139,19.5589167]},"properties":{"id":"MX-VER-5130","nombre":"Unidad Del Bosque","portfolio":"MTP","estado":"VER","municipio":"Xalapa-Enríquez"}},{"type":"Feature","geometry":{"type":"Point","coordinates":[-96.9231972,19.5249111]},"properties":{"id":"MX-VER-5132","nombre":"Adalberto Tejeda","portfolio":"MTP","estado":"VER","municipio":"Veracruz"}},{"type":"Feature","geometry":{"type":"Point","coordinates":[-96.9205556,19.5680556]},"properties":{"id":"MX-VER-5133","nombre":"Paseo De Xalapa","portfolio":"MTP","estado":"VER","municipio":"TBD"}},{"type":"Feature","geometry":{"type":"Point","coordinates":[-94.494211,18.1460389]},"properties":{"id":"MX-VER-5134","nombre":"El Tesoro","portfolio":"MTP","estado":"VER","municipio":"TBD"}},{"type":"Feature","geometry":{"type":"Point","coordinates":[-96.9800519,18.8986623]},"properties":{"id":"MX-VER-5136","nombre":"Las Flores","portfolio":"MTP","estado":"VER","municipio":"TBD"}},{"type":"Feature","geometry":{"type":"Point","coordinates":[-95.3028345,18.465743]},"properties":{"id":"MX-VER-5137","nombre":"Santiago Tuxtla","portfolio":"MTP","estado":"VER","municipio":"TBD"}},{"type":"Feature","geometry":{"type":"Point","coordinates":[-96.9247222,19.5102778]},"properties":{"id":"MX-VER-5144","nombre":"Emiliano Zapata","portfolio":"MTP","estado":"VER","municipio":"Xalapa"}},{"type":"Feature","geometry":{"type":"Point","coordinates":[-96.9072194,19.5353306]},"properties":{"id":"MX-VER-5145","nombre":"Encinal","portfolio":"MTP","estado":"VER","municipio":"Xalapa"}},{"type":"Feature","geometry":{"type":"Point","coordinates":[-95.300635,18.467365]},"properties":{"id":"MX-VER-5146","nombre":"Tuxtleco","portfolio":"MTP","estado":"VER","municipio":"Veracruz"}},{"type":"Feature","geometry":{"type":"Point","coordinates":[-96.173331,19.186385]},"properties":{"id":"MX-VER-5228","nombre":"El Vergel","portfolio":"MTP","estado":"VER","municipio":"Veracruz"}},{"type":"Feature","geometry":{"type":"Point","coordinates":[-96.91444444,19.54969444]},"properties":{"id":"MX-VER-5232","nombre":"Xalapa","portfolio":"CAPSA","estado":"VER","municipio":"Xalapa"}},{"type":"Feature","geometry":{"type":"Point","coordinates":[-96.14804167,19.17716667]},"properties":{"id":"MX-VER-5233","nombre":"Veracruz","portfolio":"CAPSA","estado":"VER","municipio":"Veracruz"}},{"type":"Feature","geometry":{"type":"Point","coordinates":[-94.43823333,18.14021111]},"properties":{"id":"MX-VER-5234","nombre":"Coatzacoalcos","portfolio":"CAPSA","estado":"VER","municipio":"Coatzacoalcos"}},{"type":"Feature","geometry":{"type":"Point","coordinates":[-97.09180278,18.848325]},"properties":{"id":"MX-VER-5235","nombre":"Orizaba","portfolio":"CAPSA","estado":"VER","municipio":"Orizaba"}},{"type":"Feature","geometry":{"type":"Point","coordinates":[-94.50702778,18.14445833]},"properties":{"id":"MX-VER-5238","nombre":"Punta Del Mar","portfolio":"CAPSA","estado":"VER","municipio":"Coatzacoalcos"}},{"type":"Feature","geometry":{"type":"Point","coordinates":[-94.39473,18.15258]},"properties":{"id":"MX-VER-5286","nombre":"Walmart Coatzacoalcos","portfolio":"MTP","estado":"VER","municipio":"Coatzacoalcos"}},{"type":"Feature","geometry":{"type":"Point","coordinates":[-97.434961,20.569648]},"properties":{"id":"MX-VER-5341","nombre":"Walmart Poza Rica","portfolio":"MTP","estado":"VER","municipio":"Veracruz"}},{"type":"Feature","geometry":{"type":"Point","coordinates":[-94.42205,18.1458056]},"properties":{"id":"MX-VER-9000","nombre":"Coatzacoalcos Zaragoza","portfolio":"MTP","estado":"VER","municipio":"Coatzacoalcos"}},{"type":"Feature","geometry":{"type":"Point","coordinates":[-96.10670556,19.14008056]},"properties":{"id":"MX-VER-9001","nombre":"MCI Plaza Américas I","portfolio":"CAPSA","estado":"VER","municipio":"Boca del Río"}},{"type":"Feature","geometry":{"type":"Point","coordinates":[-89.603773,20.91854]},"properties":{"id":"MX-YUC-0000","nombre":"Calle 44","portfolio":"MTP","estado":"YUC","municipio":"Mérida"}},{"type":"Feature","geometry":{"type":"Point","coordinates":[-89.524655,21.02859]},"properties":{"id":"MX-YUC-0001","nombre":"Sitpach","portfolio":"MTP","estado":"YUC","municipio":"Mérida"}},{"type":"Feature","geometry":{"type":"Point","coordinates":[-89.65598,20.86192]},"properties":{"id":"MX-YUC-0002","nombre":"Dzununcán","portfolio":"MTP","estado":"YUC","municipio":"Mérida"}},{"type":"Feature","geometry":{"type":"Point","coordinates":[-89.589454,20.987448]},"properties":{"id":"MX-YUC-0004","nombre":"Col. Nueva Aleman","portfolio":"MTP","estado":"YUC","municipio":"Merida"}},{"type":"Feature","geometry":{"type":"Point","coordinates":[-89.641717,20.956159]},"properties":{"id":"MX-YUC-0006","nombre":"MSC Merida","portfolio":"MTP","estado":"YUC","municipio":"Merida"}},{"type":"Feature","geometry":{"type":"Point","coordinates":[-89.648208,21.027873]},"properties":{"id":"MX-YUC-0008","nombre":"Bostons","portfolio":"MTP","estado":"YUC","municipio":"Mérida"}},{"type":"Feature","geometry":{"type":"Point","coordinates":[-89.585432,20.9495359]},"properties":{"id":"MX-YUC-0012","nombre":"San Antonio","portfolio":"MTP","estado":"YUC","municipio":"Merida"}},{"type":"Feature","geometry":{"type":"Point","coordinates":[-89.541833,20.983556]},"properties":{"id":"MX-YUC-0016","nombre":"Fracc. Los Heroes","portfolio":"MTP","estado":"YUC","municipio":"Merida"}},{"type":"Feature","geometry":{"type":"Point","coordinates":[-89.6404472,20.953323]},"properties":{"id":"MX-YUC-0017","nombre":"EDC 1","portfolio":"MTP","estado":"YUC","municipio":"Mérida"}},{"type":"Feature","geometry":{"type":"Point","coordinates":[-89.679814,20.931667]},"properties":{"id":"MX-YUC-0021","nombre":"Ciudad Industrial","portfolio":"MTP","estado":"YUC","municipio":"Yucatán"}},{"type":"Feature","geometry":{"type":"Point","coordinates":[-89.5354843,20.3955495]},"properties":{"id":"MX-YUC-0029","nombre":"Ticul","portfolio":"MTP","estado":"YUC","municipio":"Ticul"}},{"type":"Feature","geometry":{"type":"Point","coordinates":[-89.8331451,20.743829]},"properties":{"id":"MX-YUC-0030","nombre":"Chochola","portfolio":"MTP","estado":"YUC","municipio":"Chocholá"}},{"type":"Feature","geometry":{"type":"Point","coordinates":[-88.794861,21.201142]},"properties":{"id":"MX-YUC-0032","nombre":"Buctzotz","portfolio":"MTP","estado":"YUC","municipio":"Yucatán"}},{"type":"Feature","geometry":{"type":"Point","coordinates":[-89.21756944,20.9863306]},"properties":{"id":"MX-YUC-0033","nombre":"Cacalchen","portfolio":"MTP","estado":"YUC","municipio":"Yucatán"}},{"type":"Feature","geometry":{"type":"Point","coordinates":[-89.312381,20.741894]},"properties":{"id":"MX-YUC-0034","nombre":"Cuzamá","portfolio":"MTP","estado":"YUC","municipio":"Yucatán"}},{"type":"Feature","geometry":{"type":"Point","coordinates":[-89.0366,21.2479889]},"properties":{"id":"MX-YUC-0035","nombre":"Dzidzantun","portfolio":"MTP","estado":"YUC","municipio":"Yucatán"}},{"type":"Feature","geometry":{"type":"Point","coordinates":[-88.930486,21.280739]},"properties":{"id":"MX-YUC-0036","nombre":"Dzilam Gonzalez","portfolio":"MTP","estado":"YUC","municipio":"Yucatán"}},{"type":"Feature","geometry":{"type":"Point","coordinates":[-89.216466,20.463581]},"properties":{"id":"MX-YUC-0037","nombre":"Mayapán","portfolio":"MTP","estado":"YUC","municipio":"Yucatán"}},{"type":"Feature","geometry":{"type":"Point","coordinates":[-88.270172,21.2958]},"properties":{"id":"MX-YUC-0038","nombre":"Panabá","portfolio":"MTP","estado":"YUC","municipio":"Yucatán"}},{"type":"Feature","geometry":{"type":"Point","coordinates":[-89.591256,20.497817]},"properties":{"id":"MX-YUC-0039","nombre":"Sacalum","portfolio":"MTP","estado":"YUC","municipio":"Yucatán"}},{"type":"Feature","geometry":{"type":"Point","coordinates":[-89.37620556,20.8398583]},"properties":{"id":"MX-YUC-0040","nombre":"Seyé","portfolio":"MTP","estado":"YUC","municipio":"Yucatán"}},{"type":"Feature","geometry":{"type":"Point","coordinates":[-88.94304,20.20584]},"properties":{"id":"MX-YUC-0041","nombre":"Tahdziú","portfolio":"MTP","estado":"YUC","municipio":"Yucatán"}},{"type":"Feature","geometry":{"type":"Point","coordinates":[-88.93725,21.152514]},"properties":{"id":"MX-YUC-0042","nombre":"Temax","portfolio":"MTP","estado":"YUC","municipio":"Yucatán"}},{"type":"Feature","geometry":{"type":"Point","coordinates":[-89.6622472,21.2852722]},"properties":{"id":"MX-YUC-0070","nombre":"Centro","portfolio":"MTP","estado":"YUC","municipio":"Centro"}},{"type":"Feature","geometry":{"type":"Point","coordinates":[-89.616683,20.958653]},"properties":{"id":"MX-YUC-5008","nombre":"Centro Sur","portfolio":"MTP","estado":"YUC","municipio":"Mérida"}},{"type":"Feature","geometry":{"type":"Point","coordinates":[-89.65241667,20.8945]},"properties":{"id":"MX-YUC-5009","nombre":"San Antonio","portfolio":"CAPSA","estado":"YUC","municipio":"Mérida"}},{"type":"Feature","geometry":{"type":"Point","coordinates":[-89.62121389,20.96700556]},"properties":{"id":"MX-YUC-5010","nombre":"Ixchel","portfolio":"CAPSA","estado":"YUC","municipio":"Mérida"}},{"type":"Feature","geometry":{"type":"Point","coordinates":[-89.61416667,21.06361111]},"properties":{"id":"MX-YUC-5011","nombre":"10 De Abril","portfolio":"CAPSA","estado":"YUC","municipio":"Mérida"}},{"type":"Feature","geometry":{"type":"Point","coordinates":[-89.66391667,21.06968333]},"properties":{"id":"MX-YUC-5012","nombre":"Americas Poniente","portfolio":"CAPSA","estado":"YUC","municipio":"Mérida"}},{"type":"Feature","geometry":{"type":"Point","coordinates":[-89.65361111,21.00397222]},"properties":{"id":"MX-YUC-5013","nombre":"Jardines De Pensiones","portfolio":"CAPSA","estado":"YUC","municipio":"Mérida"}},{"type":"Feature","geometry":{"type":"Point","coordinates":[-89.621708,21.291047]},"properties":{"id":"MX-YUC-5015","nombre":"El Corchito","portfolio":"MTP","estado":"YUC","municipio":"Progreso"}},{"type":"Feature","geometry":{"type":"Point","coordinates":[-89.615,20.96361111]},"properties":{"id":"MX-YUC-5018","nombre":"Merida","portfolio":"CAPSA","estado":"YUC","municipio":"Mérida"}},{"type":"Feature","geometry":{"type":"Point","coordinates":[-100.6019722,19.64097222]},"properties":{"id":"MX-YUC-5019","nombre":"San Bartolo Cuitareo","portfolio":"CAPSA","estado":"MIC","municipio":"Hidalgo"}},{"type":"Feature","geometry":{"type":"Point","coordinates":[-89.64191111,20.95578056]},"properties":{"id":"MX-YUC-5021","nombre":"Merida","portfolio":"CAPSA","estado":"YUC","municipio":"Mérida"}},{"type":"Feature","geometry":{"type":"Point","coordinates":[-89.651395,20.948797]},"properties":{"id":"MX-YUC-5023","nombre":"Cto Colonias X Itzaes","portfolio":"MTP","estado":"YUC","municipio":"Mérida"}},{"type":"Feature","geometry":{"type":"Point","coordinates":[-89.717881,20.997983]},"properties":{"id":"MX-YUC-5052","nombre":"Causel","portfolio":"MTP","estado":"YUC","municipio":"Mérida"}},{"type":"Feature","geometry":{"type":"Point","coordinates":[-89.5844,20.944219]},"properties":{"id":"MX-YUC-5053","nombre":"Kaua","portfolio":"MTP","estado":"YUC","municipio":"Mérida"}},{"type":"Feature","geometry":{"type":"Point","coordinates":[-89.647674,20.963875]},"properties":{"id":"MX-YUC-5056","nombre":"Mulsay","portfolio":"MTP","estado":"YUC","municipio":"Mérida"}},{"type":"Feature","geometry":{"type":"Point","coordinates":[-89.614381,20.952378]},"properties":{"id":"MX-YUC-5061","nombre":"Vicente Solis","portfolio":"MTP","estado":"YUC","municipio":"Mérida"}},{"type":"Feature","geometry":{"type":"Point","coordinates":[-89.746952,20.870806]},"properties":{"id":"MX-YUC-5062","nombre":"Uman","portfolio":"MTP","estado":"YUC","municipio":"Umán"}},{"type":"Feature","geometry":{"type":"Point","coordinates":[-89.54285,20.987494]},"properties":{"id":"MX-YUC-5063","nombre":"Los Heroes","portfolio":"MTP","estado":"YUC","municipio":"Mérida"}},{"type":"Feature","geometry":{"type":"Point","coordinates":[-89.625258,21.022603]},"properties":{"id":"MX-YUC-5067","nombre":"Loma Bonita","portfolio":"MTP","estado":"YUC","municipio":"Mérida"}},{"type":"Feature","geometry":{"type":"Point","coordinates":[-89.627347,21.053537]},"properties":{"id":"MX-YUC-5068","nombre":"Pedregales San Rafael","portfolio":"MTP","estado":"YUC","municipio":"Mérida"}},{"type":"Feature","geometry":{"type":"Point","coordinates":[-89.621346,20.860146]},"properties":{"id":"MX-YUC-5070","nombre":"Calle 50","portfolio":"MTP","estado":"YUC","municipio":"Mérida"}},{"type":"Feature","geometry":{"type":"Point","coordinates":[-89.669172,20.893289]},"properties":{"id":"MX-YUC-5071","nombre":"Berzunza","portfolio":"MTP","estado":"YUC","municipio":"Mérida"}},{"type":"Feature","geometry":{"type":"Point","coordinates":[-89.618709,20.922839]},"properties":{"id":"MX-YUC-5072","nombre":"Al Sur","portfolio":"MTP","estado":"YUC","municipio":"Mérida"}},{"type":"Feature","geometry":{"type":"Point","coordinates":[-89.612383,20.960698]},"properties":{"id":"MX-YUC-5073","nombre":"Calle 67","portfolio":"MTP","estado":"YUC","municipio":"Mérida"}},{"type":"Feature","geometry":{"type":"Point","coordinates":[-89.641244,20.981478]},"properties":{"id":"MX-YUC-5074","nombre":"Inalambrica","portfolio":"MTP","estado":"YUC","municipio":"Mérida"}},{"type":"Feature","geometry":{"type":"Point","coordinates":[-89.682892,20.993006]},"properties":{"id":"MX-YUC-5075","nombre":"Anicabil","portfolio":"MTP","estado":"YUC","municipio":"Mérida"}},{"type":"Feature","geometry":{"type":"Point","coordinates":[-89.609352,21.00503]},"properties":{"id":"MX-YUC-5076","nombre":"Libano","portfolio":"MTP","estado":"YUC","municipio":"Mérida"}},{"type":"Feature","geometry":{"type":"Point","coordinates":[-89.617383,21.035003]},"properties":{"id":"MX-YUC-5078","nombre":"Instituto Patria","portfolio":"MTP","estado":"YUC","municipio":"Mérida"}},{"type":"Feature","geometry":{"type":"Point","coordinates":[-89.636781,21.037222]},"properties":{"id":"MX-YUC-5079","nombre":"La Castellana","portfolio":"MTP","estado":"YUC","municipio":"Mérida"}},{"type":"Feature","geometry":{"type":"Point","coordinates":[-89.622194,21.049333]},"properties":{"id":"MX-YUC-5080","nombre":"Chaaltun","portfolio":"MTP","estado":"YUC","municipio":"Mérida"}},{"type":"Feature","geometry":{"type":"Point","coordinates":[-89.646165,21.1051]},"properties":{"id":"MX-YUC-5081","nombre":"Komchen","portfolio":"MTP","estado":"YUC","municipio":"Mérida"}},{"type":"Feature","geometry":{"type":"Point","coordinates":[-89.62040278,20.96438889]},"properties":{"id":"MX-YUC-5082","nombre":"Edificio XX","portfolio":"MTP","estado":"YUC","municipio":"Mérida"}},{"type":"Feature","geometry":{"type":"Point","coordinates":[-89.68222222,20.97708333]},"properties":{"id":"MX-YUC-5083","nombre":"Griegos","portfolio":"CAPSA","estado":"YUC","municipio":"Mérida"}},{"type":"Feature","geometry":{"type":"Point","coordinates":[-89.6404472,20.953322]},"properties":{"id":"MX-YUC-5084","nombre":"Sambula","portfolio":"MTP","estado":"YUC","municipio":"Mérida"}},{"type":"Feature","geometry":{"type":"Point","coordinates":[-89.610217,20.960308]},"properties":{"id":"MX-YUC-5085","nombre":"Coreanos","portfolio":"MTP","estado":"YUC","municipio":"Mérida"}},{"type":"Feature","geometry":{"type":"Point","coordinates":[-89.636529,20.973264]},"properties":{"id":"MX-YUC-5086","nombre":"Maderia","portfolio":"MTP","estado":"YUC","municipio":"Mérida"}},{"type":"Feature","geometry":{"type":"Point","coordinates":[-89.650335,20.980242]},"properties":{"id":"MX-YUC-5087","nombre":"Canek","portfolio":"MTP","estado":"YUC","municipio":"Mérida"}},{"type":"Feature","geometry":{"type":"Point","coordinates":[-89.700527,20.955792]},"properties":{"id":"MX-YUC-5089","nombre":"Surpesa","portfolio":"MTP","estado":"YUC","municipio":"Mérida"}},{"type":"Feature","geometry":{"type":"Point","coordinates":[-89.597105,21.09997]},"properties":{"id":"MX-YUC-5090","nombre":"Temozon","portfolio":"MTP","estado":"YUC","municipio":"Mérida"}},{"type":"Feature","geometry":{"type":"Point","coordinates":[-89.618502,21.12571]},"properties":{"id":"MX-YUC-5091","nombre":"Spitz","portfolio":"MTP","estado":"YUC","municipio":"Mérida"}},{"type":"Feature","geometry":{"type":"Point","coordinates":[-89.67240278,21.28353056]},"properties":{"id":"MX-YUC-5093","nombre":"El Boquinete","portfolio":"CAPSA","estado":"YUC","municipio":"Progreso"}},{"type":"Feature","geometry":{"type":"Point","coordinates":[-89.616597,20.963898]},"properties":{"id":"MX-YUC-5095","nombre":"Mercado Central","portfolio":"MTP","estado":"YUC","municipio":"Mérida"}},{"type":"Feature","geometry":{"type":"Point","coordinates":[-89.627638,20.997045]},"properties":{"id":"MX-YUC-5098","nombre":"Itzaes Col. Pedregales","portfolio":"MTP","estado":"YUC","municipio":"Mérida"}},{"type":"Feature","geometry":{"type":"Point","coordinates":[-89.607402,20.9231639]},"properties":{"id":"MX-YUC-5100","nombre":"San Nicolas","portfolio":"MTP","estado":"YUC","municipio":"Yucatán"}},{"type":"Feature","geometry":{"type":"Point","coordinates":[-89.637693,21.001046]},"properties":{"id":"MX-YUC-5101","nombre":"El Pedregal","portfolio":"MTP","estado":"YUC","municipio":"Mérida"}},{"type":"Feature","geometry":{"type":"Point","coordinates":[-89.5818,21.0172]},"properties":{"id":"MX-YUC-5102","nombre":"Starmedica","portfolio":"MTP","estado":"YUC","municipio":"Yucatán"}},{"type":"Feature","geometry":{"type":"Point","coordinates":[-89.548837,20.9644997]},"properties":{"id":"MX-YUC-5104","nombre":"Eclipse","portfolio":"MTP","estado":"YUC","municipio":"Yucatán"}},{"type":"Feature","geometry":{"type":"Point","coordinates":[-89.6604752,21.2093532]},"properties":{"id":"MX-YUC-5105","nombre":"Los Flamboyanes","portfolio":"MTP","estado":"YUC","municipio":"TBD"}},{"type":"Feature","geometry":{"type":"Point","coordinates":[-88.1896805,20.7016968]},"properties":{"id":"MX-YUC-5106","nombre":"Campestre","portfolio":"MTP","estado":"YUC","municipio":"Valladolid"}},{"type":"Feature","geometry":{"type":"Point","coordinates":[-102.518,22.75583333]},"properties":{"id":"MX-ZAC-0001","nombre":"Revolución Mexicana","portfolio":"MTP","estado":"ZAC","municipio":"Guadalupe"}},{"type":"Feature","geometry":{"type":"Point","coordinates":[-102.52066667,22.7395]},"properties":{"id":"MX-ZAC-0002","nombre":"Guadalupe","portfolio":"MTP","estado":"ZAC","municipio":"Guadalupe"}},{"type":"Feature","geometry":{"type":"Point","coordinates":[-102.47898,22.7618]},"properties":{"id":"MX-ZAC-0003","nombre":"Villas De Guadalupe","portfolio":"MTP","estado":"ZAC","municipio":"Guadalupe"}},{"type":"Feature","geometry":{"type":"Point","coordinates":[-102.5158299,22.728]},"properties":{"id":"MX-ZAC-0004","nombre":"Mezquitillos","portfolio":"MTP","estado":"ZAC","municipio":"Guadalupe"}},{"type":"Feature","geometry":{"type":"Point","coordinates":[-102.8708599,23.1696917]},"properties":{"id":"MX-ZAC-0007","nombre":"Hospitales","portfolio":"MTP","estado":"ZAC","municipio":"Fresnillo"}},{"type":"Feature","geometry":{"type":"Point","coordinates":[-102.8405,23.13963889]},"properties":{"id":"MX-ZAC-0008","nombre":"Salida Zacatecas","portfolio":"MTP","estado":"ZAC","municipio":"Fresnillo"}},{"type":"Feature","geometry":{"type":"Point","coordinates":[-102.78986,23.1884722]},"properties":{"id":"MX-ZAC-0009","nombre":"Estacion San Jose","portfolio":"MTP","estado":"ZAC","municipio":"Fresnillo"}},{"type":"Feature","geometry":{"type":"Point","coordinates":[-102.86913,23.1874277]},"properties":{"id":"MX-ZAC-0010","nombre":"Expropiacion","portfolio":"MTP","estado":"ZAC","municipio":"Fresnillo"}},{"type":"Feature","geometry":{"type":"Point","coordinates":[-102.87712,23.1791388]},"properties":{"id":"MX-ZAC-0013","nombre":"Niño Artillero","portfolio":"MTP","estado":"ZAC","municipio":"Jerez"}},{"type":"Feature","geometry":{"type":"Point","coordinates":[-103.028,23.8328583]},"properties":{"id":"MX-ZAC-0014","nombre":"Luis Moya","portfolio":"MTP","estado":"ZAC","municipio":"Rio Grande"}},{"type":"Feature","geometry":{"type":"Point","coordinates":[-102.981,21.6338]},"properties":{"id":"MX-ZAC-0015","nombre":"Pop Jalpa","portfolio":"MTP","estado":"ZAC","municipio":"Jalpa"}},{"type":"Feature","geometry":{"type":"Point","coordinates":[-101.38665,24.622569]},"properties":{"id":"MX-ZAC-0016","nombre":"Concha 2","portfolio":"MTP","estado":"ZAC","municipio":"Conceocion del Oro"}},{"type":"Feature","geometry":{"type":"Point","coordinates":[-102.37063,22.7376388]},"properties":{"id":"MX-ZAC-0017","nombre":"La Casa Grande","portfolio":"MTP","estado":"ZAC","municipio":"Trancoso"}},{"type":"Feature","geometry":{"type":"Point","coordinates":[-102.36354,22.751601]},"properties":{"id":"MX-ZAC-0018","nombre":"Trancoso","portfolio":"MTP","estado":"ZAC","municipio":"Zacatecas"}},{"type":"Feature","geometry":{"type":"Point","coordinates":[-103.3944099,24.2930278]},"properties":{"id":"MX-ZAC-0019","nombre":"Juan Aldama","portfolio":"MTP","estado":"ZAC","municipio":"Zacatecas"}},{"type":"Feature","geometry":{"type":"Point","coordinates":[-102.88555,22.3583306]},"properties":{"id":"MX-ZAC-0020","nombre":"San Judas Tadeo","portfolio":"MTP","estado":"ZAC","municipio":"Zacatecas"}},{"type":"Feature","geometry":{"type":"Point","coordinates":[-103.29514,21.7829861]},"properties":{"id":"MX-ZAC-0021","nombre":"Tlaltenango","portfolio":"MTP","estado":"ZAC","municipio":"Zacatecas"}},{"type":"Feature","geometry":{"type":"Point","coordinates":[-101.55323,24.6378169]},"properties":{"id":"MX-ZAC-0022","nombre":"Mazapil","portfolio":"MTP","estado":"ZAC","municipio":"Zacatecas"}},{"type":"Feature","geometry":{"type":"Point","coordinates":[-101.9575,22.1602778]},"properties":{"id":"MX-ZAC-0023","nombre":"Villa García","portfolio":"MTP","estado":"ZAC","municipio":"Zacatecas"}},{"type":"Feature","geometry":{"type":"Point","coordinates":[-102.67419,22.9094444]},"properties":{"id":"MX-ZAC-0024","nombre":"Aeropuerto","portfolio":"MTP","estado":"ZAC","municipio":"Zacatecas"}},{"type":"Feature","geometry":{"type":"Point","coordinates":[-102.88461,23.2151944]},"properties":{"id":"MX-ZAC-0026","nombre":"Microondas","portfolio":"MTP","estado":"ZAC","municipio":"Fresnillo"}},{"type":"Feature","geometry":{"type":"Point","coordinates":[-102.59989,22.7551389]},"properties":{"id":"MX-ZAC-0027","nombre":"Elementos","portfolio":"MTP","estado":"ZAC","municipio":"TBD"}},{"type":"Feature","geometry":{"type":"Point","coordinates":[-103.171147,22.792484]},"properties":{"id":"MX-ZAC-0028","nombre":"Chilaquila","portfolio":"MTP","estado":"ZAC","municipio":"Zacatecas"}},{"type":"Feature","geometry":{"type":"Point","coordinates":[-102.682425,21.389565]},"properties":{"id":"MX-ZAC-0029","nombre":"Apulco","portfolio":"MTP","estado":"ZAC","municipio":"Zacatecas"}},{"type":"Feature","geometry":{"type":"Point","coordinates":[-103.029889,22.486583]},"properties":{"id":"MX-ZAC-0030","nombre":"Buenavista Tepetongo","portfolio":"MTP","estado":"ZAC","municipio":"Zacatecas"}},{"type":"Feature","geometry":{"type":"Point","coordinates":[-103.188611,23.148611]},"properties":{"id":"MX-ZAC-0031","nombre":"Buenavista Trujillo","portfolio":"MTP","estado":"ZAC","municipio":"Zacatecas"}},{"type":"Feature","geometry":{"type":"Point","coordinates":[-102.578472,23.2410278]},"properties":{"id":"MX-ZAC-0032","nombre":"Chichimequillas","portfolio":"MTP","estado":"ZAC","municipio":"Zacatecas"}},{"type":"Feature","geometry":{"type":"Point","coordinates":[-102.327,23.1625]},"properties":{"id":"MX-ZAC-0033","nombre":"Chupaderos","portfolio":"MTP","estado":"ZAC","municipio":"Zacatecas"}},{"type":"Feature","geometry":{"type":"Point","coordinates":[-101.43019,22.20226]},"properties":{"id":"MX-ZAC-0034","nombre":"Cieneguilla","portfolio":"MTP","estado":"ZAC","municipio":"Zacatecas"}},{"type":"Feature","geometry":{"type":"Point","coordinates":[-103.305097,23.385536]},"properties":{"id":"MX-ZAC-0035","nombre":"El Centro","portfolio":"MTP","estado":"ZAC","municipio":"Zacatecas"}},{"type":"Feature","geometry":{"type":"Point","coordinates":[-102.00067,22.14359]},"properties":{"id":"MX-ZAC-0036","nombre":"El Copetillo","portfolio":"MTP","estado":"ZAC","municipio":"Zacatecas"}},{"type":"Feature","geometry":{"type":"Point","coordinates":[-102.75403,22.778556]},"properties":{"id":"MX-ZAC-0037","nombre":"El Maguey","portfolio":"MTP","estado":"ZAC","municipio":"Zacatecas"}},{"type":"Feature","geometry":{"type":"Point","coordinates":[-102.082892,23.402795]},"properties":{"id":"MX-ZAC-0038","nombre":"El Rucio","portfolio":"MTP","estado":"ZAC","municipio":"Zacatecas"}},{"type":"Feature","geometry":{"type":"Point","coordinates":[-103.071055,23.1888056]},"properties":{"id":"MX-ZAC-0039","nombre":"El Salto","portfolio":"MTP","estado":"ZAC","municipio":"Zacatecas"}},{"type":"Feature","geometry":{"type":"Point","coordinates":[-100.867712,24.521183]},"properties":{"id":"MX-ZAC-0040","nombre":"El Salvador","portfolio":"MTP","estado":"ZAC","municipio":"Zacatecas"}},{"type":"Feature","geometry":{"type":"Point","coordinates":[-103.666075,24.1084889]},"properties":{"id":"MX-ZAC-0041","nombre":"Emilio Carranza","portfolio":"MTP","estado":"ZAC","municipio":"Zacatecas"}},{"type":"Feature","geometry":{"type":"Point","coordinates":[-102.714669,22.666999]},"properties":{"id":"MX-ZAC-0042","nombre":"Gonzalez Ortega (Machines)","portfolio":"MTP","estado":"ZAC","municipio":"Zacatecas"}},{"type":"Feature","geometry":{"type":"Point","coordinates":[-103.196615,23.069908]},"properties":{"id":"MX-ZAC-0043","nombre":"Guadalupe de Trujillo","portfolio":"MTP","estado":"ZAC","municipio":"Zacatecas"}},{"type":"Feature","geometry":{"type":"Point","coordinates":[-103.203719,23.0144917]},"properties":{"id":"MX-ZAC-0044","nombre":"Labor de Santa Barbara","portfolio":"MTP","estado":"ZAC","municipio":"Zacatecas"}},{"type":"Feature","geometry":{"type":"Point","coordinates":[-101.398109,22.120385]},"properties":{"id":"MX-ZAC-0045","nombre":"Pino Suárez","portfolio":"MTP","estado":"ZAC","municipio":"Zacatecas"}},{"type":"Feature","geometry":{"type":"Point","coordinates":[-102.162857,23.581111]},"properties":{"id":"MX-ZAC-0046","nombre":"San Antonio del Burro","portfolio":"MTP","estado":"ZAC","municipio":"Zacatecas"}},{"type":"Feature","geometry":{"type":"Point","coordinates":[-102.4895889,22.6568944]},"properties":{"id":"MX-ZAC-0047","nombre":"San Jerónimo","portfolio":"MTP","estado":"ZAC","municipio":"Zacatecas"}},{"type":"Feature","geometry":{"type":"Point","coordinates":[-101.704814,23.803423]},"properties":{"id":"MX-ZAC-0048","nombre":"San Juan de Ulúa","portfolio":"MTP","estado":"ZAC","municipio":"Zacatecas"}},{"type":"Feature","geometry":{"type":"Point","coordinates":[-101.40283,21.97737]},"properties":{"id":"MX-ZAC-0049","nombre":"Santa Genoveva","portfolio":"MTP","estado":"ZAC","municipio":"Zacatecas"}},{"type":"Feature","geometry":{"type":"Point","coordinates":[-103.113818,22.924995]},"properties":{"id":"MX-ZAC-0050","nombre":"Santa Rosa","portfolio":"MTP","estado":"ZAC","municipio":"Zacatecas"}},{"type":"Feature","geometry":{"type":"Point","coordinates":[-102.10566,22.52085]},"properties":{"id":"MX-ZAC-0051","nombre":"Santo Tomás Venaditos","portfolio":"MTP","estado":"ZAC","municipio":"Zacatecas"}},{"type":"Feature","geometry":{"type":"Point","coordinates":[-101.35568,22.52141]},"properties":{"id":"MX-ZAC-0052","nombre":"Tolosa","portfolio":"MTP","estado":"ZAC","municipio":"Zacatecas"}},{"type":"Feature","geometry":{"type":"Point","coordinates":[-103.644944,23.6300028]},"properties":{"id":"MX-ZAC-5001","nombre":"Sombrerete Sur","portfolio":"MTP","estado":"ZAC","municipio":"Sombrerete"}},{"type":"Feature","geometry":{"type":"Point","coordinates":[-101.549,22.1046]},"properties":{"id":"MX-ZAC-5002","nombre":"Castellanos","portfolio":"MTP","estado":"ZAC","municipio":"Pinos"}},{"type":"Feature","geometry":{"type":"Point","coordinates":[-102.501567,22.743545]},"properties":{"id":"MX-ZAC-5004","nombre":"Arroyo De Plata","portfolio":"MTP","estado":"ZAC","municipio":"Guadalupe"}},{"type":"Feature","geometry":{"type":"Point","coordinates":[-102.679709,22.926397]},"properties":{"id":"MX-ZAC-5033","nombre":"Calera","portfolio":"MTP","estado":"ZAC","municipio":"Víctor Rosales"}},{"type":"Feature","geometry":{"type":"Point","coordinates":[-102.88152,23.1964722]},"properties":{"id":"MX-ZAC-5037","nombre":"Azteca","portfolio":"MTP","estado":"ZAC","municipio":"Fresnillo"}},{"type":"Feature","geometry":{"type":"Point","coordinates":[-102.59947,22.76786]},"properties":{"id":"MX-ZAC-5039","nombre":"La Toma De Zacatecas","portfolio":"MTP","estado":"ZAC","municipio":"Zacatecas"}},{"type":"Feature","geometry":{"type":"Point","coordinates":[-99.14206,19.42788]},"properties":{"id":"MX-DIF-0057","nombre":"Izazaga","portfolio":"MTP","estado":"DIF","municipio":"CDMX"}},{"type":"Feature","geometry":{"type":"Point","coordinates":[-98.403,20.071001]},"properties":{"id":"MX-HID-5040","nombre":"San Francisco","portfolio":"MTP","estado":"HID","municipio":"Hidalgo"}},{"type":"Feature","geometry":{"type":"Point","coordinates":[-99.151386,19.990778]},"properties":{"id":"MX-MEX-0131","nombre":"Cecaf","portfolio":"MTP","estado":"MEX","municipio":"Apaxco de Ocampo"}}]}