 ,,,,,,,,,,,,,,,,,,,,,,,,,,,,,,,,,,
,,,,,,,,,,,,"4,630,993","4,863,648","9,494,642",,,,,,,,,,,,,,,,,,,,
SO ,EMPRESA,MES,FECHA HABILITACIÓN,FECHA LIBERACIÓN,INSTALADA,PREVENTA,VENDEDOR COMERCIAL/EAC,EAC ASIGNADO,RAZON SOCIAL,OPORTUNIDAD,TAREA HABILITACIÓN,MONTO RECURRENTE,MONTO NO RECURRENTE,MONTO TOTAL,CLIENTE EXISTENTE EN BASE ACTUAL,CLIENTE NUEVO,SITIO NUEVO,CATEGORÍA PRODUCTO,SUB PRODUCTO,VELOCIDAD,ON/OFF,RB/WISP,PLAZO,SEGMENTO,CANAL DE VENTA,TIPO DE OPERACIÓN,VENTA RECURRENTE,VTC,CONTRATO FIRMADO,FACTURA,FECHA ELABORACIÓN,ESTATUS FACTURA,FECHA DE PAGO FACTURA,OBSERVACIONES
SO55933,MANUFACTURA,ENERO,5/1/2026,15/1/2026,SI,CECILIA NUÑEZ,ALEJANDRO GUZMAN,CARLOS ALONSO,INDUSTRIAS LANCERMEX,"Sandur, SIDP-1G, INDUSTRIAS LANCERMEX, SITIO PIEDRAS NEGRAS","[SO55933] Sandur, SIDP-1G, INDUSTRIAS LANCERMEX","18,882",,"18,882",NO,SÍ,SÍ,DEDICADO,DEDICADO,1000,ON,Piedras Negras,36,EMPRESARIAL,OTRO,PRIMERA VENTA,SÍ,"679,752.00",SÍ,2676808,,PAGADA,13/3/2026,
SO56036,XCIEN,ENERO,7/1/2026,4/2/2026,SI,EDWIN GARZA,ALEJANDRA TELLEZ,CARLOS ALONSO,JUMBOCEL,"Sandur, SIDP-50, JUMBOCEL, APODACA","[SO56036] Sandur, SIDP-50, JUMBOCEL","7,100",,"7,100",NO,SÍ,SÍ,DEDICADO,DEDICADO,50,ON,Sta. Rosa,36,EMPRESARIAL,DISTRIBUIDOR,PRIMERA VENTA,SÍ,"255,600.00",SÍ,2678362,,PAGADA,26/2/2026,
SO56048,XCIEN,ENERO,13/1/2026,20/1/2026,SI,KEVIN TORRES,ALEJANDRA TELLEZ,JONATHAN TORRES,INTERNACIONAL AGROINDUSTRIAL,"Sandur, SIMP-15, INTERNACIONAL AGROINDUSTRIAL, SANTA CATARINA","[SO56048] Sandur, SIMP-15, INTERNACIONAL AGROINDUSTRIAL","1,830",,"1,830",NO,SÍ,SÍ,PYME,PYME,15,ON,Sta. Catarina,24,EMPRESARIAL,DISTRIBUIDOR,PRIMERA VENTA,SÍ,"43,920.00",SÍ,2676799,,PAGADA,29/1/2026,
SO55884,XCIEN,ENERO,6/1/2026,11/2/2026,SI,EDWIN GARZA,JONATHAN TORRES,,IG NETWORKS MEXICO,"Sandur, SIDP-60, IG NETWORKS MEXICO, CQ2793526 - Q106518 - Ciudad Frontera - (Mexico)",,"-1,920",,"-1,920",SÍ,NO,NO,DEDICADO,DEDICADO,60,ON,Monclova,12,EMPRESARIAL,EAC,DECREMENTO,NO,"-23,040.00",SÍ,2677400,,PAGADA,11/2/2026,
SO53278,HUUS,ENERO,15/1/2026,12/2/2026,SI,NANCY FUENTES,ADRIANA CABALLERO,FRANCISCO VILLATORO,HYUNDAI GLOVIS MÉXICO,"HUUS, SIS-50-10-ilimitado, HYUNDAI GLOVIS MÉXICO, SITIO: LÁZARO CÁRDENAS,MICH","[SO53278] HUUS, SIS-50-10-ilimitado, HYUNDAI GLOVIS MÉXICO","4,200",,"4,200",NO,SÍ,SÍ,SATELITAL,DEDICADO,50,OFF,Starlink,36,EMPRESARIAL,VENTA DIRECTA,PRIMERA VENTA,SÍ,"151,200.00",SÍ,2617194,,PENDIENTE PAGO,,
SO53284,HUUS,ENERO,15/1/2026,12/2/2026,SI,NANCY FUENTES,ADRIANA CABALLERO,FRANCISCO VILLATORO,HYUNDAI GLOVIS MÉXICO,"HUUS, SDWAN Plus - 100, HYUNDAI GLOVIS MÉXICO, SITIO: LÁZARO CÁRDENAS,MICH","[SO53284] HUUS, SDWAN Plus - 100, HYUNDAI GLOVIS MÉXICO","3,500",,"3,500",NO,SÍ,NO,SERVICIOS ADMINISTRADOS,ALTA DISPONIBILIDAD,,N/A,,36,EMPRESARIAL,VENTA DIRECTA,PRIMERA VENTA,SÍ,"126,000.00",SÍ,2617193,,PENDIENTE PAGO,,
SO56055,XCIEN,ENERO,7/1/2026,12/1/2026,SI,SERGIO ABREGO,DANIEL GONZÁLEZ,,COMERCIALIZADORA CHARLES,"Sandur, SIDP-100, COMERCIALIZADORA CHARLES, SITIO MATRIZ.",,"-3,000",,"-3,000",SÍ,NO,NO,DEDICADO,DEDICADO,100,ON,,,EMPRESARIAL,EAC,DECREMENTO,NO,0.00,SÍ,2676756,,PAGADA,12/1/2026,
SO55977,HUUS,ENERO,15/1/2026,19/1/2025,SI,EDWIN GARZA,GERARDO DE LA PUENTE,FRANCISCO VILLATORO,BIG BLUE REPAIR MX,"HUUS, SIDP-20, BIG BLUE REPAIR MX, SITIO: QUERÉTARO","[SO55977] HUUS, SIDP-20, BIG BLUE REPAIR MX","3,199",,"3,199",NO,SÍ,SÍ,DEDICADO,DEDICADO,20,ON,Induistrial Queretaro,36,EMPRESARIAL,DISTRIBUIDOR,PRIMERA VENTA,SÍ,"115,164.00",SÍ,2617165,,PAGADA,23/2/2026,
SO56084,XCIEN,ENERO,7/1/2026,8/1/2026,SI,KEVIN TORRES,LEONARDO RODRÍGUEZ,,AGROINSUMOS ORGANICOS DEL NORTE,"Sandur, S-REUB-EQ, AGROINSUMOS ORGANICOS DEL NORTE, SITIO: AGRINOR ABASOLO SALTILLO",,,990,990,SÍ,NO,NO,,,,ON,,,EMPRESARIAL,EAC,REUBICACIÓN,NO,0.00,NO,2680008,,PENDIENTE PAGO,,
SO54400,XCIEN,ENERO,8/1/2026,18/1/2026,SI,EDWIN GARZA,GERARDO DE LA GARZA,JONATHAN TORRES,CORPORATIVO INNOVACION Y CALIDAD EN COBRANZA ESTRATEGICA,"Sandur, SIDP-100, CORPORATIVO INNOVACION Y CALIDAD EN COBRANZA ESTRATEGICA, SITIO: GUADALAJARA.","
[SO54400] Sandur, SIDP-100, CORPORATIVO INNOVACION Y CALIDAD EN COBRANZA ESTRATEGICA","2,000",,"2,000",SÍ,NO,NO,DEDICADO,DEDICADO,100,ON,Centinela,36,EMPRESARIAL,VENTA DIRECTA,UPGRADE,SÍ,"72,000.00",SÍ,2676795,,PAGADA,18/2/2026,
SO55592,XCIEN,ENERO,9/1/2026,14/1/2026,SI,EDWIN GARZA,LEONARDO RODRÍGUEZ,LEONARDO RODRÍGUEZ,CONSTRUCTORA MAIZ MIER,"Sandur, SRPVD-100, CONSTRUCTORA MAIZ MIER, SITIO: TALLERES Y EQUIPOS","[SO55592] Sandur, SRPVD-100, CONSTRUCTORA MAIZ MIER","3,000",,"3,000",SÍ,NO,NO,SERVICIOS ADMINISTRADOS,RED PRIVADA,100,ON,Mitras,12,EMPRESARIAL,EAC,UPGRADE,SÍ,"36,000.00",SÍ,2676810,,PAGADA,23/2/2026,
SO55593,XCIEN,ENERO,9/1/2026,14/1/2026,SI,EDWIN GARZA,LEONARDO RODRÍGUEZ,LEONARDO RODRÍGUEZ,CONSTRUCTORA MAIZ MIER,"Sandur, SRPVD-100, CONSTRUCTORA MAIZ MIER, SITIO: LABORATORIO CONTROL DE CALIDAD","[SO55593] Sandur, SRPVD-100, CONSTRUCTORA MAIZ MIER","3,000",,"3,000",SÍ,NO,NO,SERVICIOS ADMINISTRADOS,RED PRIVADA,100,ON,Sendero,12,EMPRESARIAL,EAC,UPGRADE,SÍ,"36,000.00",SÍ,2676809,,PAGADA,23/2/2026,
SO55594,XCIEN,ENERO,9/1/2026,28/1/2026,SI,EDWIN GARZA,LEONARDO RODRÍGUEZ,,CONSTRUCTORA MAIZ MIER,"Sandur, SRPVD-200, CONSTRUCTORA MAIZ MIER, SITIO: MATRIZ",,0,,0,SÍ,NO,NO,SERVICIOS ADMINISTRADOS,RED PRIVADA,200,ON,Repetec,12,EMPRESARIAL,EAC,RENOVACIÓN,NO,0.00,SÍ,,,PENDIENTE ELABORACIÓN,,
SO55556,XCIEN,ENERO,9/1/2026,10/2/2026,SI,EDWIN GARZA,LEONARDO RODRÍGUEZ,,CONSTRUCTORA MAIZ MIER,"Sandur, SIDP-30, CONSTRUCTORA MAIZ MIER, SITIO: JUAREZ 2// FASE 1 BLINDAJE","[SO55596] Sandur, [SIN PRODUCTO], CONSTRUCTORA MAIZ MIER","-1,700",,"-1,700",SÍ,NO,NO,DEDICADO,DEDICADO,30,ON,Juárez,12,EMPRESARIAL,EAC,RENOVACIÓN,NO,"-20,400.00",SÍ,2678383,,PAGADA,17/2/2026,
,LUMINET,ENERO,9/1/2026,9/1/2026,SI,FRANCISCO ALDAY,JULIO PUENTE,,INTERNATIONAL MANUFACTURING SOLUTIONS OPERACIONES,"INTERNATIONAL MANUFACTURING SOLUTIONS OPERACIONES, Blvd. Cesar H. Cantú Benavides 1465, Parque Industrial Alianza- Derramadero, Saltillo, Coah, México C.P. 25304",,,"18,000","18,000",SÍ,NO,NO,DEDICADO,EVENTUAL,200,ON,,,EMPRESARIAL,VENTA DIRECTA,EVENTUAL,NO,0.00,NO,2607562,,PAGADA,19/1/2026,
SO56027,XCIEN,ENERO,12/1/2026,16/1/2026,SI,SERGIO ABREGO,JONATHAN TORRES,,SOLUCIONES INDUSTRIALES EN PROTECCION,"Sandur, SID-20, SOLUCIONES INDUSTRIALES EN PROTECCION, SITIO:GARCIA",,"-3,800",,"-3,800",SÍ,NO,NO,DEDICADO,DEDICADO,20,ON,Valle de Lincoln,24,EMPRESARIAL,EAC,DECREMENTO,NO,"-91,200.00",SÍ,2676794,,PAGADA,9/2/2026,
SO56206,XCIEN,ENERO,15/1/2026,20/1/2026,SI,KEVIN TORRES,JORGE DE LA GARZA,JONATHAN TORRES,INSTITUTO DE SEGURIDAD Y SERVICIOS SOCIALES DE LOS TRABAJADORES DEL  ESTADO DE NUEVO LEON,"Sandur, SIMP-10, INSTITUTO DE SEGURIDAD Y SERVICIOS SOCIALES DE LOS TRABAJADORES DEL  ESTADO DE NUEVO LEON, Sitio: Garcia","[SO56206] Sandur, SIMP-10, INSTITUTO DE SEGURIDAD Y SERVICIOS SOCIALES DE LOS TRABAJADORES DEL ESTADO DE NUEVO LEON","1,199",,"1,199",NO,SÍ,SÍ,PYME,PYME,10,ON,Valle de Lincoln,12,EMPRESARIAL,VENTA DIRECTA,PRIMERA VENTA,SÍ,"14,388.00",SÍ,2676792,,PAGADA,3/2/2026,
SO55596,XCIEN,ENERO,13/1/2026,28/1/2026,SI,EDWIN GARZA,LEONARDO RODRÍGUEZ,,CONSTRUCTORA MAIZ MIER,"Sandur, [SIN PRODUCTO], CONSTRUCTORA MAIZ MIER, SITIO: MATRIZ -",,,"8,850","8,850",SÍ,NO,NO,,,,N/A,,,EMPRESARIAL,EAC,VENTA DE EQUIPO,NO,0.00,SÍ,2678373,,PENDIENTE PAGO,,
SO56249,LUMINET,ENERO,16/1/2026,,CANCELADA,KEVIN TORRES,ALEJANDRO ESPARZA,,Laura Perla Córdova Rodríguez,"Luminet, SIMPS-100, Laura Perla Córdova Rodríguez, Oficina de despacho remoto",,,"5,000","5,000",NO,SÍ,SÍ,PYME,PYME,100,ON,Kristales,,GOBIERNO,OTRO,DEMO,CANCELADA,0.00,NO,,,,,
SO56189,OTRO,ENERO,13/1/2026,26/1/2026,SI,CECILIA NUÑEZ,CLAUDIA NIETO,,MESQUITE TECH,"WISPI, MO-INST, MESQUITE TECH, SITIO PDA",,,"7,900","7,900",SÍ,NO,NO,,,,N/A,,,OTRO,OTRO,VENTA DE EQUIPO,NO,0.00,S/D,2601184,,PENDIENTE PAGO,,
SO56038,XCIEN,ENERO,14/1/2026,27/1/2026,SI,EDWIN GARZA,IRIS RAMÍREZ,,INTERMETROPOLITANA DE VIVIENDA,"Sandur, [SIN PRODUCTO], INTERMETROPOLITANA DE VIVIENDA, BO ZEVANA 2",,,"15,200","15,200",SÍ,NO,NO,,,,N/A,,,EMPRESARIAL,EAC,VENTA DE EQUIPO,NO,0.00,ODC,2678380,,PAGADA,11/3/2026,
SO55979,XCIEN,ENERO,14/1/2026,20/1/2026,SI,CECILIA NUÑEZ,DANIEL GONZÁLEZ,DANIEL GONZÁLEZ,LAYHERMEX,"Sandur, SIMPS-100, LAYHERMEX, SIT: MINERA DEL NORTE","[SO55979] Sandur, SIMPS-100, LAYHERMEX","1,200",,"1,200",SÍ,NO,NO,PYME,PYME,100,ON,"Sta, Catarina",12,EMPRESARIAL,EAC,UPGRADE,SÍ,"14,400.00",SÍ,2678341,,PAGADA,6/2/2026,
SO56129,LUMINET,ENERO,21/1/2026,10/3/2026,SI,FRANCISCO ALDAY,ROSA SOLÍS,IRIS RAMÍREZ,Omnifonia,"Luminet, SIDP-100, Omnifonia, Sitio Torreòn",,"10,000",,"10,000",NO,SÍ,SÍ,DEDICADO,DEDICADO,100,ON,Repetidor Cerro Las Noas,24,EMPRESARIAL,VENTA DIRECTA,PRIMERA VENTA,SÍ,"240,000.00",S/D,2608151,,PAGADA,23/3/2026,CLIENTE SOLICITÓ PRORROGA PARA LA PRIMERA FACTURACIÓN POR MIGRACIÓN DE IP
SO56469,XCIEN,ENERO,26/1/2026,16/2/2026,SI,SERGIO ABREGO,CLAUDIA NIETO,,AZAEL TAMEZ GONZALEZ,"Sandur, SIP-30x15, AZAEL TAMEZ GONZALEZ, SITIO CUMBRES DEL LAGO",,0,,0,NO,SÍ,SÍ,PYME,PROFESIONAL,30,ON,Valle de Lincoln,,,OTRO,CORTESÍA,NO,0.00,S/D,2678402,,PAGADA,20/2/2026,
SO56423,LUMINET,ENERO,28/1/2026,6/2/2026,SI,CECILIA NUÑEZ,FELIPE CAZARES,JONATHAN TORRES,GB&C,"Sandur, SIMP-30, GB&C, SITIO AGUILA LIBRAMIENTO OSCAR FLORES TAPIA","[SO56423] Sandur, SIMP-30, GB&C","2,200",,"2,200",NO,SÍ,SÍ,PYME,PYME,30,ON,Loft,24,EMPRESARIAL,VENTA DIRECTA,PRIMERA VENTA,SÍ,"52,800.00",SÍ,2678371,,PAGADA,16/2/2026,
SO55820,HUUS,ENERO,15/1/2026,5/3/2026,SI,NANCY FUENTES,ROBERTO GALINDO,FRANCISCO VILLATORO,CONSORCIO ADUANAL CASTAÑEDA RIVERO,"HUUS, SIDP-100, CONSORCIO ADUANAL CASTAÑEDA RIVERO, SITIO: VERACRUZ","[Offnet:SO55820] HUUS, SIDP-100, CONSORCIO ADUANAL CASTAÑEDA RIVERO","4,466",,"4,466",SÍ,NO,NO,DEDICADO,DEDICADO,100,OFF,Alestra,36,EMPRESARIAL,VENTA DIRECTA,UPGRADE,SÍ,"160,776.00",SÍ,2617762,,PENDIENTE PAGO,,
SO56193,XCIEN,ENERO,15/1/2026,16/1/2026,SI,EDWIN GARZA,IRIS RAMÍREZ,,FOMENTO EMPRESARIAL INMOBILIARIO,"Sandur, CDD, FOMENTO EMPRESARIAL INMOBILIARIO, BO San Patricio 9",,,0,0,SÍ,NO,NO,,,,ON,,,EMPRESARIAL,EAC,CAMBIO DE DOMICILIO,NO,0.00,NO,2676796,,PAGADA,22/1/2026,
SO55966,XCIEN,ENERO,15/1/2026,,,EDWIN GARZA,IRIS RAMÍREZ,,TRANSPORTES URGENTES NUEVO LEON,"Sandur, S-STS, TRANSPORTES URGENTES NUEVO LEON, SITIO ALTAMIRA TAMPS",,,"25,000","25,000",SÍ,NO,NO,,,,N/A,,,EMPRESARIAL,EAC,VENTA DE EQUIPO,NO,0.00,S/D,,,,,
SO54982,LUMINET,ENERO,5/1/2026,8/1/2026,SI,CECILIA NUÑEZ,OSCAR RIVERA,,COMPAÑIA DE AGUAS DE RAMOS ARIZPE,"Luminet, SIMPS-100, COMPAÑIA DE AGUAS DE RAMOS ARIZPE, Compara Oficinas principales",,"8,400",,"8,400",SÍ,NO,SÍ,PYME,PYME,100,ON,Acherbis,36,GOBIERNO,VENTA DIRECTA,RENOVACIÓN,NO,"302,400.00",NO,2607538,,PAGADA,4/2/2026,
SO55831,XCIEN,ENERO,6/1/2026,27/1/2026,SI,EDWIN GARZA,LEONARDO RODRÍGUEZ,LEONARDO RODRÍGUEZ,IRON TRUST,"Sandur, SVOZ-EXT-N2P, IRON TRUST, SITIO: BODEGA SALINAS VICTORIA -IRON TRUST","[SO55831] Sandur, SVOZ-EXT-N2P, IRON TRUST",402,,402,SÍ,NO,NO,SERVICIOS ADMINISTRADOS,TELEFONÍA,,N/A,N2P,12,EMPRESARIAL,EAC,UPSALE,SÍ,"4,824.00",SÍ,2676818,,PAGADA,3/2/2026,
SO56024,XCIEN,ENERO,16/1/2026,3/2/2026,SI,SERGIO ABREGO,GERARDO DE LA GARZA,LEONARDO RODRÍGUEZ,PETRO SAV LINCOLN,"Sandur, SVOZ-EXT-N2P, PETRO SAV LINCOLN, SITIO: ESTACION BUENA VISTA Redundancia","[SO56024] Sandur, SVOZ-EXT-N2P, PETRO SAV LINCOLN",460,,460,SÍ,SÍ,NO,SERVICIOS ADMINISTRADOS,TELEFONÍA,,N/A,N2P,36,EMPRESARIAL,VENTA DIRECTA,UPSALE,SÍ,"16,560.00",SÍ,2678367,,PAGADA,2/3/2026,
SO56022,XCIEN,ENERO,16/1/2026,23/1/2026,SI,SERGIO ABREGO,GERARDO DE LA GARZA,DANIEL GONZÁLEZ,AUTOLINEAS NUEVOMEX,"Sandur, SIDP-200, AUTOLINEAS NUEVOMEX, SITIO: NUEVO MÉXICO","[SO56022] Sandur, SIDP-200, AUTOLINEAS NUEVOMEX","6,800",,"6,800",SÍ,NO,NO,DEDICADO,DEDICADO,200,ON,Sta. Rosa,36,EMPRESARIAL,VENTA DIRECTA,UPGRADE,SÍ,"244,800.00",SÍ,2676815,,PAGADA,4/2/2026,
SO55486,XCIEN,ENERO,6/1/2026,13/1/2026,SI,SERGIO ABREGO,DANIEL GONZÁLEZ,DANIEL GONZÁLEZ,HARMAK MATERIALES,"Sandur, SIDP-30, HARMAK MATERIALES, Escobedo 2","[SO55486] Sandur, SIDP-30, HARMAK MATERIALES","3,500",,"3,500",SÍ,NO,SÍ,DEDICADO,DEDICADO,30,ON,Pda,24,EMPRESARIAL,EAC,UPSALE,SÍ,"84,000.00",SÍ,2676773,,PAGADA,20/1/2026,
SO55806,LUMINET,ENERO,19/1/2026,26/1/2026,SI,EDWIN GARZA,DANIEL GONZÁLEZ,,CENTRO DE SERVICIOS AUXILIARES DEL AUTOTRANSPORTE FEDERAL,"Luminet, SID-20, CENTRO DE SERVICIOS AUXILIARES DEL AUTOTRANSPORTE FEDERAL, Nava Coahuila",,"2,807",,"2,807",SÍ,NO,NO,DEDICADO,DEDICADO,20,ON,Piedras Negras,24,EMPRESARIAL,EAC,RENOVACIÓN,NO,"67,365.60",SÍ,2607867,,PAGADA,10/3/2026,
SO55808,LUMINET,ENERO,19/1/2026,20/1/2026,SI,EDWIN GARZA,DANIEL GONZÁLEZ,,CENTRO DE SERVICIOS AUXILIARES DEL AUTOTRANSPORTE FEDERAL,"Luminet, SID-20, CENTRO DE SERVICIOS AUXILIARES DEL AUTOTRANSPORTE FEDERAL, CASTAÑOS COAHUILA",,"2,807",,"2,807",SÍ,NO,NO,DEDICADO,DEDICADO,20,ON,Monclova,24,EMPRESARIAL,EAC,RENOVACIÓN,NO,"67,365.60",SÍ,2607578,,PAGADA,12/2/2026,
SO55815,LUMINET,ENERO,19/1/2026,21/1/2026,SI,CECILIA NUÑEZ,DANIEL GONZÁLEZ,,CENTRO DE SERVICIOS AUXILIARES DEL AUTOTRANSPORTE FEDERAL,"Luminet, SID-20, CENTRO DE SERVICIOS AUXILIARES DEL AUTOTRANSPORTE FEDERAL, Santa Maria",,"2,807",,"2,807",SÍ,NO,NO,DEDICADO,DEDICADO,20,ON,Ramazini,24,EMPRESARIAL,EAC,RENOVACIÓN,NO,"67,365.60",SÍ,2607577,,PAGADA,12/2/2026,
SO56252,XCIEN,ENERO,19/1/2026,5/2/2026,SI,CECILIA NUÑEZ,LEONARDO RODRÍGUEZ,,AGROINSUMOS ORGANICOS DEL NORTE,"Sandur, SIDP-30, AGROINSUMOS ORGANICOS DEL NORTE, SITIO: AGRINOR ABASOLO SALTILLO // BLINDAJE FASE 1",,-500,,-500,SÍ,NO,NO,DEDICADO,DEDICADO,30,ON,Jolla,24,EMPRESARIAL,EAC,DECREMENTO,NO,"-12,000.00",SÍ,2678349,,PAGADA,12/3/2026,
SO56321,LUMINET,ENERO,20/1/2026,28/1/2026,SI,CECILIA NUÑEZ,OSCAR RIVERA,,TRIBUNAL DE JUSTICIA ADMINISTRATIVA DE COAHUILA DE ZARAGOZA,"Renovacion Licencia, SSTC, TRIBUNAL DE JUSTICIA ADMINISTRATIVA DE COAHUILA DE ZARAGOZA, Tribunal Coss",,0,,0,SÍ,NO,NO,SERVICIOS ADMINISTRADOS,LICENCIA,,N/A,,12,GOBIERNO,OTRO,VENTA DE EQUIPO,NO,0.00,S/D,,,PENDIENTE ELABORACIÓN,,
SO56322,LUMINET,ENERO,20/1/2026,28/1/2026,SI,CECILIA NUÑEZ,OSCAR RIVERA,,GOBIERNO DEL ESTADO DE COAHUILA DE ZARAGOZA  ( ORQUESTA FILARMONICA DEL DESIERTO ),"Luminet, SIEV-20-1, GOBIERNO DEL ESTADO DE COAHUILA DE ZARAGOZA  ( ORQUESTA FILARMONICA DEL DESIERTO ), Teatro de la Ciudad 1 2026",,,0,0,SÍ,NO,NO,DEDICADO,EVENTUAL,20,ON,Jolla,,GOBIERNO,OTRO,CORTESÍA,NO,0.00,S/D,2607571,,PAGADA,28/1/2026,
SO56196,XCIEN,ENERO,21/1/2026,23/1/2026,SI,SERGIO ABREGO,CARLOS ALONSO,,INDUSTRIAL GECASA,"Sandur, S-REUB-EQ, INDUSTRIAL GECASA, PARQUE INDUSTRIAL ESCOBEDO 2",,"3,400",,"3,400",SÍ,NO,NO,,,,ON,Mirasur,,EMPRESARIAL,EAC,REUBICACIÓN,NO,0.00,NO,2676805,,PAGADA,23/2/2026,
SO56203,XCIEN,ENERO,21/1/2026,22/1/2026,SI,EDWIN GARZA,IRIS RAMÍREZ,,INTERMETROPOLITANA DE VIVIENDA,"Sandur, S-REUB-EQ, INTERMETROPOLITANA DE VIVIENDA, BO TORRENTO 9",,,0,0,SÍ,NO,NO,,,,ON,Industrial Apodaca,,EMPRESARIAL,EAC,REUBICACIÓN,NO,0.00,NO,2676806,,PAGADA,27/1/2026,
SO56367,XCIEN,ENERO,21/1/2026,22/1/2026,SI,EDWIN GARZA,IRIS RAMÍREZ,,FOMENTO EMPRESARIAL INMOBILIARIO,"Sandur, CDD, FOMENTO EMPRESARIAL INMOBILIARIO, BO MODENA 2",,,0,0,SÍ,NO,NO,,,,ON,Pueblo Nuevo,,EMPRESARIAL,EAC,CAMBIO DE DOMICILIO,NO,0.00,NO,2679958,,PAGADA,9/3/2026,
SO56023,XCIEN,ENERO,6/1/2026,9/1/2026,SI,SERGIO ABREGO,GERARDO DE LA GARZA,LEONARDO RODRÍGUEZ,PETRO SAV LINCOLN,"Sandur, SIDP-20, PETRO SAV LINCOLN, SITIO: ESTACION BUENA VISTA Redundancia","[SO56023] Sandur, SIDP-20, PETRO SAV LINCOLN","2,100",,"2,100",SÍ,SÍ,SÍ,DEDICADO,DEDICADO,20,ON,Rep. Buena Vista,36,EMPRESARIAL,VENTA DIRECTA,UPSALE,SÍ,"75,600.00",SÍ,2676775,,PAGADA,26/1/2026,
SO55645,XCIEN,ENERO,13/1/2026,,CANCELADA,SERGIO ABREGO,JUAN ESCAMILLA,JONATHAN TORRES,DIGA,"Sandur, SVOZ-SIPT-N2P, DIGA, SITIO APODACA","[SO55645] Sandur, SVOZ-SIPT-N2P, DIGA","1,250",,"1,250",SÍ,NO,NO,SERVICIOS ADMINISTRADOS,TELEFONÍA,,N/A,N2P,12,EMPRESARIAL,VENTA DIRECTA,UPSALE,CANCELADA,"15,000.00",SÍ,,,,,
SO56308,XCIEN,ENERO,21/1/2026,27/1/2026,SI,KEVIN TORRES,DANIEL GONZÁLEZ,,PABLO DAVID DE LEON PRADO,"FASE 1 BLINDAJE Sandur, SIDP-40, PABLO DAVID DE LEON PRADO, Sitio:Prado 2",,"4,900",,"4,900",SÍ,NO,NO,DEDICADO,DEDICADO,40,ON,Jolla,24,EMPRESARIAL,EAC,RENOVACIÓN,NO,"117,600.00",SÍ,2678029,,PAGADA,11/2/2026,
SO56147,XCIEN,ENERO,15/1/2026,30/1/2026,SI,SERGIO ABREGO,DAVID REYES,IRIS RAMÍREZ,EASYFLYERS LOGISTICS,"Sandur, SIMPS-30, EASYFLYERS LOGISTICS, Corporativo Orvit","[SO56147] Sandur, SIMPS-30, EASYFLYERS LOGISTICS","2,800",,"2,800",SÍ,SÍ,SÍ,PYME,PYME,30,ON,Tec 100,24,EMPRESARIAL,VENTA DIRECTA,PRIMERA VENTA,SÍ,"67,200.00",SÍ,2678352,,PAGADA,18/2/2026,
SO55727,XCIEN,ENERO,22/1/2026,20/2/2026,SI,EDWIN GARZA,LEONARDO RODRÍGUEZ,,ELSEIN RECUBRIMIENTOS,"Sandur, SVOZ-SIPT-N2P, ELSEIN RECUBRIMIENTOS, SITIO: ESCOBEDO",,0,,0,SÍ,NO,NO,SERVICIOS ADMINISTRADOS,TELEFONÍA,,N/A,N2P,12,EMPRESARIAL,EAC,MIGRACIÓN,NO,0.00,SÍ,2679596,,PAGADA,17/3/2026,
SO55409,XCIEN,ENERO,22/1/2026,,CANCELADA,EDWIN GARZA,IRIS RAMÍREZ,,HOLIDAYS VACATION,"Sandur, SVOZ-SIPT-N2P, HOLIDAYS VACATION, SITIO: HOLIDAYS",,0,,0,SÍ,NO,NO,SERVICIOS ADMINISTRADOS,TELEFONÍA,,N/A,N2P,24,EMPRESARIAL,EAC,MIGRACIÓN,CANCELADA,0.00,SÍ,,,,,
SO55395,XCIEN,ENERO,22/1/2026,,CANCELADA,EDWIN GARZA,IRIS RAMÍREZ,,HOLIDAYS VACATION,"Sandur, SVOZ-SIPT-N2P, HOLIDAYS VACATION, SITIO: SAN LUIS POTOSI",,0,,0,SÍ,NO,NO,SERVICIOS ADMINISTRADOS,TELEFONÍA,,N/A,N2P,12,EMPRESARIAL,EAC,MIGRACIÓN,CANCELADA,0.00,SÍ,,,,,
SO56053,XCIEN,ENERO,22/1/2026,27/1/2026,SI,EDWIN GARZA,LEONARDO RODRÍGUEZ,,DIEHL AVIATION DE MEXICO,"Sandur, SIDP-500, DIEHL AVIATION DE MEXICO, SITIO: DIEHL QUERETARO",,"-5,000",,"-5,000",SÍ,NO,NO,DEDICADO,DEDICADO,500,ON,Colorado,36,EMPRESARIAL,EAC,DECREMENTO,NO,"-180,000.00",S/D,2677085,,PAGADA,19/2/2026,
SO56250,XCIEN,ENERO,22/1/2026,27/1/2026,SI,SERGIO ABREGO,IRIS RAMÍREZ,,DEACERO,"Sandur, CDD, DEACERO, SITIO: PATIO SAN LUIS",,,"2,990","2,990",SÍ,NO,NO,,,,ON,,,EMPRESARIAL,EAC,CAMBIO DE DOMICILIO,NO,0.00,NO,2678330,,PENDIENTE PAGO,,
SO56354,LUMINET,ENERO,23/1/2026,26/1/2026,SI,KEVIN TORRES,OSCAR RIVERA,,PODER JUDICIAL DEL ESTADO DE COAHUILA DE ZARAGOZA,"Luminet, SIEV-200-1, PODER JUDICIAL DEL ESTADO DE COAHUILA DE ZARAGOZA, Ciudad Judicial",,"51,490",,"51,490",SÍ,NO,NO,DEDICADO,EVENTUAL,200,ON,Saltillo Oriente,,GOBIERNO,OTRO,EVENTUAL,NO,0.00,NO,2607835,,PAGADA,23/2/2026,
SO56398,HUUS,ENERO,23/1/2026,24/3/2026,SI,NANCY FUENTES,RAFAEL PÉREZ,,DPS GESTION DOCUMENTAL,"HUUS, SST-R, DPS GESTION DOCUMENTAL, SITIO:  Toluca 2000",,,0,0,SÍ,NO,NO,SERVICIOS ADMINISTRADOS,LICENCIA,,OFF,AIISA,,EMPRESARIAL,VENTA DIRECTA,VENTA DE EQUIPO,NO,0.00,S/D,,,,,
SO55468,LUMINET,ENERO,23/1/2026,27/1/2026,SI,CECILIA NUÑEZ,CARLOS ALONSO,,INSTITUTO DE VALLE ARIZPE,"Luminet, SIDP-20, INSTITUTO DE VALLE ARIZPE, ZONA CENTRO..",,"-7,600",,"-7,600",SÍ,NO,NO,DEDICADO,DEDICADO,20,ON,Jolla,,EMPRESARIAL,EAC,RENOVACIÓN,NO,0.00,SÍ,2607576,,PAGADA,23/2/2026,
SO56314,HUUS,ENERO,21/1/2026,31/1/2026,SI,NANCY FUENTES,ADRIANA CABALLERO,FRANCISCO VILLATORO,GRUPO COMERCIAL DE MEXICO,"HUUS, SIS-50-10-ilimitado, GRUPO COMERCIAL DE MEXICO, SITIO: CULIACÁN","[SO56314] HUUS, SIS-50-10-ilimitado, GRUPO COMERCIAL DE MEXICO","5,600",,"5,600",SÍ,NO,SÍ,SATELITAL,SATELITAL,50,OFF,Starlink,12,EMPRESARIAL,VENTA DIRECTA,UPSALE,SÍ,"67,200.00",SÍ,2617158,,PAGADA,23/2/2026,
SO56462,XCIEN,ENERO,24/1/2026,4/2/2026,SI,NANCY FUENTES,JONATHAN TORRES,,SEMINARIO DE MONTERREY NUEVO LEON,"Sandur, AD-SL, SEMINARIO DE MONTERREY NUEVO LEON, SITIO:ALLEND",,0,,0,SÍ,NO,NO,SATELITAL,ALTA DISPONIBILIDAD,,OFF,Starlink,,EMPRESARIAL,EAC,CORTESÍA,NO,0.00,S/D,2679966,,PAGADA,11/3/2026,
SO56460,XCIEN,ENERO,24/1/2026,3/2/2026,SI,NANCY FUENTES,JONATHAN TORRES,,VILLARREAL DIVISION EQUIPOS,"Sandur, AD-SL, VILLARREAL DIVISION EQUIPOS, SITIO VDE",,0,,0,SÍ,NO,NO,SATELITAL,ALTA DISPONIBILIDAD,,OFF,Starlink,,EMPRESARIAL,EAC,CORTESÍA,NO,0.00,S/D,2679965,,PAGADA,11/3/2026,
SO56459,XCIEN,ENERO,24/1/2026,3/2/2026,SI,NANCY FUENTES,JONATHAN TORRES,,VILLARREAL DIVISION EQUIPOS,"Sandur, AD-SL, VILLARREAL DIVISION EQUIPOS, SITIO VDE",,0,,0,SÍ,NO,NO,SATELITAL,ALTA DISPONIBILIDAD,,OFF,Starlink,,EMPRESARIAL,EAC,CORTESÍA,NO,0.00,S/D,2679964,,PAGADA,11/3/2026,
SO56464,XCIEN,ENERO,24/1/2026,,CANCELADA,NANCY FUENTES,JONATHAN TORRES,,ACCESORIOS ALLENDE,"Sandur, AD-SL, ACCESORIOS ALLENDE, SITIO ACCESORIOS ALLENDE",,0,,0,SÍ,NO,NO,SATELITAL,ALTA DISPONIBILIDAD,,OFF,Starlink,,EMPRESARIAL,EAC,CORTESÍA,CANCELADA,0.00,S/D,,,,,
SO56463,XCIEN,ENERO,24/1/2026,,,NANCY FUENTES,IRIS RAMÍREZ,,FLETES 3H,"Sandur, AD-SL, FLETES 3H, SITIO FLETES 3H ALLENDE NUEVO LEON",,0,,0,SÍ,NO,NO,SATELITAL,ALTA DISPONIBILIDAD,,OFF,Starlink,,EMPRESARIAL,EAC,CORTESÍA,NO,0.00,S/D,,,,,
SO56419,XCIEN,ENERO,24/1/2026,27/1/2026,SI,CECILIA NUÑEZ,JONATHAN TORRES,,INMOBILIARIA RIO RICO,"Sandur, SIDP-40, INMOBILIARIA RIO RICO, SITIO VILLA MAGNA",,"3,800",,"3,800",SÍ,NO,NO,DEDICADO,DEDICADO,40,ON,Mecasa Ramos,36,EMPRESARIAL,EAC,RENOVACIÓN,NO,"136,800.00",SÍ,2678198,,PAGADA,9/2/2026,
SO56463,XCIEN,ENERO,22/1/2026,,CANCELADA,KEVIN TORRES,DAVID REYES,CARLOS ALONSO,EXPEREO DE MEXICO,"Sandur, SIDP-500, EXPEREO DE MEXICO, Atlas Copco (Belgium) - El Pueblito - 2|","[Offnet:SO56285] Sandur, SIDP-500, EXPEREO DE MEXICO","21,000",,"21,000",SÍ,NO,SÍ,DEDICADO,DEDICADO,500,OFF,IENTC,36,EMPRESARIAL,VENTA DIRECTA,UPSALE,CANCELADA,"756,000.00",SÍ,,,,,
SO56392,LUMINET,ENERO,26/1/2026,4/2/2026,SI,CECILIA NUÑEZ,OSCAR RIVERA,,GOBIERNO DEL ESTADO DE COAHUILA DE ZARAGOZA SF,"Luminet, SST-S, GOBIERNO DEL ESTADO DE COAHUILA DE ZARAGOZA SF, Atencion Ciudadana",,0,,0,SÍ,NO,NO,,,,N/A,,,GOBIERNO,OTRO,VENTA DE EQUIPO,NO,0.00,S/D,2607833,,PAGADA,9/2/2026,
SO55619,LUMINET,ENERO,26/1/2026,11/2/2026,SI,KEVIN TORRES,OSCAR RIVERA,,FISCALIA GENERAL DEL ESTADO DE COAHUILA DE ZARAGOZA,"30 radios, [SIN PRODUCTO], FISCALIA GENERAL DEL ESTADO DE COAHUILA DE ZARAGOZA, CENTRO METROPOILITANO",,,"167,791","167,791",SÍ,NO,NO,,,,N/A,,12,GOBIERNO,OTRO,VENTA DE EQUIPO,NO,0.00,S/D,2607573,,PAGADA,30/1/2026,
SO56402,LUMINET,ENERO,23/1/2026,30/1/2026,SI,CECILIA NUÑEZ,FELIPE CAZARES,CARLOS ALONSO,GLOBOS Y FIGURAS,"Sandur, SIMP-15, GLOBOS Y FIGURAS, SITIO MELCHOR OCAMPO","[SO56402] Sandur, SIMP-15, GLOBOS Y FIGURAS","1,279",,"1,279",SÍ,NO,SÍ,PYME,PYME,15,ON,Purisima,36,EMPRESARIAL,VENTA DIRECTA,UPSALE,SÍ,"46,044.00",SÍ,2678350,,PENDIENTE PAGO,,
SO56444,HUUS,ENERO,26/1/2026,30/1/2026,SI,NANCY FUENTES,RAFAEL PÉREZ,FRANCISCO VILLATORO,GRUPO IYOLIC,"HUUS, SIDP-20, GRUPO IYOLIC, SITIO: TEPOTZOTLAN BODEGA 2","[SO56444] HUUS, SIDP-20, GRUPO IYOLIC","2,100",,"2,100",SÍ,SÍ,SÍ,DEDICADO,DEDICADO,20,ON,Xochimiquia,36,EMPRESARIAL,VENTA DIRECTA,UPSALE,SÍ,"75,600.00",SÍ,2617164,,PAGADA,12/1/2026,
SO56103,HUUS,ENERO,26/1/2026,27/1/2026,SI,NANCY FUENTES,DANIEL GONZÁLEZ,,EXCELENCIA EN INSPECCION RAGA,"HUUS, SID-20, EXCELENCIA EN INSPECCION RAGA, SITIO: CUAUTITLAN",,"-1,699",,"-1,699",SÍ,NO,NO,DEDICADO,DEDICADO,20,ON,San Mateo,,EMPRESARIAL,EAC,DECREMENTO,NO,0.00,S/D,2617772,,PENDIENTE PAGO,,
SO55824,LUMINET,ENERO,27/1/2026,10/2/2026,SI,CECILIA NUÑEZ,ANA GARZA,,AUNDE SALTILLO,"Luminet, SIDP-100, AUNDE SALTILLO, Sitio Microparque Aeropuerto",,"-1,000",,"-1,000",SÍ,NO,NO,DEDICADO,DEDICADO,100,ON,Loft,12,EMPRESARIAL,EAC,DECREMENTO,NO,"-12,000.00",SÍ,2607840,,PAGADA,18/2/2026,
SO56151,XCIEN,ENERO,27/1/2026,7/2/2026,SI,CECILIA NUÑEZ,PEDRO MARTÍNEZ,LEONARDO RODRÍGUEZ,HARBISONWALKER INTERNATIONAL,"Sandur, SIDP-100, HARBISONWALKER INTERNATIONAL, SITIO HARBISONWALKER INTERNACIONAL","[SO56151] Sandur, SIDP-100, HARBISONWALKER INTERNATIONAL","1,601",,"1,601",SÍ,NO,NO,DEDICADO,DEDICADO,100,ON,Norte,36,EMPRESARIAL,VENTA DIRECTA,UPGRADE,SÍ,"57,636.00",SÍ,2678370,,PAGADA,2/3/2026,
SO56506,LUMINET,ENERO,27/1/2026,11/2/2026,SI,NANCY FUENTES,LEONARDO RODRÍGUEZ,,AGROPECUARIA EL HUIZACHE,"Luminet, CDD, AGROPECUARIA EL HUIZACHE, SITIO:GOLFO AGROPECUARIA EL HUIZACHE",,,"2,999","2,999",SÍ,NO,NO,,,,ON,Industrial Apodaca,,EMPRESARIAL,EAC,CAMBIO DE DOMICILIO,NO,0.00,NO,2607845,,PAGADA,19/2/2026,
SO56458,HUUS,ENERO,26/1/2026,13/2/2026,SI,NANCY FUENTES,GERARDO DE LA PUENTE,FRANCISCO VILLATORO,COMERCIALIZADORA FARMACÉUTICA DE CHIAPAS,"HUUS, SIDP-20, COMERCIALIZADORA FARMACÉUTICA DE CHIAPAS, SITIO: 3594","[SO56458] HUUS, SIDP-20, COMERCIALIZADORA FARMACEUTICA DE CHIAPAS","3,000",,"3,000",SÍ,NO,SÍ,DEDICADO,DEDICADO,20,ON,Acuna Steren,12,EMPRESARIAL,VENTA DIRECTA,UPSALE,SÍ,"36,000.00",SÍ,2617739,,PENDIENTE PAGO,,
SO56410,LUMINET,ENERO,28/1/2026,9/2/2026,SI,CECILIA NUÑEZ,OSCAR RIVERA,,GOBIERNO DEL ESTADO DE COAHUILA DE ZARAGOZA SF,"Luminet, SST-S, GOBIERNO DEL ESTADO DE COAHUILA DE ZARAGOZA SF, Quinta encino Ramos Arizpe",,"3,900",,"3,900",SÍ,NO,NO,,,,N/A,,,GOBIERNO,OTRO,VENTA DE EQUIPO,NO,0.00,S/D,2607846,,PAGADA,18/2/2026,
SO56116,XCIEN,ENERO,28/1/2026,4/2/2026,SI,KEVIN TORRES,LEONARDO RODRÍGUEZ,,ALVARO DIAZ GONZALEZ,"Sandur, CV(V)- PBE-5AC-GEN2, ALVARO DIAZ GONZALEZ, SITIO: NOGAL 141",,,"1,500","1,500",SÍ,NO,NO,,,,N/A,,,GOBIERNO,OTRO,VENTA DE EQUIPO,NO,0.00,S/D,267681,,PAGADA,4/2/2026,
SO56537,XCIEN,ENERO,28/1/2026,18/2/2026,SI,CECILIA NUÑEZ,LEONARDO RODRÍGUEZ,,TRANSPORTES LOGISTICOS ESPECIALIZADOS,"Sandur, SIDP-300, TRANSPORTES LOGISTICOS ESPECIALIZADOS, SITIO:TLE PATIO GUADALUPE // MIGRACION A RB JUAREZ BLANCAS",,0,,0,SÍ,NO,NO,DEDICADO,DEDICADO,300,ON,Juárez Blancas,,EMPRESARIAL,EAC,MIGRACIÓN,NO,0.00,S/D,2679990,,PAGADA,19/3/2026,Migración de servicio de RB Silva II a RB Juárez Blancas por temas aministrativos//Se solicita factura
SO55713,XCIEN,ENERO,28/1/2026,5/2/2026,SI,SERGIO ABREGO,IRIS RAMÍREZ,IRIS RAMÍREZ, KARLA ALEJANDRA HERNANDEZ MORENO,"Sandur, SA-WIFI-eero2P, KARLA ALEJANDRA HERNANDEZ MORENO, SITIO: LOUVRE 234","[SO55713] Sandur, SA-WIFI-eero2P, KARLA ALEJANDRA HERNANDEZ MORENO",560,,560,SÍ,NO,NO,SERVICIOS ADMINISTRADOS,WIFI ADMINISTRADO,,N/A,,12,EMPRESARIAL,EAC,UPSALE,SÍ,"6,724.08",SÍ,2678368,,PAGADA,2/3/2026,
SO55641,LUMINET,ENERO,29/1/2026,29/1/2026,SI,CECILIA NUÑEZ,CARLOS ALONSO,,AUTOLINEAS BILCEN,"Luminet, SIDP-50, AUTOLINEAS BILCEN, PIRULES ARTEAGA FASE 1 BLINDAJE",,0,,0,SÍ,NO,NO,DEDICADO,DEDICADO,50,ON,Saltillo Oriente,24,EMPRESARIAL,EAC,RENOVACIÓN,NO,0.00,SÍ,2607574,,PAGADA,10/2/2026,
SO56512,XCIEN,ENERO,29/1/2026,29/1/2026,SI,CECILIA NUÑEZ,JAIME GARZA,IRIS RAMÍREZ,COMERCIALIZACION Y PREFABRICADOS COMPRE,"Sandur, SIDP-50, COMERCIALIZACION Y PREFABRICADOS COMPRE, SITIO COMPRE REYNOSA","[SO56512] Sandur, SIDP-50, COMERCIALIZACION Y PREFABRICADOS COMPRE","1,600",,"1,600",SÍ,NO,NO,DEDICADO,DEDICADO,50,ON,Mecasa Burgos,36,EMPRESARIAL,VENTA DIRECTA,UPGRADE,SÍ,"57,600.00",SÍ,2676823,,PAGADA,29/1/2023,
SO55309,HUUS,ENERO,29/1/2026,26/2/2026,SI,NANCY FUENTES,ADRIANA CABALLERO,FRANCISCO VILLATORO, COMERCIALIZADORA GAB,"HUUS, SIDP-30, COMERCIALIZADORA GAB, Sitio: Cuautitlán Izcalli, México","[Offnet:SO55309] HUUS, SIDP-30, COMERCIALIZADORA GAB","5,833",,"5,833",NO,SÍ,SÍ,DEDICADO,DEDICADO,30,OFF,Comunicalo,12,EMPRESARIAL,VENTA DIRECTA,PRIMERA VENTA,SÍ,"69,996.00",SÍ,2617756,,PAGADA,17/3/2026,
SO56588,HUUS,ENERO,29/1/2026,3/2/2026,SI,NANCY FUENTES,FRANCISCO VILLATORO,,LOGIC PALACIOS,"HUUS, SID-5, LOGIC PALACIOS, Sitio: Tultitlan",,,0,0,SÍ,NO,NO,DEDICADO,DEDICADO,5,ON,Xochimiquia,,EMPRESARIAL,EAC,MIGRACIÓN,NO,0.00,S/D,,,PENDIENTE ELABORACIÓN,,
SO56540,XCIEN,ENERO,29/1/2026,16/2/2026,SI,CECILIA NUÑEZ,LEONARDO RODRÍGUEZ,, MULTISERVICIO LA ESPERANZA,"Sandur, SID-10, MULTISERVICIO LA ESPERANZA, SITIO: GOODPRICE LA REYNOSA // MIGRACION A RB JUAREZ BLANCAS",,0,,0,SÍ,NO,NO,DEDICADO,DEDICADO,10,ON,Juárez Blancas,,EMPRESARIAL,EAC,MIGRACIÓN,NO,0.00,S/D,2679991,,PAGADA,19/3/2026,Migración de servicio de RB Silva II a RB Juárez Blancas por temas aministrativos//Se solicita factura
SO56541,XCIEN,ENERO,30/1/2026,,CANCELADA,CECILIA NUÑEZ,LEONARDO RODRÍGUEZ,,CECILIA FLORES CARRILLO,"Sandur, SIP-15, CECILIA FLORES CARRILLO, SITIO CECILIA FLORES // MIGRACION A RB JUAREZ BLANCAS",,0,,0,SÍ,NO,NO,PYME,PROFESIONAL,15,ON,Juárez Blancas,,EMPRESARIAL,EAC,MIGRACIÓN,CANCELADA,0.00,S/D,,,,,Migración de servicio de RB Silva II a RB Juárez Blancas por temas aministrativos
SO56502,LUMINET,ENERO,30/1/2026,4/2/2026,SI,CECILIA NUÑEZ,FELIPE CAZARES,DANIEL GONZÁLEZ,BACKBONE TECHNOLOGIES,"Sandur, SIDP-100, BACKBONE TECHNOLOGIES, SITIO  DUDEK ISIDRO LOPEZ ZERTUCHE","[SO56502] Sandur, SIDP-100, BACKBONE TECHNOLOGIES","1,000",,"1,000",SÍ,NO,NO,DEDICADO,DEDICADO,100,ON,Jolla,36,EMPRESARIAL,VENTA DIRECTA,UPSALE,SÍ,"36,000.00",SÍ,2678388,,PAGADA,17/2/2026,
SO56498,LUMINET,ENERO,30/1/2026,5/2/2026,SI,CECILIA NUÑEZ,ALEJANDRO ESPARZA,,Secundaria #8 Profr Juan Garza Garza,"Luminet, SIMP-10, Secundaria #8 Profr Juan Garza Garza, Sec #8 Laboratorio de computación",,0,,0,NO,SÍ,SÍ,PYME,PYME,10,ON,Pda,,GOBIERNO,OTRO,DEMO,NO,0.00,NO,2607836,,PAGADA,9/2/2026,
SO56179,HUUS,ENERO,30/1/2026,10/3/2026,SI,NANCY FUENTES,GERARDO DE LA PUENTE,FRANCISCO VILLATORO,DEREMATE.COM DE MEXICO,"HUUS, SIDP-100, DEREMATE.COM DE MEXICO, SITIO: CROSS D QUERETARO","[SO56179] HUUS, SIDP-100, DEREMATE.COM DE MEXICO","12,500",,"12,500",SÍ,SÍ,SÍ,DEDICADO,DEDICADO,100,ON,Colorado,36,EMPRESARIAL,DISTRIBUIDOR,UPSALE,SÍ,"450,000.00",SÍ,,,PENDIENTE ELABORACIÓN,,
SO56483,HUUS,ENERO,30/1/2026,9/2/2026,SI,NANCY FUENTES,ROBERTO GALINDO,FRANCISCO VILLATORO,JUAN CARLOS LOPEZ PATRICIO,"HUUS, SIDP-100, JUAN CARLOS LOPEZ PATRICIO, Torre","[SO56483] HUUS, SIDP-100, JUAN CARLOS LOPEZ PATRICIO","3,000",,"3,000",SÍ,SÍ,NO,DEDICADO,DEDICADO,100,ON,Coyotepec,36,EMPRESARIAL,VENTA DIRECTA,UPGRADE,SÍ,"108,000.00",SÍ,2617767,,PAGADA,12/3/2026,
SO55949,HUUS,ENERO,30/1/2026,10/2/2026,SI,EDWIN GARZA,RAFAEL PÉREZ,FRANCISCO VILLATORO,MONICA ELENA ARCE DIAZ,"HUUS, SIDP-30, MONICA ELENA ARCE DIAZ, SITIO: OJO DE AGUA","[SO55949] HUUS, SIDP-30, MONICA ELENA ARCE DIAZ","3,200",,"3,200",NO,SÍ,SÍ,DEDICADO,DEDICADO,30,ON,Xochimiquia,36,EMPRESARIAL,VENTA DIRECTA,PRIMERA VENTA,SÍ,"115,200.00",SÍ,2617172,,PAGADA,3/3/2026,
SO54559,HUUS,ENERO,30/1/2026,10/4/2026,SI,NANCY FUENTES,RAFAEL PÉREZ,FRANCISCO VILLATORO,SITIO DE TAXIS AMPLIACION LOS REMEDIOS,"HUUS, SIDP-20, NIFEED SYSTEMS, SITIO: NAUCALPAN","[SO54559] HUUS, SIDP-20, SITIO DE TAXIS AMPLIACION LOS REMEDIOS","1,900",,"1,900",NO,SÍ,SÍ,DEDICADO,DEDICADO,20,ON,Naucalpan,36,EMPRESARIAL,VENTA DIRECTA,PRIMERA VENTA,SÍ,"68,400.00",SÍ,,,,,
SO55062,HUUS,ENERO,30/1/2026,5/5/2026,SI,NANCY FUENTES,GERARDO DE LA PUENTE,FRANCISCO VILLATORO,DEREMATE.COM DE MEXICO,"HUUS, SRPVD-2, DEREMATE.COM DE MEXICO, Sitio: Hidalgo FO MX13","[Offnet:SO55062] HUUS, SRPVD-2, DEREMATE.COM DE MEXICO","19,361",,"19,361",SÍ,SÍ,NO,DEDICADO,DEDICADO,2000,OFF,IENTC,12,EMPRESARIAL,DISTRIBUIDOR,UPGRADE,SÍ,"232,332.00",SÍ,,,,,
SO56582,XCIEN,ENERO,30/1/2026,16/2/2026,SI,CECILIA NUÑEZ,DANIEL GONZÁLEZ,,ABASTECEDORA DE CARNES SAN GABRIEL,"MIGRACION RB JUAREZ BLANCAS Sandur, SID-10, ABASTECEDORA DE CARNES SAN GABRIEL, SITIO SUCURSAL REYNOSA - GUADALUPE, NL",,0,,0,SÍ,NO,NO,DEDICADO,DEDICADO,10,ON,Juárez Blancas,,EMPRESARIAL,EAC,MIGRACIÓN,NO,0.00,S/D,2679992,,PAGADA,19/3/2026,Migración de servicio de RB Silva II a RB Juárez Blancas por temas aministrativos//Se solicita factura
SO56580,XCIEN,ENERO,30/1/2026,6/2/2026,SI,CECILIA NUÑEZ,DANIEL GONZÁLEZ,,VERITIV DE MEXICO,"MIGRACION RB JUAREZ BLANCAS Sandur, SIDP-30, VERITIV DE MEXICO, La Silla Guadalupe",,0,,0,SÍ,NO,NO,DEDICADO,DEDICADO,30,ON,Juárez Blancas,,EMPRESARIAL,EAC,MIGRACIÓN,NO,0.00,S/D,2679993,,PAGADA,19/3/2026,Migración de servicio de RB Silva II a RB Juárez Blancas por temas aministrativos//Se solicita factura
SO56579,XCIEN,ENERO,30/1/2026,6/2/2026,SI,CECILIA NUÑEZ,DANIEL GONZÁLEZ,,ANDRES GUADALUPE GUARDADO MALDONADO,"MIGRACION RB JUAREZ BLANCAS Sandur, SIP-20, ANDRES GUADALUPE GUARDADO MALDONADO, SITIO ANDRÉS GUARDADO",,0,,0,SÍ,NO,NO,PYME,PROFESIONAL,20,ON,Juárez Blancas,,EMPRESARIAL,EAC,MIGRACIÓN,NO,0.00,S/D,2679994,,PAGADA,19/3/2026,Migración de servicio de RB Silva II a RB Juárez Blancas por temas aministrativos//Se solicita factura
SO56578,XCIEN,ENERO,30/1/2026,6/2/2026,SI,CECILIA NUÑEZ,DANIEL GONZÁLEZ,,GUSTAVO CAVAZOS TIJERINA,"MIGRACION RB JUAREZ BLANCAS Sandur, SIRPA-20/10, GUSTAVO CAVAZOS TIJERINA, SITIO GUSTAVO CAVAZOS",,0,,0,SÍ,NO,NO,PYME,PROFESIONAL,20,ON,Juárez Blancas,,EMPRESARIAL,EAC,MIGRACIÓN,NO,0.00,S/D,2679995,,PAGADA,19/3/2026,Migración de servicio de RB Silva II a RB Juárez Blancas por temas aministrativos//Se solicita factura
SO56594,XCIEN,ENERO,30/1/2026,19/2/2026,SI,SERGIO ABREGO,CLAUDIA NIETO,,JHONY GABRIEL COLLAZO COLLAZO,"Sandur, SIP-30x15, JHONY GABRIEL COLLAZO COLLAZO, SITIO PABLILLO",,0,,0,NO,SÍ,SÍ,PYME,PYME,30,ON,Pda,,,OTRO,CORTESÍA,NO,0.00,S/D,2678404,,PAGADA,20/2/2026,
SO53690,HUUS,ENERO,30/1/2026,27/2/2026,SI,NANCY FUENTES,ADRIANA CABALLERO,FRANCISCO VILLATORO,MÉXICO SONAVOX ELECTRONICS CO,"HUUS, SIDP-50, MÉXICO SONAVOX ELECTRONICS, SiTIO: HUAMANTLA, TLAX","[Offnet:SO53690] HUUS, SIDP-50, MÉXICO SONAVOX ELECTRONICS CO","7,391",,"7,391",NO,SÍ,SÍ,DEDICADO,DEDICADO,50,OFF,Comunicalo,12,EMPRESARIAL,VENTA DIRECTA,PRIMERA VENTA,SÍ,"88,692.00",SÍ,2617752,,PAGADA,26/3/2026,
SO56450,HUUS,ENERO,30/1/2026,24/2/2026,SI,CECILIA NUÑEZ,CARLOS ALONSO,FRANCISCO VILLATORO,FERRESANPA,"HUUS, SIDP-30, FERRESANPA, Sitio: Iztacalco","[Offnet:SO56450] HUUS, SIDP-30, FERRESANPA",431,,431,SÍ,NO,NO,DEDICADO,DEDICADO,30,OFF,Comunicalo,18,EMPRESARIAL,EAC,UPGRADE,SÍ,"7,758.00",SÍ,2617737,,PAGADA,5/4/2026,
SO56520,HUUS,ENERO,31/1/2026,6/2/2026,SI,CECILIA NUÑEZ,FRANCISCO VILLATORO,,COMERCIALIZADORA FARMACEUTICA DE CHIAPAS,"HUUS, SID-10, COMERCIALIZADORA FARMACEUTICA DE CHIAPAS, JARDINES DEL CAMPESTRE / ID 3511",,0,,0,SÍ,NO,NO,DEDICADO,DEDICADO,10,OFF,Nidix,,EMPRESARIAL,EAC,MIGRACIÓN,NO,0.00,S/D,,,PENDIENTE ELABORACIÓN,,Se cambia de proveedor T1 a Nidix por fallas con el proveedor
SO56521,HUUS,ENERO,31/1/2026,6/2/2026,SI,CECILIA NUÑEZ,FRANCISCO VILLATORO,,COMERCIALIZADORA FARMACEUTICA DE CHIAPAS,"HUUS, SID-5, COMERCIALIZADORA FARMACEUTICA DE CHIAPAS, Paseo de la Victoria 3156",,0,,0,SÍ,NO,NO,DEDICADO,DEDICADO,5,OFF,Nidix,,EMPRESARIAL,EAC,MIGRACIÓN,NO,0.00,S/D,,,PENDIENTE ELABORACIÓN,,Se cambia de proveedor T1 a Nidix por fallas con el proveedor
SO56543,XCIEN,FEBRERO,3/2/2026,3/2/2026,SI,CECILIA NUÑEZ,DANIEL GONZÁLEZ,,INTERMEX MANUFACTURA DE CHIHUAHUA,"Sandur, CDD, INTERMEX MANUFACTURA DE CHIHUAHUA, SITIO  NIFCO KOREA",,,"1,990","1,990",SÍ,NO,NO,,,,ON,Mirasur,,EMPRESARIAL,EAC,CAMBIO DE DOMICILIO,NO,0.00,NO,2679981,,PENDIENTE PAGO,,
SO56576,XCIEN,FEBRERO,3/2/2026,6/2/2026,SI,CECILIA NUÑEZ,CARLOS ALONSO,,ABASTECEDORA DE COMBUSTIBLES SALTILLO,"Migración RB Juárez Blancas Sandur, SID-20, ABASTECEDORA DE COMBUSTIBLES SALTILLO, SITIO: VALLE SOLEADO",,0,,0,SÍ,NO,NO,DEDICADO,DEDICADO,20,ON,Juárez Blancas,,EMPRESARIAL,EAC,MIGRACIÓN,NO,0.00,S/D,2679996,,PAGADA,19/3/2026,Migración de servicio de RB Silva II a RB Juárez Blancas por temas aministrativos//Se solicita factura
SO56010,XCIEN,FEBRERO,4/2/2026,13/2/2026,SI,SERGIO ABREGO,TIRSO ROMERO,CARLOS ALONSO,TRANSPORTES LAR MEX,"Sandur, SIDP-40, TRANSPORTES LAR MEX, SITIO: LARMEX SLP PATIO 2","[SO56010] Sandur, SIDP-40, TRANSPORTES LAR MEX","5,000",,"5,000",SÍ,NO,SÍ,DEDICADO,DEDICADO,40,ON,San Antonio TRM2,36,EMPRESARIAL,VENTA DIRECTA,UPSALE,SÍ,"180,000.00",SÍ,2678386,,PAGADA,20/2/2026,
SO56169,XCIEN,FEBRERO,4/2/2026,12/2/2026,SI,SERGIO ABREGO,LEONARDO RODRÍGUEZ,,EQUIPOS Y MULTISERVICIOS INDUSTRIALES MONTERREY,"Sandur, S-REUB-EQ, EQUIPOS Y MULTISERVICIOS INDUSTRIALES MONTERREY, SITIO: CENTRO LOGISTICO LIBRAMIENTO 2",,,990,990,SÍ,NO,NO,,,,ON,,,EMPRESARIAL,EAC,REUBICACIÓN,NO,0.00,NO,,,CANCELADA,,
SO56586,XCIEN,FEBRERO,4/2/2026,6/2/2026,SI,CECILIA NUÑEZ,IRIS RAMÍREZ,,INTERMETROPOLITANA DE VIVIENDA,"Sandur, SRPV-10, INTERMETROPOLITANA DE VIVIENDA, BO Santa Anita (Tercer Enlace), Migracion  RB Juarez Blancas",,0,,0,SÍ,NO,NO,SERVICIOS ADMINISTRADOS,RED PRIVADA,10,ON,Juárez Blancas,,EMPRESARIAL,EAC,MIGRACIÓN,NO,0.00,S/D,2680009,,PAGADA,19/3/2026,Migración de servicio de RB Silva II a RB Juárez Blancas por temas aministrativos//Se solicita factura
SO56577,XCIEN,FEBRERO,4/2/2026,6/2/2026,SI,CECILIA NUÑEZ,IRIS RAMÍREZ,,FOMENTO EMPRESARIAL INMOBILIARIO,"Sandur, SRPV-10, FOMENTO EMPRESARIAL INMOBILIARIO, BO VALMORAL 4 // Migracion de RB Juarez Blancas",,0,,0,SÍ,NO,NO,SERVICIOS ADMINISTRADOS,RED PRIVADA,10,ON,Juárez Blancas,,EMPRESARIAL,EAC,MIGRACIÓN,NO,0.00,S/D,2679997,,PAGADA,19/3/2026,Migración de servicio de RB Silva II a RB Juárez Blancas por temas aministrativos//Se solicita factura
SO56585,XCIEN,FEBRERO,4/2/2026,6/2/2026,SI,CECILIA NUÑEZ,IRIS RAMÍREZ,,FOMENTO EMPRESARIAL INMOBILIARIO,"Sandur, SRPV-10, FOMENTO EMPRESARIAL INMOBILIARIO, CV CONSTANZA // Migracion de RB Juarez Blancas",,0,,0,SÍ,NO,NO,SERVICIOS ADMINISTRADOS,RED PRIVADA,10,ON,Juárez Blancas,,EMPRESARIAL,EAC,MIGRACIÓN,NO,0.00,S/D,2680010,,PAGADA,19/3/2026,Migración de servicio de RB Silva II a RB Juárez Blancas por temas aministrativos//Se solicita factura
SO56584,XCIEN,FEBRERO,4/2/2026,6/2/2026,SI,CECILIA NUÑEZ,IRIS RAMÍREZ,,FOMENTO EMPRESARIAL INMOBILIARIO,"Sandur, SRPV-10, FOMENTO EMPRESARIAL INMOBILIARIO, CV VALMORAL // Migracion de RB Juarez Blancas",,0,,0,SÍ,NO,NO,SERVICIOS ADMINISTRADOS,RED PRIVADA,10,ON,Juárez Blancas,,EMPRESARIAL,EAC,MIGRACIÓN,NO,0.00,S/D,2680011,,PAGADA,19/3/2026,Migración de servicio de RB Silva II a RB Juárez Blancas por temas aministrativos//Se solicita factura
SO54647,XCIEN,FEBRERO,4/2/2026,6/2/2026,SI,CECILIA NUÑEZ,JORGE DE LA GARZA,CARLOS ALONSO,KSO CAPITAL,"Sandur, SIDP-200, KSO CAPITAL, SITIO: EDIFICIO BH","[SO54647] Sandur, SIDP-200, KSO CAPITAL","4,000",,"4,000",SÍ,NO,NO,DEDICADO,DEDICADO,200,ON,Capitolio,36,EMPRESARIAL,VENTA DIRECTA,UPGRADE,SÍ,"144,000.00",SÍ,2678369,,PAGADA,13/2/2026,
SO56611,XCIEN,FEBRERO,4/2/2026,6/2/2026,SI,CECILIA NUÑEZ,FRANCISCO VILLATORO,,APOYO ECONOMICO FAMILIAR,"MIGRACION RADIO BASE JUAREZ BLANCAS - HUUS, SIMPS-30, APOYO ECONOMICO FAMILIAR, SunMall",,0,,0,SÍ,NO,NO,PYME,PYME,30,ON,Juárez Blancas,,EMPRESARIAL,EAC,MIGRACIÓN,NO,0.00,S/D,,,PENDIENTE ELABORACIÓN,,Migración de servicio de RB Silva II a RB Juárez Blancas por temas aministrativos//Se solicita factura
SO56658,XCIEN,FEBRERO,4/2/2026,6/2/2026,SI,EDWIN GARZA,DANIEL GONZÁLEZ,,FOMENTO EMPRESARIAL INMOBILIARIO,"Sandur, CDD, FOMENTO EMPRESARIAL INMOBILIARIO, BO VALMORAL 5",,0,,0,SÍ,NO,NO,,,,ON,Silva II,,EMPRESARIAL,EAC,CAMBIO DE DOMICILIO,NO,0.00,NO,2678359,,PAGADA,9/2/2026,
SO56401,HUUS,FEBRERO,4/2/2026,7/2/2026,SI,NANCY FUENTES,FRANCISCO VILLATORO,,PLASTIHOME WL,"HUUS, CDD, PLASTIHOME WL, SITIO TEPOTZOTLAN",,,"2,900","2,900",SÍ,NO,NO,,,,ON,Xochimiquia,,EMPRESARIAL,EAC,CAMBIO DE DOMICILIO,NO,0.00,NO,,,PENDIENTE ELABORACIÓN,,
SO50874,XCIEN,FEBRERO,4/2/2026,11/3/2026,SI,CECILIA NUÑEZ,DAVID REYES,IRIS RAMÍREZ,LatWan Europe OÜ,"Sandur, SIDP-50 + AD, LatWan Europe OÜ, Irapuato","[SO50874] Sandur, SIDP-50 + AD, LatWan Europe OÜ","7,000",,"7,000",NO,SÍ,SÍ,DEDICADO,DEDICADO/AD,50,ON,Cubilete,36,EMPRESARIAL,VENTA DIRECTA,PRIMERA VENTA,SÍ,"252,000.00",SÍ,2679975,,PENDIENTE PAGO,,
SO54684,XCIEN,FEBRERO,4/2/2026,11/2/2026,SI,KEVIN TORRES,TIRSO ROMERO,CARLOS ALONSO,HYUNDAI GLOVIS MÉXICO,"Sandur, SIDP-100 + AD, HYUNDAI GLOVIS MÉXICO, SITIO: GLOVIS QUERETARO","[SO54684] Sandur, SIDP-100 + AD, HYUNDAI GLOVIS MÉXICO","9,300",,"9,300",SÍ,SÍ,SÍ,DEDICADO,DEDICADO/AD,100,ON,Juriquilla,36,EMPRESARIAL,VENTA DIRECTA,PRIMERA VENTA,SÍ,"334,800.00",SÍ,2678389,,PENDIENTE PAGO,,
SO55902,LUMINET,FEBRERO,5/2/2026,17/2/2026,SI,FRANCISCO ALDAY,OSCAR RIVERA,,,,,,"47,559","47,559",,,,,,,N/A,,,,,,NO,0.00,S/D,2607834,,PAGADA,17/2/2026,Se confirma venta para que se pueda facturar renovación 2026
SO56684,LUMINET,FEBRERO,5/2/2026,,SI,CECILIA NUÑEZ,ALEJANDRO ESPARZA,,,,,,"2,023,844","2,023,844",,,,,,,N/A,,,,,,NO,0.00,S/D,,,,,Se confirma venta para elaboración de factura
SO56617,XCIEN,FEBRERO,5/2/2026,23/2/2025,SI,CECILIA NUÑEZ,IRIS RAMÍREZ,,ADN ENERGIA,"Sandur, AD-SL, ADN ENERGIA, SITIO: CADEREYTA",,0,,0,SÍ,NO,NO,SATELITAL,ALTA DISPONIBILIDAD,,N/A,,,EMPRESARIAL,EAC,MIGRACIÓN,NO,0.00,S/D,2679937,,PAGADA,3/3/2026,Se pasan a habilitar oportunidades sin contrato por tema de fallas en la RB Allende
SO56501,XCIEN,FEBRERO,5/2/2026,8/5/2026,SI,NANCY FUENTES,LEONARDO RODRÍGUEZ,,CONTROL DE EMISIONES AREMAR,"Sandur, SVOZ-P1, CONTROL DE EMISIONES AREMAR, SITIO: APODACA",,0,,0,SÍ,NO,NO,SERVICIOS ADMINISTRADOS,TELEFONÍA,,N/A,,,EMPRESARIAL,EAC,MIGRACIÓN,NO,0.00,S/D,,,,,Migración de servicio de telefonía
SO56569,XCIEN,FEBRERO,6/2/2026,17/2/2026,SI,SERGIO ABREGO,PEDRO PAEZ,CARLOS ALONSO,COMPAÑIA ACQUA BENE DE MEXICO,"Sandur, SIDP-50, COMPAÑIA ACQUA BENE DE MEXICO, SITIO SAN MIGUEL","[SO56569] Sandur, SIDP-50, COMPAÑIA ACQUA BENE DE MEXICO",800,,800,SÍ,NO,NO,DEDICADO,DEDICADO,50,ON,Mitras,36,EMPRESARIAL,VENTA DIRECTA,UPGRADE,SÍ,"28,800.00",SÍ,2678400,,PAGADA,26/2/2026,
SO56448,HUUS,FEBRERO,6/2/2026,,CANCELADA,NANCY FUENTES,DANIEL GONZÁLEZ,,MOTHERSON SAS AUTOMOTIVE MODULE SERVICES MEXICO,"HUUS, CDD, MOTHERSON SAS AUTOMOTIVE MODULE SERVICES MEXICO, Derramadero Industrial Park",,,"2,990","2,990",SÍ,NO,NO,,,,ON,,,EMPRESARIAL,EAC,CAMBIO DE DOMICILIO,CANCELADA,0.00,NO,,,PENDIENTE ELABORACIÓN,,
SO56690,XCIEN,FEBRERO,6/2/2026,6/2/2026,SI,CECILIA NUÑEZ,JONATHAN TORRES,,TRANSPORTES ESPECIALIZADOS SAN ROBERTO,"MIGRACION RB JUAREZ BLANCAS / Sandur, SID-10, TRANSPORTES ESPECIALIZADOS SAN ROBERTO, SITIO: SAN ROQUE",,0,,0,SÍ,NO,NO,DEDICADO,DEDICADO,10,ON,Juárez Blancas,,EMPRESARIAL,EAC,MIGRACIÓN,NO,0.00,S/D,2679998,,PAGADA,19/3/2026,Migración de servicio de RB Silva II a RB Juárez Blancas por temas aministrativos//Se solicita factura
SO56689,XCIEN,FEBRERO,6/2/2026,12/2/2026,SI,NANCY FUENTES,GERARDO DE LA GARZA,JONATHAN TORRES,SEMINARIO DE MONTERREY NUEVO LEON,"Sandur, SIDP-50 + AD, SEMINARIO DE MONTERREY NUEVO LEON, SITIO: CENTRO VOCACIONAL HIDALGO","[SO56689] Sandur, SIDP-50 + AD, SEMINARIO DE MONTERREY NUEVO LEON","5,800",,"5,800",SÍ,NO,SÍ,DEDICADO,DEDICADO/AD,50,ON,Purisima,36,EMPRESARIAL,VENTA DIRECTA,UPSALE,SÍ,"208,800.00",SÍ,2678393,,PAGADA,20/2/2026,
SO56400,HUUS,FEBRERO,6/2/2026,23/2/2026,SI,NANCY FUENTES,ADRIANA CABALLERO,FRANCISCO VILLATORO,GRUPO COMERCIAL DE MEXICO,"HUUS, SIS-50-10-ilimitado, GRUPO COMERCIAL DE MEXICO, SITIO: CHIHUAHUA","[SO56400] HUUS, SIS-50-10-ilimitado, GRUPO COMERCIAL DE MEXICO","5,500",,"5,500",SÍ,SÍ,SÍ,SATELITAL,SATELITAL,50,OFF,Starlink,12,EMPRESARIAL,VENTA DIRECTA,UPSALE,SÍ,"66,000.00",SÍ,2617742,,PENDIENTE PAGO,,
SO56421,XCIEN,FEBRERO,6/2/2026,21/2/2026,SI,SERGIO ABREGO,GERARDO DE LA GARZA,IRIS RAMÍREZ,SUMINISTRO INDUSTRIAL DE EQUIPOS Y PROYECTOS,"Sandur, SIDP-20, SUMINISTRO INDUSTRIAL DE EQUIPOS Y PROYECTOS, SITIO: SIEPSA GARCÍA","[SO56421] Sandur, SIDP-20, SUMINISTRO INDUSTRIAL DE EQUIPOS Y PROYECTOS","2,100",,"2,100",NO,SÍ,SÍ,DEDICADO,DEDICADO,20,ON,Valle de Lincoln,12,EMPRESARIAL,VENTA DIRECTA,PRIMERA VENTA,SÍ,"25,200.00",SÍ,2678409,,PAGADA,11/3/2026,
SO56133,XCIEN,FEBRERO,6/2/2026,6/2/2026,SI,EDWIN GARZA,LEONARDO RODRÍGUEZ,,EQUIPOS Y MULTISERVICIOS INDUSTRIALES MONTERREY,"Sandur, CV_E-TIP-GS-GXP-1610, EQUIPOS Y MULTISERVICIOS INDUSTRIALES MONTERREY, SITIO: CENTRO LOGISTICO LIBRAMIENTO 2","[SO56133] Sandur, CV_E-TIP-GS-GXP-1610, EQUIPOS Y MULTISERVICIOS INDUSTRIALES MONTERREY",,"1,450","1,450",SÍ,NO,NO,,,,N/A,,,EMPRESARIAL,EAC,VENTA DE EQUIPO,NO,0.00,SÍ,2678392,,PAGADA,2/3/2026,
SO56215,XCIEN,FEBRERO,8/2/2026,3/3/2026,SI,SERGIO ABREGO,JORGE DE LA GARZA,CARLOS ALONSO,WILLI ELBE MANUFACTURING,"Sandur, SIDP-200 + AD, WILLI ELBE MANUFACTURING, Sitio: Guanajuato","[SO56215] Sandur, SIDP-200 + AD, WILLI ELBE MANUFACTURING","12,000",,"12,000",NO,SÍ,SÍ,DEDICADO,DEDICADO/AD,200,ON,Valle de Santiago III,36,EMPRESARIAL,VENTA DIRECTA,PRIMERA VENTA,SÍ,"432,000.00",SÍ,2679946,,PAGADA,17/3/2026,
SO56723,XCIEN,FEBRERO,9/2/2026,6/2/2026,SI,CECILIA NUÑEZ,JONATHAN TORRES,,HILARIO CORONADO RICO,"MIGRACIÓN RB JUAREZ BLANCAS / Sandur, SIP-20, HILARIO CORONADO RICO, SITIO CORONADO",,,0,0,SÍ,NO,NO,PYME,PROFESIONAL,20,ON,Juárez Blancas,,EMPRESARIAL,EAC,MIGRACIÓN,NO,0.00,S/D,2679999,,PAGADA,19/3/2026,Migración de servicio de RB Silva II a RB Juárez Blancas por temas aministrativos//Se solicita factura
SO56627,XCIEN,FEBRERO,9/2/2026,6/2/2026,SI,CECILIA NUÑEZ,CARLOS ALONSO,,MOTORES ELECTRICOS SUMERGIBLES DE MEXICO,"Migración RB Juárez Blancas Sandur, SIDP-100, MOTORES ELECTRICOS SUMERGIBLES DE MEXICO, SITIO: GUADALUPE 2",,,0,0,SÍ,NO,NO,DEDICADO,DEDICADO,100,ON,Juárez Blancas,,EMPRESARIAL,EAC,MIGRACIÓN,NO,0.00,S/D,2680012,,PAGADA,19/3/2026,Migración de servicio de RB Silva II a RB Juárez Blancas por temas aministrativos//Se solicita factura
SO56626,XCIEN,FEBRERO,9/2/2026,6/2/2026,SI,CECILIA NUÑEZ,CARLOS ALONSO,,MOTORES ELECTRICOS SUMERGIBLES DE MEXICO,"Migración RB Juárez Blancas Sandur Sandur, SIDP-100, MOTORES ELECTRICOS SUMERGIBLES DE MEXICO, SITIO: GUADALUPE",,,0,0,SÍ,NO,NO,DEDICADO,DEDICADO,100,ON,Juárez Blancas,,EMPRESARIAL,EAC,MIGRACIÓN,NO,0.00,S/D,,,PENDIENTE ELABORACIÓN,,Migración de servicio de RB Silva II a RB Juárez Blancas por temas aministrativos//Se solicita factura
SO56633,XCIEN,FEBRERO,9/2/2026,6/2/2026,SI,CECILIA NUÑEZ,CARLOS ALONSO,,SSM PACKAGING,"Migración RB Juárez Blancas Sandur, SIDP-50, SSM PACKAGING, SITIO:GUADALUPE",,,0,0,SÍ,NO,NO,DEDICADO,DEDICADO,50,ON,Juárez Blancas,,EMPRESARIAL,EAC,MIGRACIÓN,NO,0.00,S/D,2680000,,PAGADA,19/3/2026,Migración de servicio de RB Silva II a RB Juárez Blancas por temas aministrativos//Se solicita factura
SO56666,XCIEN,FEBRERO,9/2/2026,26/2/2026,SI,EDWIN GARZA,ALEJANDRA TELLEZ,,BH INSTALACIONES Y SERVICIOS BUENTELLO,"Sandur, SIEV-100-30, BH INSTALACIONES Y SERVICIOS BUENTELLO, PLANTA MONTEMORELOS","[SO56666] Sandur, SIEV-100-30, BH INSTALACIONES Y SERVICIOS BUENTELLO",,"15,000","15,000",NO,SÍ,SÍ,DEDICADO,EVENTUAL,100,ON,Montemorelos,,EMPRESARIAL,DISTRIBUIDOR,EVENTUAL,NO,0.00,NO,2678357,,PAGADA,10/2/2026,
,LUMINET,FEBRERO,9/2/2026,9/2/2026,SI,FRANCISCO ALDAY,JULIO PUENTE,,INTERNATIONAL MANUFACTURING SOLUTIONS OPERACIONES,"INTERNATIONAL MANUFACTURING SOLUTIONS OPERACIONES, Blvd. Cesar H. Cantú Benavides 1465, Parque Industrial Alianza- Derramadero, Saltillo, Coah, México C.P. 25304",,,"18,000","18,000",SÍ,NO,NO,DEDICADO,EVENTUAL,200,ON,,,EMPRESARIAL,VENTA DIRECTA,EVENTUAL,NO,0.00,NO,2607839,,PAGADA,10/3/2026,
SO55120,XCIEN,FEBRERO,10/2/2026,11/2/2026,SI,EDWIN GARZA,JONATHAN TORRES,JONATHAN TORRES,WURTH INDUSTRY DE MEXICO,"Sandur, SID-20, WURTH INDUSTRY DE MEXICO, SITIO WURT REYNOSA","[SO55120] Sandur, SID-20, WURTH INDUSTRY DE MEXICO",809,,809,SÍ,NO,NO,DEDICADO,DEDICADO,20,ON,Libramiento III,24,EMPRESARIAL,EAC,UPGRADE,SÍ,"19,416.00",SÍ,2678385,,PENDIENTE PAGO,,
SO56697,XCIEN,FEBRERO,10/2/2026,6/2/2026,SI,CECILIA NUÑEZ,IRIS RAMÍREZ,,BRENDA MONTALVO CORTEZ,"Sandur, SIP-15, BRENDA MONTALVO CORTEZ, SITIO LAS PALMAS // Migracion de RB Juarez Blancas",,,0,0,SÍ,NO,NO,PYME,PROFESIONAL,15,ON,Juárez Blancas,,EMPRESARIAL,EAC,MIGRACIÓN,NO,0.00,S/D,2680001,,PAGADA,19/3/2026,Migración de servicio de RB Silva II a RB Juárez Blancas por temas aministrativos//Se solicita factura
SO56691,XCIEN,FEBRERO,10/2/2026,13/2/2026,SI,EDWIN GARZA,IRIS RAMÍREZ,IRIS RAMÍREZ,CASAS JAVER,"Sandur, SPAP-RadioA-RadioB, CASAS JAVER, Traila Cumbres del Norte","[SO56691] Sandur, SPAP-RadioA-RadioB, CASAS JAVER",680,,680,SÍ,NO,NO,SERVICIOS ADMINISTRADOS,PUNTO A PUNTO,,ON,,24,EMPRESARIAL,EAC,UPSALE,SÍ,"16,320.00",SÍ,2678394,,PAGADA,27/2/2026,
SO56852,XCIEN,FEBRERO,10/2/2026,11/2/2026,SI,CECILIA NUÑEZ,LEONARDO RODRÍGUEZ,,AUTOSERVICIO SUGA,"Sandur, S-REUB-EQ, AUTOSERVICIO SUGA, Autoservicio Suga / Sitio: Magisterio",,,0,0,SÍ,NO,NO,,,,ON,,,EMPRESARIAL,EAC,REUBICACIÓN,NO,0.00,NO,2678382,,PAGADA,12/2/2026,
SO56644,XCIEN,FEBRERO,10/2/2026,19/2/2026,SI,EDWIN GARZA,PEDRO MARTÍNEZ,IRIS RAMÍREZ,MEGALOGISTICS TRANSPORTES Y SERVICIOS,"Sandur, SIDP-50 + AD, MEGALOGISTICS TRANSPORTES Y SERVICIOS, SITIO: TRAFICO","[SO56644] Sandur, SIDP-50 + AD, MEGALOGISTICS TRANSPORTES Y SERVICIOS","4,500",,"4,500",NO,SÍ,SÍ,DEDICADO,DEDICADO/AD,50,ON,El Carmen,36,EMPRESARIAL,VENTA DIRECTA,PRIMERA VENTA,SÍ,"162,000.00",SÍ,2678418,,PENDIENTE PAGO,,Servicio a prueba por 5 días para validar si con esa velocidad es suficiente o elcliente incrementa a 100
SO56746,XCIEN,FEBRERO,10/2/2026,13/2/2026,SI,EDWIN GARZA,IRIS RAMÍREZ,,CASAS JAVER,"Sandur, EPAP-RadioA-RadioB, CASAS JAVER, Sitio: VALLE DE LOS ENCINOS - OBRA",,,0,0,SÍ,NO,NO,SERVICIOS ADMINISTRADOS,PUNTO A PUNTO,,ON,,24,EMPRESARIAL,EAC,CORTESÍA,NO,0.00,SÍ,2678395,,PAGADA,17/2/2026,
SO56812,LUMINET,FEBRERO,10/2/2026,12/2/2026,SI,CECILIA NUÑEZ,FELIPE CAZARES,,LORENA ELIZABETH GONZALEZ VALDES,"Sandur, SIEV-50, LORENA ELIZABETH GONZALEZ VALDES, SITIO LOBBY MUSEO DEL DESIERTO",,,0,0,NO,SÍ,SÍ,DEDICADO,EVENTUAL,50,ON,Jolla,,EMPRESARIAL,VENTA DIRECTA,CORTESÍA,NO,0.00,S/D,2678387,,PAGADA,17/2/2026,
SO56851,XCIEN,FEBRERO,11/2/2026,12/2/2026,SI,EDWIN GARZA,IRIS RAMÍREZ,,CASAS JAVER,"Sandur, CDD, CASAS JAVER, SITIO: VALLE DE LOS ENCINOS 2",,,"1,990","1,990",SÍ,NO,NO,,,,ON,,,EMPRESARIAL,EAC,CAMBIO DE DOMICILIO,NO,0.00,NO,2678384,,PAGADA,27/2/2026,
SO56710,XCIEN,FEBRERO,11/2/2026,6/2/2026,SI,CECILIA NUÑEZ,IRIS RAMÍREZ,,LUIS GERARDO FLORES DE LA FUENTE,"Sandur, SIP-15, LUIS GERARDO FLORES DE LA FUENTE, SITIO LUIS FLORES // Migracion de RB Juarez Blancas",,,0,0,SÍ,NO,NO,PYME,PROFESIONAL,15,ON,Juárez Blancas,,EMPRESARIAL,EAC,MIGRACIÓN,NO,0.00,S/D,2680002,,PAGADA,19/3/2026,Migración de servicio de RB Silva II a RB Juárez Blancas por temas aministrativos//Se solicita factura
SO56740,XCIEN,FEBRERO,11/2/2026,6/2/2026,SI,CECILIA NUÑEZ,IRIS RAMÍREZ,,VICTOR HUGO RODRÍGUEZ JIMENEZ,"Sandur, SIP-15, VICTOR HUGO RODRÍGUEZ JIMENEZ, SITIO VICTOR RODRIGUEZ  // Migracion de RB Juarez Blancas",,,0,0,SÍ,NO,NO,PYME,PROFESIONAL,15,ON,Juárez Blancas,,EMPRESARIAL,EAC,MIGRACIÓN,NO,0.00,S/D,2680003,,PAGADA,19/3/2026,Migración de servicio de RB Silva II a RB Juárez Blancas por temas aministrativos//Se solicita factura
SO56424,LUMINET,FEBRERO,11/2/2026,21/4/2026,SI,SERGIO ABREGO,FELIPE CAZARES,JONATHAN TORRES,GB&C,"Sandur, SVOZ-EXT-N2P, GB&C, SITIO AGUILA LIBRAMIENTO OSCAR FLORES TAPIA","[SO56424] Sandur, SVOZ-EXT-N2P, GB&C","1,120",,"1,120",SÍ,SÍ,NO,SERVICIOS ADMINISTRADOS,TELEFONÍA,,OFF,N2P,24,EMPRESARIAL,VENTA DIRECTA,UPSALE,SÍ,"26,880.00",SÍ,,,,,
SO56739,XCIEN,FEBRERO,11/2/2026,6/2/2026,SI,CECILIA NUÑEZ,JONATHAN TORRES,,ERIK ALBERTO SILVA OLIVARES,"MIGRACIÓN RB JUAREZ BLANCA / Sandur, SIP-10, ERIK ALBERTO SILVA OLIVARES., SITIO VALMORAL",,,0,0,SÍ,NO,NO,PYME,PROFESIONAL,10,ON,Juárez Blancas,,EMPRESARIAL,EAC,MIGRACIÓN,NO,0.00,S/D,2680004,,PAGADA,19/3/2026,Migración de servicio de RB Silva II a RB Juárez Blancas por temas aministrativos//Se solicita factura
SO56732,LUMINET,FEBRERO,11/2/2026,13/2/2026,SI,CECILIA NUÑEZ,OSCAR RIVERA,,SISTEMA PARA EL DESARROLLO INTEGRAL DE LA FAMILIA Y PROTECCIÓN DE DERECHOS DEL ESTADO DE COAHUILA DE ZARAGOZA,"Luminet, SIDP-20, SISTEMA PARA EL DESARROLLO INTEGRAL DE LA FAMILIA Y PROTECCIÓN DE DERECHOS DEL ESTADO DE COAHUILA DE ZARAGOZA, SITIO VIRREYES",,"6,240",,"6,240",SÍ,NO,NO,DEDICADO,DEDICADO,20,ON,Loft,12,GOBIERNO,OTRO,RENOVACIÓN,NO,"74,880.00",NO,,,PENDIENTE ELABORACIÓN,,
SO56873,XCIEN,FEBRERO,11/2/2026,6/2/2026,SI,CECILIA NUÑEZ,JONATHAN TORRES,,FOMENTO EMPRESARIAL INMOBILIARIO,"MIGRACIÓN RB JUAREZ BLANCAS//Sandur, SST-S, FOMENTO EMPRESARIAL INMOBILIARIO, CV. AV. MEXICO",,,0,0,SÍ,NO,NO,,,,ON,Juárez Blancas,,EMPRESARIAL,EAC,MIGRACIÓN,NO,0.00,S/D,2680005,,PAGADA,19/3/2026,Migración de servicio de RB Silva II a RB Juárez Blancas por temas aministrativos//Se solicita factura
SO56844,XCIEN,FEBRERO,12/2/2026,13/2/2026,SI,CECILIA NUÑEZ,IRIS RAMÍREZ,IRIS RAMÍREZ,ABRAHAM OSVALDO RIOS CASTILLO,"Sandur, SIP-30x15, ABRAHAM OSVALDO RIOS CASTILLO., SITIO DANIEL FUENTES","[SO56844] Sandur, SIP-30x15, ABRAHAM OSVALDO RIOS CASTILLO.",550,,550,SÍ,SÍ,NO,PYME,PROFESIONAL,30,ON,Juárez Blancas,24,EMPRESARIAL,EAC,UPSALE,SÍ,"13,200.00",SÍ,2679956,,PAGADA,13/3/2026,
SO56889,XCIEN,FEBRERO,12/2/2026,,,SERGIO ABREGO,LEONARDO RODRÍGUEZ,,PETRO SAV LINCOLN,"Sandur, SIDP-20, PETRO SAV LINCOLN, SITIO: ESTACION BUENA VISTA // MIGRACION RB BUENA VISTA",,,0,0,SÍ,SÍ,NO,DEDICADO,DEDICADO,20,ON,El Carmen,,EMPRESARIAL,EAC,MIGRACIÓN,NO,0.00,S/D,,,,,Migración de servicio de RB Buena Vista por temas aministrativos
SO56890,XCIEN,FEBRERO,12/2/2026,,,SERGIO ABREGO,LEONARDO RODRÍGUEZ,,PETRO SAV LINCOLN,"Sandur, SIDP-20, PETRO SAV LINCOLN, SITIO: ESTACION BUENA VISTA Redundancia //MIGRACION RB BUENA VISTA",,,0,0,SÍ,SÍ,NO,DEDICADO,DEDICADO,20,ON,El Carmen,,EMPRESARIAL,EAC,MIGRACIÓN,NO,0.00,S/D,,,,,Migración de servicio de RB Buena Vista por temas aministrativos
SO56886,XCIEN,FEBRERO,12/2/2026,,,SERGIO ABREGO,LEONARDO RODRÍGUEZ,,ZAGA REPARACIONES Y REMOLQUES,"Sandur, SIDP-20, ZAGA REPARACIONES Y REMOLQUES, SITIO: MAGNUS ESCOBEDO // MIGRACION RB BUENA VISTA",,,0,0,SÍ,NO,NO,DEDICADO,DEDICADO,20,ON,Mitras,,EMPRESARIAL,EAC,MIGRACIÓN,NO,0.00,S/D,,,,,Migración de servicio de RB Buena Vista por temas aministrativos
SO56669,XCIEN,FEBRERO,12/2/2026,19/2/2026,SI,SERGIO ABREGO,JUAN ESCAMILLA,,EVENTOS AKTUM,"Sandur, SIEV-20-1, EVENTOS AKTUM, Sitio:Mercedes","[SO56669] Sandur, SIEV-20-1, EVENTOS AKTUM",,"7,990","7,990",SÍ,NO,NO,DEDICADO,EVENTUAL,20,ON,Sta.Catarina,,EMPRESARIAL,VENTA DIRECTA,EVENTUAL,NO,0.00,NO,2678348,,PAGADA,11/2/2026,
SO56743,XCIEN,FEBRERO,12/2/2026,6/2/2026,SI,CECILIA NUÑEZ,JONATHAN TORRES,,ANA LIDIA GONZALEZ GARCIA,"MIGRACIÓN RB JUAREZ BLANCAS / Sandur, SIMP-20, ANA LIDIA GONZALEZ GARCIA, SITIO : SAN VICENTE.",,,0,0,SÍ,NO,NO,PYME,PYME,20,ON,Juárez Blancas,,EMPRESARIAL,EAC,MIGRACIÓN,NO,0.00,S/D,2680006,,PAGADA,19/3/2026,Migración de servicio de RB Silva II a RB Juárez Blancas por temas aministrativos//Se solicita factura
SO56895,XCIEN,FEBRERO,12/2/2026,3/3/2026,SI,SERGIO ABREGO,CARLOS ALONSO,,PREMEZCLADOS AZTECA VENADIENSES,"MIGRACION BUENA VISTA Sandur, SIMPS-100, PREMEZCLADOS AZTECA VENADIENSES, SITIO. ESCOBEDO",,,0,0,SÍ,NO,NO,PYME,PYME,100,ON,El Carmen,,EMPRESARIAL,EAC,MIGRACIÓN,NO,0.00,S/D,2680007,,PAGADA,19/3/2026,Migración de servicio de RB Buena Vista por temas aministrativos//Se solicita factura
SO56897,HUUS,FEBRERO,12/2/2026,24/2/2026,SI,NANCY FUENTES,FRANCISCO VILLATORO,,COMERCIALIZADORA FARMACÉUTICA DE CHIAPAS,"HUUS, SDWAN Plus - 100, COMERCIALIZADORA FARMACEUTICA DE CHIAPAS, SITIO: 3594",,,0,0,SÍ,NO,NO,SERVICIOS ADMINISTRADOS,ALTA DISPONIBILIDAD,,ON,,,EMPRESARIAL,EAC,CORTESÍA,NO,0.00,S/D,,,PENDIENTE ELABORACIÓN,,Servicio va a estar a prueba 1 mes por temas de fallas; después de ese tiempo se puede llegar a cobrar
SO56855,XCIEN,FEBRERO,12/2/2026,20/2/2026,SI,CECILIA NUÑEZ,LEONARDO RODRÍGUEZ,,KINGSPAN INSULATED PANELS,"Sandur, S-REUB-EQ, KINGSPAN INSULATED PANELS, SITIO: PABELLON M",,,990,990,SÍ,NO,NO,,,,ON,Pabellon M,,EMPRESARIAL,EAC,REUBICACIÓN,NO,0.00,NO,,,CANCELADA,,
SO56856,LUMINET,FEBRERO,12/2/2026,20/2/2026,SI,CECILIA NUÑEZ,LEONARDO RODRÍGUEZ,,KINGSPAN INSULATED PANELS,"Luminet, S-REUB-EQ, KINGSPAN INSULATED PANELS, SITIO: PABELLON M",,,990,990,SÍ,NO,NO,,,,ON,Pabellon M,,EMPRESARIAL,EAC,REUBICACIÓN,NO,0.00,NO,2608112,,PAGADA,10/3/2026,
SO56928,XCIEN,FEBRERO,12/2/2026,,,SERGIO ABREGO,DANIEL GONZÁLEZ,,PEDRO ALDAIR MARTINEZ MENDOZA,"MIGRACION BUENA VISTA Sandur, SIMPS-100, PEDRO ALDAIR MARTINEZ MENDOZA, Sitio: Buenavista//",,,0,0,SÍ,NO,NO,PYME,PYME,100,ON,El Carmen,,EMPRESARIAL,EAC,MIGRACIÓN,NO,0.00,S/D,,,,,Migración de servicio de RB Buena Vista por temas aministrativos
SO56122,LUMINET,FEBRERO,12/2/2026,3/3/2026,SI,KEVIN TORRES,OSCAR RIVERA,,GOBIERNO DEL ESTADO DE COAHUILA DE ZARAGOZA SF,"Luminet, CV_PNC360S, GOBIERNO DEL ESTADO DE COAHUILA DE ZARAGOZA SF, Quinta encino Ramos Arizpe",,"422,550",,"422,550",SÍ,NO,NO,,,,N/A,,,GOBIERNO,OTRO,VENTA DE EQUIPO,NO,0.00,ODC,2608121,,PAGADA,13/3/2026,
SO56225,LUMINET,FEBRERO,12/2/2026,,,KEVIN TORRES,OSCAR RIVERA,,GOBIERNO DEL ESTADO DE COAHUILA DE ZARAGOZA SF,"Luminet, EAS07, GOBIERNO DEL ESTADO DE COAHUILA DE ZARAGOZA SF, Quinta encino Ramos Arizpe",,"85,500",,"85,500",SÍ,NO,NO,,,,N/A,,,GOBIERNO,OTRO,VENTA DE EQUIPO,NO,0.00,ODC,,,,,
SO56947,LUMINET,FEBRERO,13/2/2026,,,FRANCISCO ALDAY,OSCAR RIVERA,,GOBIERNO DEL ESTADO DE COAHUILA DE ZARAGOZA SF,"Migración, SVOZ-EXT-N2P, GOBIERNO DEL ESTADO DE COAHUILA DE ZARAGOZA SF, Atencion Ciudadana",,"11,592",,"11,592",SÍ,NO,NO,SERVICIOS ADMINISTRADOS,TELEFONÍA,,OFF,N2P,,EMPRESARIAL,EAC,MIGRACIÓN,NO,0.00,S/D,,,,,Se migra el servicio de telefonía de AIISA a N2P
SO56952,XCIEN,FEBRERO,13/2/2026,18/2/2026,SI,CECILIA NUÑEZ,JONATHAN TORRES,,SOLUTYON ENTERPRISE INTEGRATION,"MIGRACIÓN RB JUAREZ BLANCAS / Sandur, SIMP-20, SOLUTYON ENTERPRISE INTEGRATION, SITIO WINGS ARMY JUAREZ",,,0,0,SÍ,NO,NO,PYME,PYME,20,ON,Juárez Blancas,,EMPRESARIAL,EAC,MIGRACIÓN,NO,0.00,S/D,,,PENDIENTE ELABORACIÓN,,Migración de servicio de RB Silva II a RB Juárez Blancas por temas aministrativos
SO56876,XCIEN,FEBRERO,13/2/2026,20/2/2026,SI,EDWIN GARZA,JONATHAN TORRES,,ALTTA HOMES NORTE,"Sandur, CDD, ALTTA HOMES NORTE, OBRA LOS HEROES LINCOLN",,,"1,990","1,990",SÍ,NO,NO,,,,ON,,,EMPRESARIAL,EAC,CAMBIO DE DOMICILIO,NO,0.00,NO,2679945,,PAGADA,20/3/2026,
SO56888,XCIEN,FEBRERO,13/2/2026,,,SERGIO ABREGO,CARLOS ALONSO,,DELTAFLOW DE MEXICO,"MIGRACION BUENA VISTA Sandur, SIDP-50, DELTAFLOW DE MEXICO, Escobedo.",,,0,0,SÍ,NO,NO,DEDICADO,DEDICADO,50,ON,Mitras,,EMPRESARIAL,EAC,MIGRACIÓN,NO,0.00,S/D,,,,,Migración de servicio de RB Buena Vista por temas aministrativos
SO56963,HUUS,FEBRERO,13/2/2026,13/2/2026,SI,NANCY FUENTES,FRANCISCO VILLATORO,FRANCISCO VILLATORO,GLADIS IVON MENDEZ LARA,"HUUS, SIMPS-200, GLADIS IVON MENDEZ LARA, SITIO. PASSIFLORA","[SO56963] HUUS, SIMPS-200, GLADIS IVON MENDEZ LARA","3,000",,"3,000",SÍ,NO,NO,PYME,PYME,200,ON,Juárez,36,EMPRESARIAL,EAC,UPGRADE,SÍ,"108,000.00",SÍ,2617177,,PAGADA,17/2/2026,
SO56418,XCIEN,FEBRERO,13/2/2026,19/2/2026,SI,KEVIN TORRES,PEDRO PAEZ,IRIS RAMÍREZ,TRACTORES Y MAQUINARIA REAL,"Sandur, SIDP-50 + AD, TRACTORES Y MAQUINARIA REAL, SITIO: RAMOS ARIZPE","[SO56418] Sandur, SIDP-50 + AD, TRACTORES Y MAQUINARIA REAL","3,401",,"3,401",SÍ,NO,NO,DEDICADO,DEDICADO/AD,50,ON,Acherbis,36,EMPRESARIAL,VENTA DIRECTA,UPGRADE,SÍ,"122,436.00",SÍ,2678410,,PAGADA,27/2/2026,
SO56415,XCIEN,FEBRERO,13/2/2026,24/2/2026,SI,EDWIN GARZA,PEDRO PAEZ,IRIS RAMÍREZ,TRACTORES Y MAQUINARIA REAL,"Sandur, SIDP-300, TRACTORES Y MAQUINARIA REAL, SITIO: SAN NICOLAS","[SO56415] Sandur, SIDP-300, TRACTORES Y MAQUINARIA REAL","4,000",,"4,000",SÍ,NO,NO,DEDICADO,DEDICADO,300,ON,Guadalupe,36,EMPRESARIAL,VENTA DIRECTA,UPGRADE,SÍ,"144,000.00",SÍ,2679938,,PAGADA,5/3/2026,
SO56422,XCIEN,FEBRERO,16/2/2026,20/2/2026,SI,SERGIO ABREGO,GERARDO DE LA GARZA,IRIS RAMÍREZ,SUMINISTRO INDUSTRIAL DE EQUIPOS Y PROYECTOS,"Sandur, SA-WIFI-eero3P, SUMINISTRO INDUSTRIAL DE EQUIPOS Y PROYECTOS, SITIO: SIEPSA GARCÍA","
[SO56422] Sandur, SA-WIFI-eero3P, SUMINISTRO INDUSTRIAL DE EQUIPOS Y PROYECTOS",461,,461,SÍ,SÍ,NO,SERVICIOS ADMINISTRADOS,WIFI ADMINISTRADO,,ON,,36,EMPRESARIAL,VENTA DIRECTA,UPSALE,SÍ,"16,603.56",SÍ,2678415,,PAGADA,11/3/2026,
SO56996,XCIEN,FEBRERO,16/2/2026,19/2/2026,SI,EDWIN GARZA,LEONARDO RODRÍGUEZ,,DERMACELL,"Sandur, CDD, DERMACELL, SITIO: DERMACELL NUBES",,,"1,990","1,990",SÍ,NO,NO,,,,ON,Saltillo Oriente,,EMPRESARIAL,EAC,CAMBIO DE DOMICILIO,NO,0.00,NO,2678405,,PAGADA,27/2/2026,
SO56997,XCIEN,FEBRERO,16/2/2026,19/2/2026,SI,EDWIN GARZA,LEONARDO RODRÍGUEZ,LEONARDO RODRÍGUEZ,DERMACELL,"Sandur, SIDP-50, DERMACELL, SITIO: DERMACELL NUBES// FASE 1 BLINDAJE","[SO56997] Sandur, SIDP-50, DERMACELL",300,,300,SÍ,NO,NO,DEDICADO,DEDICADO,50,ON,Saltillo Oriente,24,EMPRESARIAL,EAC,UPGRADE,SÍ,"7,200.00",SÍ,2678406,,PAGADA,27/2/2026,Lleva renovación
SO56989,LUMINET,FEBRERO,16/2/2026,18/2/2026,SI,CECILIA NUÑEZ,CARLOS ALONSO,,SISTEMA PARA EL DESARROLLO INTEGRAL DE LA FAMILIA Y PROTECCION DE DERECHOS DEL ESTADO DE COAHUILA DE ZARAGOZA,"Luminet, S-REUB-EQ, SISTEMA PARA EL DESARROLLO INTEGRAL DE LA FAMILIA Y PROTECCION DE DERECHOS DEL ESTADO DE COAHUILA DE ZARAGOZA, SITIO DIF PRESIDENCIA 2",,,0,0,SÍ,NO,NO,,,,ON,,,GOBIERNO,EAC,REUBICACIÓN,NO,0.00,NO,2607852,,PAGADA,23/2/2026,
SO56971,XCIEN,FEBRERO,16/2/2026,18/2/2026,SI,SERGIO ABREGO,GERARDO DE LA GARZA,DANIEL GONZÁLEZ,TRANSPORTES URGENTES NUEVO LEON,"Sandur, SIS-100-10-ilimitado, TRANSPORTES URGENTES NUEVO LEON, SITIO: TLAJOMULCO DE ZUÑIGA","[SO56971] Sandur, SIS-100-10-ilimitado, TRANSPORTES URGENTES NUEVO LEON","4,200",,"4,200",SÍ,NO,SÍ,SATELITAL,SATELITAL,100,OFF,Starlink,36,EMPRESARIAL,VENTA DIRECTA,UPSALE,SÍ,"151,200.00",SÍ,2678401,,PAGADA,12/3/2026,
SO55934,XCIEN,FEBRERO,16/2/2026,,CANCELADA,EDWIN GARZA,PEDRO MARTÍNEZ,DANIEL GONZÁLEZ,ACEROS LEVINSON,"Sandur, SIDP-50, ACEROS LEVINSON, Aceros Levinson Torreon","[SO55934] Sandur, SIDP-50, ACEROS LEVINSON","2,500",,"2,500",SÍ,NO,NO,DEDICADO,DEDICADO,50,ON,Torreón,,EMPRESARIAL,VENTA DIRECTA,UPGRADE,CANCELADA,0.00,NO,,,,,Firma del anexo depende de si queda el servicio con mastil a nuestra RB
SO56494,XCIEN,FEBRERO,17/2/2026,23/2/2026,SI,NANCY FUENTES,JONATHAN TORRES,,TRANSPORTES CANALES,"Sandur, CDD, TRANSPORTES CANALES, Cirning Villa Florida Reynosa",,,0,0,SÍ,NO,NO,,,,ON,Villa Florida,,EMPRESARIAL,EAC,CAMBIO DE DOMICILIO,NO,0.00,NO,2679960,,PAGADA,9/3/2026,
SO56495,XCIEN,FEBRERO,17/2/2026,23/2/2026,SI,NANCY FUENTES,JONATHAN TORRES,,TRANSPORTES CANALES,"Sandur, SID-20, TRANSPORTES CANALES, Cirning Villa Florida Reynosa",,"-9,868",,"-9,868",SÍ,NO,NO,DEDICADO,DEDICADO,20,ON,Villa Florida,,EMPRESARIAL,EAC,DECREMENTO,NO,0.00,SÍ,2679961,,PENDIENTE PAGO,,
SO56945,LUMINET,FEBRERO,17/2/2026,,SI,CECILIA NUÑEZ,OSCAR RIVERA,,SERVICIOS DE SALUD DE COAHUILA DE ZARAGOZA,"Luminet, SIMPS-200, SERVICIOS DE SALUD DE COAHUILA DE ZARAGOZA., Oficina Central SS Coahuila",,"98,722",,"98,722",SÍ,NO,NO,PYME,PYME,200,ON,,,GOBIERNO,OTRO,RENOVACIÓN,NO,0.00,NO,,,,,Solo se confirma la venta para poder facturar el servicio
SO56500,XCIEN,FEBRERO,17/2/2026,25/2/2026,SI,KEVIN TORRES,IRIS RAMÍREZ,,CAL QUIMICA MEXICANA,"Sandur, SST-S, CAL QUIMICA MEXICANA, SITIO: PLANTA SAN LUIS",,,,0,SÍ,NO,NO,,,,ON,,,EMPRESARIAL,EAC,VISITA TÉCNICA,NO,0.00,NO,,,PENDIENTE ELABORACIÓN,,Visita para arreglar una mala instalación
SO56073,HUUS,FEBRERO,17/2/2026,24/3/2026,SI,NANCY FUENTES,GERARDO DE LA PUENTE,FRANCISCO VILLATORO,DEREMATE.COM DE MEXICO,"HUUS, SIDP-100, DEREMATE.COM DE MEXICO, SITIO: GOMEZ PALACIOS","[SO56073] HUUS, SIDP-100, DEREMATE.COM DE MEXICO","17,500",,"17,500",SÍ,SÍ,SÍ,DEDICADO,DEDICADO,100,OFF,Alestra,36,EMPRESARIAL,DISTRIBUIDOR,UPSALE,SÍ,"630,000.00",SÍ,2618342,,PENDIENTE PAGO,,
SO56778,HUUS,FEBRERO,17/2/2026,20/2/2026,SI,NANCY FUENTES,RAFAEL PÉREZ,FRANCISCO VILLATORO,GRUPO IYOLIC,"HUUS INCREMENTO, SIDP-50, GRUPO IYOLIC, SITIO: TEPOTZOTLAN BODEGA 1","[SO56778] HUUS, SIDP-50, GRUPO IYOLIC","2,800",,"2,800",SÍ,SÍ,NO,DEDICADO,DEDICADO,50,ON,,36,EMPRESARIAL,VENTA DIRECTA,UPGRADE,SÍ,"100,800.00",SÍ,2617771,,PAGADA,20/3/2026,
SO55716,XCIEN,FEBRERO,18/2/2026,,,EDWIN GARZA,IRIS RAMÍREZ,,VERGARA Y FLORES SERVICIOS LEGALES,"Sandur, SVOZ-SIPT-N2P, VERGARA Y FLORES SERVICIOS LEGALES, Sitio:Obispado",,,0,0,SÍ,NO,NO,SERVICIOS ADMINISTRADOS,TELEFONÍA,,N/A,,,EMPRESARIAL,EAC,MIGRACIÓN,NO,0.00,S/D,,,,,
SO57069,XCIEN,FEBRERO,19/2/2026,23/2/2026,SI,EDWIN GARZA,IRIS RAMÍREZ,,FOMENTO EMPRESARIAL INMOBILIARIO,"Sandur, CDD, FOMENTO EMPRESARIAL INMOBILIARIO, SITIO CV ALYSSA 2",,,0,0,SÍ,NO,NO,,,,N/A,Rep. Manantiales,,EMPRESARIAL,EAC,CAMBIO DE DOMICILIO,NO,0.00,S/D,2678412,,PAGADA,23/2/2026,
SO56946,LUMINET,FEBRERO,19/2/2026,25/2/2026,SI,CECILIA NUÑEZ,OSCAR RIVERA,,GOBIERNO DEL ESTADO DE COAHUILA DE ZARAGOZA SF,"Luminet, SIDP-100, GOBIERNO DEL ESTADO DE COAHUILA DE ZARAGOZA SF, Sitio Fiscalía Delegación Monclova",,,0,0,SÍ,NO,NO,DEDICADO,DEDICADO,100,ON,Monclova,12,GOBIERNO,OTRO,RENOVACIÓN,NO,0.00,NO,2608106,,PAGADA,1/3/2026,Se reactiva servicio anteriormente se  solicitó una  suspensión temporal pero el cliente ya requiere que se active nuevamente
SO55574,XCIEN,FEBRERO,19/2/2026,23/2/2026,SI,KEVIN TORRES,DANIEL GONZÁLEZ,,GRUPO LARO TARIMAS Y RECICLADOS,"Sandur, SIDP-50, GRUPO LARO TARIMAS Y RECICLADOS, SITIO: TORREMOLINOS 2",,"4,200",,"4,200",SÍ,NO,NO,DEDICADO,DEDICADO,50,ON,Acherbis,36,EMPRESARIAL,EAC,RENOVACIÓN,NO,"151,200.00",SÍ,2679936,,PAGADA,3/3/2026,
SO57013,XCIEN,FEBRERO,19/2/2026,1/4/2026,SI,CECILIA NUÑEZ,IRIS RAMÍREZ,, TORRECID MEXICO,"Sandur, SIDP-70, TORRECID MEXICO, SITIO CIENEGA",,"9,400",,"9,400",SÍ,NO,NO,DEDICADO,DEDICADO,70,ON,Rojas,36,EMPRESARIAL,EAC,RENOVACIÓN,NO,"338,400.00",SÍ,,,,,
SO56960,XCIEN,FEBRERO,19/2/2026,25/2/2026,SI,CECILIA NUÑEZ,LEONARDO RODRÍGUEZ,,GOSACO,"Sandur, SIDP-30, GOSACO, SITIO GASOLINERA GOSACO // BLINDAJE FASE 2",,"3,600",,"3,600",SÍ,NO,NO,DEDICADO,DEDICADO,30,ON,Norte,36,EMPRESARIAL,EAC,RENOVACIÓN,NO,"129,600.00",SÍ,2679971,,PAGADA,11/3/2026,
SO57102,HUUS,FEBRERO,20/2/2026,25/2/2026,SI,NANCY FUENTES,ADRIANA CABALLERO,FRANCISCO VILLATORO,GRUPO COMERCIAL DE MEXICO,"HUUS, SIS-50-10-ilimitado, GRUPO COMERCIAL DE MEXICO, SITIO: HIDALGO","[SO57102] HUUS, SIS-50-10-ilimitado, GRUPO COMERCIAL DE MEXICO","5,500",,"5,500",SÍ,SÍ,SÍ,SATELITAL,SATELITAL,50,OFF,Starlink,12,EMPRESARIAL,VENTA DIRECTA,UPSALE,SÍ,"66,000.00",SÍ,2617741,,PENDIENTE PAGO,,
SO57153,LUMINET,FEBRERO,20/2/2026,23/2/2026,SI,FRANCISCO ALDAY,OSCAR RIVERA,,GOBIERNO DEL ESTADO DE COAHUILA DE ZARAGOZA TM,"Luminet, SSTC-M, GOBIERNO DEL ESTADO DE COAHUILA DE ZARAGOZA TM, Oficinas Servicios de Salud",,"1,600",,"1,600",SÍ,NO,NO,SERVICIOS ADMINISTRADOS,LICENCIA,,N/A,,12,GOBIERNO,OTRO,RENOVACIÓN,NO,"19,200.00",NO,2608145,,PAGADA,4/3/2026,2 licencias de zoom
SO56201,XCIEN,FEBRERO,23/2/2026,25/2/2026,SI,SERGIO ABREGO,EDUARDO TUEME,DANIEL GONZÁLEZ,LA-Z-BOY MUEBLES,"Sandur, SIDP-200, LA-Z-BOY MUEBLES, SITIO LA-Z-BOY","[SO56201] Sandur, SIDP-200, LA-Z-BOY MUEBLES","6,000",,"6,000",SÍ,NO,NO,DEDICADO,DEDICADO,200,ON,Acherbis,24,EMPRESARIAL,VENTA DIRECTA,UPGRADE,SÍ,"144,000.00",SÍ,2679933,,PAGADA,13/3/2026,
SO57162,LUMINET,FEBRERO,23/2/2026,26/2/2026,SI,CECILIA NUÑEZ,OSCAR RIVERA,,GOBIERNO DEL ESTADO DE COAHUILA DE ZARAGOZA  ( ORQUESTA FILARMONICA DEL DESIERTO ),"Luminet, SIEV-20, GOBIERNO DEL ESTADO DE COAHUILA DE ZARAGOZA  ( ORQUESTA FILARMONICA DEL DESIERTO ), Teatro de la ciudad 2 2026",,,0,0,SÍ,NO,NO,DEDICADO,EVENTUAL,20,ON,Jolla,,GOBIERNO,OTRO,EVENTUAL,NO,0.00,NO,2607858,,PAGADA,26/2/2026,
SO57042,XCIEN,FEBRERO,23/2/2026,24/2/2026,SI,EDWIN GARZA,TIRSO ROMERO,CARLOS ALONSO,TRANSPORTES LAR MEX,"Sandur, SIDP-100 + AD, TRANSPORTES LAR MEX, SITIO: LARMEX SLP PATIO 2","[SO57042] Sandur, SIDP-100 + AD, TRANSPORTES LAR MEX","3,000",,"3,000",SÍ,NO,NO,DEDICADO,DEDICADO/AD,100,ON,San Antonio TRM2,36,EMPRESARIAL,VENTA DIRECTA,UPGRADE,SÍ,"108,000.00",SÍ,2679944,,PENDIENTE PAGO,,
SO57033,XCIEN,FEBRERO,23/2/2026,24/2/2026,SI,EDWIN GARZA,TIRSO ROMERO,CARLOS ALONSO,TRANSPORTES LAR MEX,"Sandur, SIPHA-IPv4, TRANSPORTES LAR MEX, SITIO: LARMEX SLP PATIO 2","[SO57033] Sandur, SIPHA-IPv4, TRANSPORTES LAR MEX","1,200",,"1,200",SÍ,NO,NO,SERVICIOS ADMINISTRADOS,IP ADICIONAL,,ON,,36,EMPRESARIAL,VENTA DIRECTA,UPSALE,SÍ,"43,200.00",SÍ,2679932,,PENDIENTE PAGO,,
SO57150,LUMINET,FEBRERO,23/2/2026,,CANCELADA,CECILIA NUÑEZ,LEONARDO RODRÍGUEZ,,GABRIEL CERDA VAZQUEZ,"Luminet, SIDP-30, GABRIEL CERDA VAZQUEZ, SITIO: LAS VEGAS SLP",,"-10,200",,"-10,200",SÍ,NO,NO,DEDICADO,DEDICADO,30,ON,Carretera 57,12,EMPRESARIAL,EAC,DECREMENTO,CANCELADA,"-122,400.00",SÍ,,,,,
SO57149,LUMINET,FEBRERO,23/2/2026,,CANCELADA,EDWIN GARZA,LEONARDO RODRÍGUEZ,,GABRIEL CERDA VAZQUEZ,"Luminet, CDD, GABRIEL CERDA VAZQUEZ, SITIO: LAS VEGAS SLP",,,"1,990","1,990",SÍ,NO,NO,,,,N/A,Edificio Eme,,EMPRESARIAL,EAC,CAMBIO DE DOMICILIO,CANCELADA,0.00,NO,,,,,
SO56630,XCIEN,FEBRERO,23/2/2026,4/3/2026,SI,CECILIA NUÑEZ,PEDRO PAEZ,CARLOS ALONSO,GRAFIADY,"Sandur, SIDP-50, GRAFIADY, SITIO: BODEGA 1","[SO56630] Sandur, SIDP-50, GRAFIADY",800,,800,SÍ,NO,NO,DEDICADO,DEDICADO,50,ON,Sta. Rosa,12,EMPRESARIAL,VENTA DIRECTA,UPGRADE,SÍ,"9,600.00",SÍ,2679972,,PAGADA,17/3/2026,
SO56631,XCIEN,FEBRERO,23/2/2026,4/3/2026,SI,CECILIA NUÑEZ,PEDRO PAEZ,CARLOS ALONSO,GRAFIADY,"Sandur, SIDP-30, GRAFIADY, SITIO: BODEGA 10","[SO56631] Sandur, SIDP-30, GRAFIADY",600,,600,SÍ,NO,NO,DEDICADO,DEDICADO,30,ON,Sta. Rosa,12,EMPRESARIAL,VENTA DIRECTA,UPGRADE,SÍ,"7,200.00",SÍ,2679973,,PAGADA,17/3/2026,
SO56632,XCIEN,FEBRERO,23/2/2026,27/2/2026,SI,CECILIA NUÑEZ,PEDRO PAEZ,CARLOS ALONSO,GRAFIADY,"Sandur, SIMP-15, GRAFIADY, SITIO: BODEGA 14","[SO56632] Sandur, SIMP-15, GRAFIADY",400,,400,SÍ,NO,NO,PYME,PYME,15,ON,Sta. Rosa,12,EMPRESARIAL,VENTA DIRECTA,UPGRADE,SÍ,"4,800.00",SÍ,2679939,,PENDIENTE PAGO,,
SO56610,XCIEN,FEBRERO,23/2/2026,26/2/2026,SI,CECILIA NUÑEZ,LEONARDO RODRÍGUEZ,,CONSOLIDAMEX,"Sandur, SIDP-70, CONSOLIDAMEX, SITIO SAN LUIS POTOSI // FASE 1 BLINDAJE",,"9,999",,"9,999",SÍ,NO,NO,DEDICADO,DEDICADO,70,ON,San Antonio TRM2,36,EMPRESARIAL,EAC,RENOVACIÓN,NO,"359,964.00",SÍ,2679935,,PAGADA,3/3/2026,
SO56609,XCIEN,FEBRERO,23/2/2026,,,CECILIA NUÑEZ,LEONARDO RODRÍGUEZ,,CONSOLIDAMEX,"Sandur, SIDP-60, CONSOLIDAMEX, SITIO RAMOS ARIZPE. // FASE 1 BLINDAJE",,"4,799",,"4,799",SÍ,NO,NO,DEDICADO,DEDICADO,60,ON,Ramazini,36,EMPRESARIAL,EAC,RENOVACIÓN,NO,"172,764.00",SÍ,,,,,
SO56608,XCIEN,FEBRERO,23/2/2026,24/2/2026,SI,CECILIA NUÑEZ,LEONARDO RODRÍGUEZ,,CONSOLIDAMEX,"Sandur, SIDP-60, CONSOLIDAMEX, SITIO PEDRERAS 2// FASE 1 BLINDAJE",,"4,799",,"4,799",SÍ,NO,NO,DEDICADO,DEDICADO,60,ON,Sta. Catarina,36,EMPRESARIAL,EAC,RENOVACIÓN,NO,"172,764.00",SÍ,2678419,,PAGADA,25/2/2026,
SO56961,XCIEN,FEBRERO,23/2/2026,24/2/2026,SI,CECILIA NUÑEZ,LEONARDO RODRÍGUEZ,,DEPORTIVO CAMPESTRE MONTE SUR,"Sandur, SIDP-40, DEPORTIVO CAMPESTRE MONTE SUR, SITIO MONTESUR MONTEMORELOS // FASE 2 BLINDAJE",,"3,999",,"3,999",SÍ,NO,NO,DEDICADO,DEDICADO,40,ON,Campestre Montesur,36,EMPRESARIAL,EAC,RENOVACIÓN,NO,"143,964.00",SÍ,2679934,,PAGADA,3/3/2026,
SO57006,XCIEN,FEBRERO,24/2/2026,27/2/2026,SI,SERGIO ABREGO,IRIS RAMÍREZ,,YG-1 TOOLS MEXICO,"Sandur, SIDP-50, YG-1 TOOLS MEXICO, SITIO: NAVAJAS-QRO",,"6,700",,"6,700",SÍ,NO,NO,DEDICADO,DEDICADO,50,ON,Colorado,36,EMPRESARIAL,EAC,RENOVACIÓN,NO,"241,200.00",SÍ,2679941,,PAGADA,3/3/2026,
SO56647,HUUS,FEBRERO,24/2/2026,27/2/2026,SI,NANCY FUENTES,ROBERTO GALINDO,FRANCISCO VILLATORO,CALZADO DURAMIL DE MEXICO,"HUUS, SA-WIFI-3U7Lite, CALZADO DURAMIL DE MEXICO, SITIO HUEHUETOCA","[SO56647] HUUS, SA-WIFI-3U7Lite, CALZADO DURAMIL DE MEXICO","1,300",,"1,300",SÍ,NO,NO,SERVICIOS ADMINISTRADOS,WIFI ADMINISTRADO,,ON,,36,EMPRESARIAL,VENTA DIRECTA,UPSALE,SÍ,"46,800.00",SÍ,2617757,,PENDIENTE PAGO,,
SO57133,LUMINET,FEBRERO,24/2/2026,,,KEVIN TORRES,ALEJANDRO ESPARZA,, MOTA-ENGIL MEXICO,"Luminet, SARE-CCTV_C4-MTY, MOTA-ENGIL MEXICO, AV. FRANCISCO I MADERO Y NUEVA ROSITA",,"111,463",,"111,463",SÍ,NO,NO,SERVICIOS ADMINISTRADOS,LICENCIA,,N/A,,,GOBIERNO,OTRO,PROY. ESPECIAL,NO,0.00,NO,,,,,
SO57184,XCIEN,FEBRERO,26/2/2026,,,EDWIN GARZA,DANIEL GONZÁLEZ,,INTERMEX MANUFACTURA DE CHIHUAHUA,"Sandur, CDD, INTERMEX MANUFACTURA DE CHIHUAHUA, KELONG 2",,,"6,869","6,869",SÍ,NO,NO,,,,N/A,Mirasur,,EMPRESARIAL,EAC,CAMBIO DE DOMICILIO,NO,0.00,NO,,,,,
SO57109,HUUS,FEBRERO,26/2/2026,,,NANCY FUENTES,FRANCISCO VILLATORO,,RENT'S SOLUTION,"HUUS, CDD, RENT'S SOLUTION, SITIO: SAN LUIS POTOSI R",,,0,0,SÍ,NO,NO,,,,N/A,,,EMPRESARIAL,EAC,CAMBIO DE DOMICILIO,NO,0.00,NO,,,,,
SO47231,XCIEN,FEBRERO,26/2/2026,26/2/2026,SI,EDWIN GARZA,DANIEL GONZÁLEZ,,INMOBILIARIA DEL VALLE DE SAN PEDRO,"Sandur, SID-20, INMOBILIARIA DEL VALLE DE SAN PEDRO, SITIO: CIENEGA DE FLORES.",,"2,799",,"2,799",SÍ,NO,NO,DEDICADO,DEDICADO,20,ON,Rojas,24,EMPRESARIAL,EAC,RENOVACIÓN,NO,"67,176.00",SÍ,2679940,,PAGADA,3/3/2026,
SO57227,XCIEN,FEBRERO,26/2/2026,2/3/2026,SI,KEVIN TORRES,JORGE DE LA GARZA,CARLOS ALONSO,MEXKET,"Sandur, SIDP-500, MEXKET, Sitio Apodaca","[SO57227] Sandur, SIDP-500, MEXKET","30,000",,"30,000",NO,SÍ,SÍ,DEDICADO,DEDICADO,500,ON,Pueblo Nuevo,36,EMPRESARIAL,VENTA DIRECTA,PRIMERA VENTA,SÍ,"1,080,000.00",SÍ,2679963,,PAGADA,18/3/2026,
SO57175,XCIEN,FEBRERO,26/2/2026,27/2/2026,SI,CECILIA NUÑEZ,OSCAR RIVERA,,PARTIDO REVOLUCIONARIO INSTITUCIONAL,"Sandur, SIDP-100, PARTIDO REVOLUCIONARIO INSTITUCIONAL, PRI COSS. Piso 2",,"25,000",,"25,000",SÍ,NO,NO,DEDICADO,DEDICADO,100,ON,,,GOBIERNO,OTRO,RENOVACIÓN,NO,0.00,NO,,,PENDIENTE ELABORACIÓN,,
SO56917,XCIEN,FEBRERO,26/2/2026,26/5/2026,SI,KEVIN TORRES,GERARDO DE LA GARZA,DANIEL GONZÁLEZ,INTERMEX MANUFACTURA DE CHIHUAHUA,"Sandur, SIDP-500, INTERMEX MANUFACTURA DE CHIHUAHUA, SITIO: YINLUN PLANTA 2 CIENEGA DE FLORES","[Offnet:SO56917] Sandur, SIDP-500, INTERMEX MANUFACTURA DE CHIHUAHUA","30,000",,"30,000",SÍ,NO,SÍ,DEDICADO,FIBRA ÓPTICA,500,OFF,IENTC,36,EMPRESARIAL,VENTA DIRECTA,UPSALE,SÍ,"1,080,000.00",SÍ,,,,,
SO56922,XCIEN,FEBRERO,26/2/2026,,PENDIENTE,KEVIN TORRES,GERARDO DE LA GARZA,DANIEL GONZÁLEZ,INTERMEX MANUFACTURA DE CHIHUAHUA,"Sandur, SIDP-500, INTERMEX MANUFACTURA DE CHIHUAHUA, SITIO: YINLUN PLANTA 3 CIENEGA DE FLORES","[Offnet:SO56922] Sandur, SIDP-500, INTERMEX MANUFACTURA DE CHIHUAHUA","30,000",,"30,000",SÍ,NO,SÍ,DEDICADO,FIBRA ÓPTICA,500,OFF,IENTC,36,EMPRESARIAL,VENTA DIRECTA,UPSALE,SÍ,"1,080,000.00",SÍ,,,,,
SO56745,XCIEN,FEBRERO,26/2/2026,27/3/2026,SI,EDWIN GARZA,GERARDO DE LA GARZA,JONATHAN TORRES,SEMINARIO DE MONTERREY NUEVO LEON,"Sandur, SVOZ-DID_ADI-N2P, SEMINARIO DE MONTERREY NUEVO LEON, SITIO: CENTRO VOCACIONAL HIDALGO","[SO56745] Sandur, SVOZ-DID_ADI-N2P, SEMINARIO DE MONTERREY NUEVO LEON",60,,60,SÍ,NO,NO,SERVICIOS ADMINISTRADOS,TELEFONÍA,,OFF,N2P,36,EMPRESARIAL,VENTA DIRECTA,UPGRADE,SÍ,"2,160.00",SÍ,2681514,1/4/2026,PENDIENTE PAGO,,
SO57155,HUUS,FEBRERO,26/2/2026,24/3/2026,SI,NANCY FUENTES,GERARDO DE LA PUENTE,FRANCISCO VILLATORO,DEREMATE.COM DE MEXICO,"INCREMENTO-HUUS, SIDP-500, DEREMATE.COM DE MEXICO, Sitio: Hidalgo FO MX13","[Offnet:SO57155] HUUS, SIDP-500, DEREMATE.COM DE MEXICO","9,088",,"9,088",SÍ,SÍ,NO,DEDICADO,FIBRA ÓPTICA,500,OFF,IENTC,36,EMPRESARIAL,DISTRIBUIDOR,UPGRADE,SÍ,"327,168.00",SÍ,,,,,
SO56918,XCIEN,FEBRERO,26/2/2026,,CANCELADA,KEVIN TORRES,GERARDO DE LA GARZA,DANIEL GONZÁLEZ,INTERMEX MANUFACTURA DE CHIHUAHUA,"Sandur, SIDP-100 + AD, INTERMEX MANUFACTURA DE CHIHUAHUA, SITIO: YINLUN PLANTA 2 CIENEGA DE FLORES","[SO56918] Sandur, SIDP-100 + AD, INTERMEX MANUFACTURA DE CHIHUAHUA","7,000",,"7,000",SÍ,NO,SÍ,DEDICADO,DEDICADO/AD,100,ON,Norte,36,EMPRESARIAL,VENTA DIRECTA,UPSALE,CANCELADA,"252,000.00",SÍ,,,,,
SO56920,XCIEN,FEBRERO,26/2/2026,,CANCELADA,KEVIN TORRES,GERARDO DE LA GARZA,DANIEL GONZÁLEZ,INTERMEX MANUFACTURA DE CHIHUAHUA,"Sandur, SIDP-100 + AD, INTERMEX MANUFACTURA DE CHIHUAHUA, SITIO: YINLUN PLANTA 3 CIENEGA DE FLORES","[SO56920] Sandur, SIDP-100 + AD, INTERMEX MANUFACTURA DE CHIHUAHUA","7,000",,"7,000",SÍ,NO,SÍ,DEDICADO,DEDICADO/AD,100,ON,Norte,36,EMPRESARIAL,VENTA DIRECTA,UPSALE,CANCELADA,"252,000.00",SÍ,,,,,
SO57240,XCIEN,FEBRERO,26/2/2026,5/3/2026,SI,CECILIA NUÑEZ,GERARDO DE LA GARZA,DANIEL GONZÁLEZ,ARRENDAMIENTOS SAR MW DE MEXICO,"Sandur, SIDP-40, ARRENDAMIENTOS SAR MW DE MEXICO, Sitio: TECNOCENTRO Cedis Walmart","[SO57240] Sandur, SIDP-40, ARRENDAMIENTOS SAR MW DE MEXICO","1,000",,"1,000",SÍ,NO,NO,DEDICADO,DEDICADO,40,ON,Rojas,36,EMPRESARIAL,VENTA DIRECTA,UPGRADE,SÍ,"36,000.00",SÍ,2679974,,PAGADA,20/3/2026,
SO57271,HUUS,FEBRERO,27/2/2026,10/3/2026,SI,NANCY FUENTES,ADRIANA CABALLERO,FRANCISCO VILLATORO,MINERA REAL DE ANGELES,"HUUS, SIS-50-10-ilimitado, MINERA REAL DE ANGELES, SITIO: UNIDAD CORONEL, ZACATECAS","[SO57271] HUUS, SIS-50-10-ilimitado, MINERA REAL DE ANGELES","5,500",,"5,500",SÍ,NO,SÍ,SATELITAL,SATELITAL,50,OFF,Starlink,12,EMPRESARIAL,VENTA DIRECTA,UPSALE,SÍ,"66,000.00",SÍ,2617768,,PENDIENTE PAGO,,
SO56923,XCIEN,FEBRERO,27/2/2026,,CANCELADA,KEVIN TORRES,GERARDO DE LA GARZA,DANIEL GONZÁLEZ,INTERMEX MANUFACTURA DE CHIHUAHUA,"Sandur, SIDP-100 + AD, INTERMEX MANUFACTURA DE CHIHUAHUA, SITIO YINLUN ret","[SO56923] Sandur, SIDP-100 + AD, INTERMEX MANUFACTURA DE CHIHUAHUA","4,601",,"4,601",SÍ,NO,NO,DEDICADO,DEDICADO/AD,100,ON,Norte,36,EMPRESARIAL,VENTA DIRECTA,UPGRADE,CANCELADA,"165,636.00",SÍ,,,,,
SO57010,HUUS,FEBRERO,27/2/2026,17/3/2026,SI,NANCY FUENTES,GERARDO DE LA PUENTE,FRANCISCO VILLATORO,INSPECCIONES DEL NORTE SIMA,"HUUS, SIDP-20, INSPECCIONES DEL NORTE SIMA, SITIO: PESQUERIA","[SO57010] HUUS, SIDP-20, INSPECCIONES DEL NORTE SIMA","4,000",,"4,000",NO,SÍ,SÍ,DEDICADO,DEDICADO,20,ON,Pesquería,24,EMPRESARIAL,DISTRIBUIDOR,PRIMERA VENTA,SÍ,"96,000.00",SÍ,,,PENDIENTE ELABORACIÓN,,
SO57050,XCIEN,FEBRERO,27/2/2026,5/3/2026,SI,EDWIN GARZA,ALEJANDRA TELLEZ,JONATHAN TORRES,INDUSTRIAS COSAL,"Sandur, SIDP-200 + AD, INDUSTRIAS COSAL, ATIZAPARK","[SO57050] Sandur, SIDP-200 + AD, INDUSTRIAS COSAL","15,999",,"15,999",SÍ,NO,SÍ,DEDICADO,DEDICADO/AD,200,ON,Barrientos II,36,EMPRESARIAL,DISTRIBUIDOR,UPSALE,SÍ,"575,964.00",SÍ,2679957,,PAGADA,17/3/2026,
SO57106,XCIEN,FEBRERO,27/2/2026,3/3/2026,SI,SERGIO ABREGO,ALEJANDRA TELLEZ,DANIEL GONZÁLEZ, HERIBERTO ESTEBAN ALAVEZ,"Sandur, SIDP-20, HERIBERTO ESTEBAN ALAVEZ, SANTA CATARINA","[SO57106] Sandur, SIDP-20, HERIBERTO ESTEBAN ALAVEZ","3,500",,"3,500",NO,SÍ,SÍ,DEDICADO,DEDICADO,20,ON,Sta. Catarina,36,EMPRESARIAL,DISTRIBUIDOR,PRIMERA VENTA,SÍ,"126,000.00",SÍ,2679953,,PENDIENTE PAGO,,
SO57127,XCIEN,FEBRERO,27/2/2026,7/3/2026,SI,EDWIN GARZA,ALEJANDRA TELLEZ,LEONARDO RODRÍGUEZ,TECNOLOGIA EN  SISTEMAS Y ENLACES,"Sandur, SID-20, TECNOLOGIA EN SISTEMAS Y ENLACES, CENTRAL GASOLINERA SAN GERONIMO","[SO57127] Sandur, SID-20, TECNOLOGIA EN SISTEMAS Y ENLACES",313,,313,SÍ,NO,NO,DEDICADO,DEDICADO,20,ON,Pda,36,EMPRESARIAL,DISTRIBUIDOR,UPGRADE,SÍ,"11,257.20",SÍ,2679970,,PENDIENTE PAGO,,
SO56924,XCIEN,FEBRERO,27/2/2026,27/5/2026,SI,KEVIN TORRES,GERARDO DE LA GARZA,DANIEL GONZÁLEZ,INTERMEX MANUFACTURA DE CHIHUAHUA,"Sandur, SIDP-500, INTERMEX MANUFACTURA DE CHIHUAHUA, SITIO YINLUN ret","[Offnet:SO56924] Sandur, SIDP-500, INTERMEX MANUFACTURA DE CHIHUAHUA","30,000",,"30,000",SÍ,NO,SÍ,DEDICADO,FIBRA ÓPTICA,500,OFF,IENTC,36,EMPRESARIAL,VENTA DIRECTA,UPSALE,SÍ,"1,080,000.00",SÍ,,,,,
SO54977,HUUS,FEBRERO,28/2/2026,16/4/2026,SI,NANCY FUENTES,GERARDO DE LA PUENTE,FRANCISCO VILLATORO,DEREMATE.COM DE MEXICO,"HUUS, SIDP-500, DEREMATE.COM DE MEXICO, Sitio: Tultepec","[SO54977] HUUS, SIDP-500, DEREMATE.COM DE MEXICO","11,332",,"11,332",SÍ,NO,NO,DEDICADO,DEDICADO,500,ON,San Mateo,36,EMPRESARIAL,DISTRIBUIDOR,UPGRADE,SÍ,"407,952.00",SÍ,,,,,
SO55681,HUUS,FEBRERO,28/2/2026,,CANCELADA,NANCY FUENTES,ADRIANA CABALLERO,FRANCISCO VILLATORO,LOGIS SERVICIOS DE COMERCIO EXTERIOR,"HUUS, SIDP-50, LOGIS SERVICIOS DE COMERCIO EXTERIOR, SITIO: SLP","[Offnet:SO55681] HUUS, SIDP-50, LOGIS SERVICIOS DE COMERCIO EXTERIOR","10,445",,"10,445",SÍ,NO,SÍ,DEDICADO,DEDICADO,50,OFF,IENTC,36,EMPRESARIAL,VENTA DIRECTA,UPSALE,CANCELADA,"376,020.00",SÍ,,,,,
SO54827,LUMINET,FEBRERO,2/3/2026,4/3/2026,SI,FRANCISCO ALDAY,ROSA SOLÍS,JONATHAN TORRES,GC PISOS LASER,"Luminet, SIDP-100, GC PISOS LASER, OFICINAS SALTILLO","[SO54827] Luminet, SIDP-100, GC PISOS LASER","8,000",,"8,000",NO,SÍ,SÍ,DEDICADO,DEDICADO,100,ON,Loft,36,EMPRESARIAL,VENTA DIRECTA,PRIMERA VENTA,SÍ,"288,000.00",SÍ,,,,,
SO57096,XCIEN,MARZO,2/3/2026,6/3/2026,SI,SERGIO ABREGO,JORGE DE LA GARZA,LEONARDO RODRÍGUEZ,ALPHA ZINC,"Sandur, SIMP-30, ALPHA ZINC, Sitio: Garcia",,"2,200",,"2,200",NO,SÍ,SÍ,PYME,PYME,30,ON,Mitras,24,EMPRESARIAL,VENTA DIRECTA,PRIMERA VENTA,SÍ,"52,800.00",SÍ,2679962,,PENDIENTE PAGO,,
SO57244,LUMINET,MARZO,2/3/2026,2/3/2026,SI,CECILIA NUÑEZ,LEONARDO RODRÍGUEZ,,GABRIEL CERDA VAZQUEZ,"Luminet, SIDP-30, GABRIEL CERDA VAZQUEZ, RB Buena Ventura",,"-10,200",,"-10,200",SÍ,NO,NO,DEDICADO,DEDICADO,30,ON,Carretera 57,12,EMPRESARIAL,EAC,DECREMENTO,NO,"-122,400.00",SÍ,2608118,,PENDIENTE PAGO,,
SO57177,LUMINET,MARZO,2/3/2026,,,EDWIN GARZA,DANIEL GONZÁLEZ,, MATERIALES ASESORIAS Y SERVICIOS,"Luminet, SST-S, MATERIALES ASESORIAS Y SERVICIOS, SITIO CENTRO COMUNITARIO GOBERNADORES",,,"3,428","3,428",SÍ,NO,NO,,,,ON,,,EMPRESARIAL,EAC,VISITA TÉCNICA,NO,0.00,NO,,,,,
SO57132,XCIEN,MARZO,2/3/2026,6/5/2026,SI,SERGIO ABREGO,GERARDO DE LA GARZA,DANIEL GONZÁLEZ,CCO LATAM,"Sandur, SIDP-1G, CCO LATAM, SITIO: CX MONTERREY","[SO57132] Sandur, SIDP-1G, CCO LATAM","32,000",,"32,000",NO,SÍ,SÍ,DEDICADO,FIBRA ÓPTICA,1000,ON,NN,36,EMPRESARIAL,VENTA DIRECTA,PRIMERA VENTA,SÍ,"1,152,000.00",SÍ,,,,,Entrega por medio de NN por FO
SO57131,XCIEN,MARZO,2/3/2026,6/5/2026,SI,SERGIO ABREGO,GERARDO DE LA GARZA,DANIEL GONZÁLEZ,CCO LATAM,"Sandur, SIDP-1G, CCO LATAM, SITIO: CX MONTERREY","[SO57131] Sandur, SIDP-1G, CCO LATAM",0,,0,SÍ,SÍ,NO,DEDICADO,DEDICADO,1000,ON,Loma Larga,36,EMPRESARIAL,VENTA DIRECTA,UPSALE,SÍ,0.00,SÍ,,,,,Redundancia pasiva por MO
SO50874,XCIEN,MARZO,3/3/2026,11/3/2026,SI,CECILIA NUÑEZ,DAVID REYES,IRIS RAMÍREZ,LatWan Europe OÜ,"Sandur, SIDP-100 + AD, LatWan Europe OÜ, Irapuato","[SO50874] Sandur, SIDP-100 + AD, LatWan Europe OÜ","3,000",,"3,000",SÍ,NO,NO,DEDICADO,DEDICADO/AD,100,ON,Cubilete,36,EMPRESARIAL,VENTA DIRECTA,UPGRADE,SÍ,"108,000.00",SÍ,2679975,,PENDIENTE PAGO,,
SO57302,XCIEN,MARZO,3/3/2026,7/3/2026,SI,CECILIA NUÑEZ,CLAUDIA NIETO,,EDILBERTO TORRES REYNA,"Sandur, SID-15, EDILBERTO TORRES REYNA, SITIO SAN PATRICIO",,,0,0,SÍ,NO,SÍ,DEDICADO,DEDICADO,15,ON,Huinala,,OTRO,OTRO,CORTESÍA,NO,0.00,S/D,2679959,,PAGADA,9/3/2026,Cortesía por negociación de renovación de RB Industrial Apodaca
SO57116,XCIEN,MARZO,3/3/2026,11/3/2026,SI,CECILIA NUÑEZ,DANIEL GONZÁLEZ,, FORTUNE PLASTIC METAL DE MEXICO,"Sandur, SIDP-150, FORTUNE PLASTIC METAL DE MEXICO, PARQUE INDUSTRIAL CIUDAD MITRAS",,"13,399",,"13,399",SÍ,NO,NO,DEDICADO,DEDICADO,150,ON,Mitras,24,EMPRESARIAL,EAC,RENOVACIÓN,NO,"321,576.00",SÍ,2679986,,PAGADA,18/3/2026,Renovación
SO57122,XCIEN,MARZO,3/3/2026,22/5/2026,SI,EDWIN GARZA,DANIEL GONZÁLEZ,DANIEL GONZÁLEZ,DESPACHOS ADUANEROS GARBER,"Sandur, SIDP-100, DESPACHOS ADUANEROS GARBER, GARBER PLAZA AEROPUERTO",,"7,500",,"7,500",SÍ,NO,NO,DEDICADO,DEDICADO,100,ON,Campanario,36,EMPRESARIAL,EAC,RENOVACIÓN,NO,"270,000.00",SÍ,,,,,Renovación
SO56554,XCIEN,MARZO,3/3/2026,11/3/2026,SI,CECILIA NUÑEZ,DAVID REYES,IRIS RAMÍREZ,CAL DE APASCO,"Sandur, SIS-50-10-ilimitado, CAL DE APASCO, CEDIS Santa Lucia","[SO56554] Sandur, SIS-50-10-ilimitado, CAL DE APASCO","5,500",,"5,500",SÍ,NO,SÍ,SATELITAL,SATELITAL,50,OFF,Starlink,36,EMPRESARIAL,VENTA DIRECTA,UPSALE,SÍ,"198,000.00",ODC,,,PENDIENTE ELABORACIÓN,,
SO53910,LUMINET,MARZO,3/3/2026,20/3/2026,SI,CECILIA NUÑEZ,JULIO PUENTE,JONATHAN TORRES,COLEGIO INTERNACIONAL TERRANOVA,"Luminet, SIDP-100, COLEGIO INTERNACIONAL TERRANOVA, Sitio: Colegio Terranova","[SO53910] Luminet, SIDP-100, COLEGIO INTERNACIONAL TERRANOVA",960,,960,SÍ,NO,NO,DEDICADO,DEDICADO,100,ON,Edificio Eme,36,EMPRESARIAL,VENTA DIRECTA,UPGRADE,SÍ,"34,560.00",SÍ,2608431,1/4/2026,PENDIENTE PAGO,,
SO57461,XCIEN,MARZO,3/3/2026,14/4/2026,SI,SERGIO ABREGO,JUAN ESCAMILLA,DANIEL GONZÁLEZ,SEYCVEL,"Sandur, SDWAN Plus - 20, SEYCVEL, Sitio:Escobedo","[SO57461] Sandur, SDWAN Plus - 20, SEYCVEL","4,001",,"4,001",NO,SÍ,NO,SERVICIOS ADMINISTRADOS,WIFI ADMINISTRADO,20,ON,Sendero,12,EMPRESARIAL,VENTA DIRECTA,PRIMERA VENTA,SÍ,"48,012.00",SÍ,,,,,
SO56711,HUUS,MARZO,4/3/2026,10/3/2026,SI,NANCY FUENTES,MARIO LOMELÍ,,MARIA DE LOURDES CARRO GALVAN,"HUUS, SSICE, MARIA DE LOURDES CARRO GALVAN, CYMEC CORPORATIVO","[SO56711] HUUS, SSICE, MARIA DE LOURDES CARRO GALVAN",,"5,300","5,300",NO,SÍ,NO,DEDICADO,EVENTUAL,,ON,,,EMPRESARIAL,VENTA DIRECTA,VENTA DE EQUIPO,NO,0.00,NO,2617769,,PAGADA,23/3/2026,
SO57099,HUUS,MARZO,4/3/2026,6/4/2026,SI,NANCY FUENTES,ROBERTO GALINDO,FRANCISCO VILLATORO,ARRENDADORA Y SOLUCIONES DE NEGOCIOS,"INCREMENTO---HUUS, SIDP-200, ARRENDADORA Y SOLUCIONES DE NEGOCIOS, SITIO GUADALAJARA","[Offnet:SO57099] HUUS, SIDP-200, ARRENDADORA Y SOLUCIONES DE NEGOCIOS","1,800",,"1,800",SÍ,NO,NO,DEDICADO,DEDICADO,200,OFF,IENTC,36,EMPRESARIAL,VENTA DIRECTA,UPGRADE,SÍ,"64,800.00",SÍ,,,,,
SO57323,XCIEN,MARZO,5/3/2026,12/3/2026,SI,EDWIN GARZA,DANIEL GONZÁLEZ,,INTERMEX MANUFACTURA DE CHIHUAHUA,"Sandur, CDD, INTERMEX MANUFACTURA DE CHIHUAHUA, SITIO KELONG",,,"6,869","6,869",SÍ,NO,NO,,,,ON,Mirasur,,EMPRESARIAL,EAC,CAMBIO DE DOMICILIO,NO,0.00,NO,,,PENDIENTE ELABORACIÓN,,
SO57406,XCIEN,MARZO,5/3/2026,18/3/2026,SI,CECILIA NUÑEZ,IRIS RAMÍREZ,,FOMENTO EMPRESARIAL INMOBILIARIO,"Sandur, CDD, FOMENTO EMPRESARIAL INMOBILIARIO, BO ANKARA SALTILLO 7",,,0,0,SÍ,NO,NO,,,,N/A,,,EMPRESARIAL,EAC,CAMBIO DE DOMICILIO,NO,0.00,NO,2680028,,PAGADA,23/3/2026,
SO57399,LUMINET,MARZO,5/3/2026,5/3/2026,SI,,JULIO PUENTE,,INTERNATIONAL MANUFACTURING SOLUTIONS OPERACIONES,"INTERNATIONAL MANUFACTURING SOLUTIONS OPERACIONES, Blvd. Cesar H. Cantú Benavides 1465, Parque Industrial Alianza- Derramadero, Saltillo, Coah, México C.P. 25304",,,"18,000","18,000",SÍ,NO,NO,DEDICADO,EVENTUAL,200,ON,,,EMPRESARIAL,VENTA DIRECTA,EVENTUAL,NO,0.00,ODC,2608148,,PAGADA,23/3/2026,
SO56659,LUMINET,MARZO,6/3/2026,23/3/2026,SI,CECILIA NUÑEZ,OSCAR RIVERA,IRIS RAMÍREZ,INSTITUTO REGISTRAL Y CATASTRAL DEL ESTADO DE COAHUILA DE ZARAGOZA,"Luminet, SIDP-100, INSTITUTO REGISTRAL Y CATASTRAL DEL ESTADO DE COAHUILA DE ZARAGOZA, CENTRO DE OFICINAS Y ALMACENAMIENTO",,"2,222",,"2,222",SÍ,NO,NO,DEDICADO,DEDICADO,100,ON,Saltillo Oriente,12,GOBIERNO,OTRO,UPGRADE,SÍ,"26,664.00",S/D,2608169,,PENDIENTE PAGO,,
SO56497,XCIEN,MARZO,9/3/2026,14/3/2026,SI,SERGIO ABREGO,PEDRO PAEZ,CARLOS ALONSO,CARNES SELECTA LOS ANGELES,"Sandur, SIDP-100 + AD, CARNES SELECTA LOS ANGELES, SITIO: SUC LOS ANGELES","[SO56497] Sandur, SIDP-100 + AD, CARNES SELECTA LOS ANGELES","7,000",,"7,000",NO,SÍ,SÍ,DEDICADO,DEDICADO,100,ON,PDA,36,EMPRESARIAL,VENTA DIRECTA,PRIMERA VENTA,SÍ,"252,000.00",SÍ,2680029,,PENDIENTE PAGO,,
SO56210,XCIEN,MARZO,9/3/2026,9/3/2026,SI,SERGIO ABREGO,JAIME GARZA,CARLOS ALONSO,CENTRO DE INSPECCION FISICO-MECANICA DE CUAUTITLAN,"Sandur, SIDP-30, CENTRO DE INSPECCION FISICO-MECANICA DE CUAUTITLAN, SIT: OFICINAS VERIFICENTRO","[SO56210] Sandur, SIDP-30, CENTRO DE INSPECCION FISICO-MECANICA DE CUAUTITLAN",800,,800,SÍ,NO,NO,DEDICADO,DEDICADO,30,ON,Coyotepec,36,EMPRESARIAL,VENTA DIRECTA,UPGRADE,SÍ,"28,800.00",SÍ,2679976,,PENDIENTE PAGO,,
SO57421,XCIEN,MARZO,9/3/2026,1/4/2026,SI,CECILIA NUÑEZ,GERARDO DE LA GARZA,JONATHAN TORRES,DISTRIBUIDORA DE METALES Y CARTONES,"Sandur, SIDP-50, DISTRIBUIDORA DE METALES Y CARTONES, SITIO APODACA","[SO57421] Sandur, SIDP-50, DISTRIBUIDORA DE METALES Y CARTONES","3,800",,"3,800",SÍ,NO,NO,DEDICADO,DEDICADO,50,ON,Sta. Rosa,36,EMPRESARIAL,VENTA DIRECTA,UPGRADE,SÍ,"136,800.00",SÍ,,,,,
SO57419,XCIEN,MARZO,9/3/2026,10/3/2026,SI,CECILIA NUÑEZ,GERARDO DE LA GARZA,JONATHAN TORRES,DISTRIBUIDORA DE METALES Y CARTONES,"Sandur, SIDP-50, DISTRIBUIDORA DE METALES Y CARTONES, SITIO DIMECA MONCLOVA 2","[SO57419] Sandur, SIDP-50, DISTRIBUIDORA DE METALES Y CARTONES","3,000",,"3,000",SÍ,NO,NO,DEDICADO,DEDICADO,50,ON,Monclova,36,EMPRESARIAL,VENTA DIRECTA,UPGRADE,SÍ,"108,000.00",SÍ,2679977,,PENDIENTE PAGO,,
SO57418,XCIEN,MARZO,9/3/2026,14/3/2026,SI,CECILIA NUÑEZ,GERARDO DE LA GARZA,JONATHAN TORRES,DISTRIBUIDORA DE METALES Y CARTONES,"Sandur, SIDP-100, DISTRIBUIDORA DE METALES Y CARTONES, SITIO SANTA CATARINA","[SO57418] Sandur, SIDP-100, DISTRIBUIDORA DE METALES Y CARTONES","3,375",,"3,375",SÍ,NO,NO,DEDICADO,DEDICADO,100,ON,Sta. Catarina,36,EMPRESARIAL,VENTA DIRECTA,UPGRADE,SÍ,"121,500.00",SÍ,2680026,,PENDIENTE PAGO,,
SO57417,XCIEN,MARZO,9/3/2026,19/3/2026,SI,CECILIA NUÑEZ,GERARDO DE LA GARZA,JONATHAN TORRES,DISTRIBUIDORA DE METALES Y CARTONES,"Sandur, SIDP-250, DISTRIBUIDORA DE METALES Y CARTONES, SITIO DIMECA LOPEZ MATEOS","[SO57417] Sandur, SIDP-250, DISTRIBUIDORA DE METALES Y CARTONES","3,700",,"3,700",SÍ,NO,NO,DEDICADO,DEDICADO,250,ON,Guadalupe,36,EMPRESARIAL,VENTA DIRECTA,UPGRADE,SÍ,"133,200.00",SÍ,2680034,,PENDIENTE PAGO,,
SO57416,XCIEN,MARZO,9/3/2026,13/3/2026,SI,CECILIA NUÑEZ,GERARDO DE LA GARZA,JONATHAN TORRES,DISTRIBUIDORA DE METALES Y CARTONES,"Sandur, SIDP-300, DISTRIBUIDORA DE METALES Y CARTONES, SITIO SALTILLO","[SO57416] Sandur, SIDP-300, DISTRIBUIDORA DE METALES Y CARTONES","2,500",,"2,500",SÍ,NO,NO,DEDICADO,DEDICADO,300,ON,Loft,36,EMPRESARIAL,VENTA DIRECTA,UPGRADE,SÍ,"90,000.00",SÍ,2680027,,PENDIENTE PAGO,,
SO57274,XCIEN,MARZO,9/3/2026,,,EDWIN GARZA,JONATHAN TORRES,JONATHAN TORRES,INDUSTRIAS COSAL,"Sandur, SSA-70F-UTP, INDUSTRIAS COSAL, LOMAS DE SAN LORENZO",,,0,0,SÍ,NO,NO,SERVICIOS ADMINISTRADOS,LICENCIA,,OFF,,12,EMPRESARIAL,EAC,RENOVACIÓN,NO,0.00,NO,,,,,
SO57465,XCIEN,MARZO,9/3/2026,,,EDWIN GARZA,IRIS RAMÍREZ,,FOMENTO EMPRESARIAL INMOBILIARIO,"Sandur, CDD, FOMENTO EMPRESARIAL INMOBILIARIO, BO CONSTANZA 6",,,0,0,SÍ,NO,NO,,,,ON,,,EMPRESARIAL,EAC,CAMBIO DE DOMICILIO,NO,0.00,NO,,,,,
SO57483,XCIEN,MARZO,9/3/2026,21/3/2026,SI,EDWIN GARZA,JAIME GARZA,IRIS RAMÍREZ,GRUPO MACE MADERAS Y CULTIVOS ENERGETICOS,"Sandur, SIDP-50 + AD, GRUPO MACE MADERAS Y CULTIVOS ENERGETICOS, SITIO: TORRE VERTICE -GRUPO MACE","[SO57483] Sandur, SIDP-50 + AD, GRUPO MACE MADERAS Y CULTIVOS ENERGETICOS","1,200",,"1,200",SÍ,NO,NO,DEDICADO,DEDICADO/AD,50,ON,Loma Larga,36,EMPRESARIAL,VENTA DIRECTA,UPGRADE,SÍ,"43,200.00",SÍ,2680036,,PENDIENTE PAGO,,
SO57375,XCIEN,MARZO,10/3/2026,20/3/2026,SI,SERGIO ABREGO,GERARDO DE LA GARZA,LEONARDO RODRÍGUEZ,GEOSOLUCIONES TOPOGRAFICAS,"Sandur, SVOZ-EXT-N2P, GEOSOLUCIONES TOPOGRAFICAS, Sitio:Oficinas",,"1,180",,"1,180",SÍ,NO,NO,SERVICIOS ADMINISTRADOS,TELEFONÍA,,OFF,N2P,36,EMPRESARIAL,VENTA DIRECTA,UPGRADE,SÍ,"42,480.00",SÍ,2681518,1/4/2026,PENDIENTE PAGO,,
SO55755,XCIEN,MARZO,10/3/2026,,,,DANIEL GONZÁLEZ,,ABC C&C,ABC C&C,,"4,200",,"4,200",SÍ,NO,NO,PYME,PYME,50,ON,,12,EMPRESARIAL,EAC,CAMBIO RAZÓN SOCIAL,NO,"50,400.00",SÍ,,,,,Solamente se confirma venta por cambio de razón social; comono esta firmado elcontratono se cuenta como renovación
SO57413,LUMINET,MARZO,10/3/2026,24/3/2026,SI,EDWIN GARZA,JONATHAN TORRES,,MARIA NAYELLI UCAN GRAJALES,"Luminet, CDD, MARIA NAYELLI UCAN GRAJALES, SITIO MARGAS",,,"5,879","5,879",SÍ,NO,NO,,,,ON,,,EMPRESARIAL,EAC,CAMBIO DE DOMICILIO,NO,0.00,NO,,,PENDIENTE ELABORACIÓN,,
SO57321,XCIEN,MARZO,10/3/2026,27/3/2026,SI,EDWIN GARZA,JONATHAN TORRES,JONATHAN TORRES,Maquinados Industriales Mitras,"Sandur, SIDP-100 + AD, Maquinados Industriales Mitras, Maquinados Industriales Mitras / Sitio: Santa Catarina",,"2,000",,"2,000",SÍ,NO,NO,DEDICADO,DEDICADO/AD,100,ON,Sta. Catarina,36,EMPRESARIAL,EAC,UPGRADE,SÍ,"72,000.00",SÍ,,,,,Incremtno de velocidad con renovación. Entra con la promoción de MKT
SO57115,XCIEN,MARZO,11/3/2026,18/3/2026,SI,CECILIA NUÑEZ,CARLOS ALONSO,,CANADA GRUPO INMOBILIARIO,"Sandur, SIMP-15, CANADA GRUPO INMOBILIARIO, SITIO; EL CARMEN",,959,,959,SÍ,NO,NO,PYME,PYME,15,ON,El Carmen,24,EMPRESARIAL,EAC,RENOVACIÓN,NO,"23,016.00",SÍ,2680032,,PAGADA,23/3/2026,
SO57396,XCIEN,MARZO,11/3/2026,17/3/2026,SI,CECILIA NUÑEZ,CARLOS ALONSO,,VIRGINIA ARACELY VILLARREAL SALAS,"Sandur, CDD, VIRGINIA ARACELY VILLARREAL SALAS, PIEDRAS NEGRAS",,,0,0,SÍ,NO,NO,,,,ON,Sispa,,EMPRESARIAL,EAC,CAMBIO DE DOMICILIO,NO,0.00,NO,2680030,,PAGADA,23/3/2026,Sin costo por retención de la cuenta
SO56706,XCIEN,MARZO,11/3/2026,17/3/2026,SI,CECILIA NUÑEZ,CARLOS ALONSO,,VIRGINIA ARACELY VILLARREAL SALAS,"Sandur, SIMPS-100, VIRGINIA ARACELY VILLARREAL SALAS, SITIO ACUÑA",,"-2,000",,"-2,000",SÍ,NO,NO,PYME,PYME,100,ON,Acuna Steren,24,EMPRESARIAL,EAC,DECREMENTO,NO,"-48,000.00",SÍ,,,PENDIENTE ELABORACIÓN,,
SO57455,XCIEN,MARZO,11/3/2026,14/3/2026,SI,KEVIN TORRES,JUAN ESCAMILLA,JONATHAN TORRES,CARNETIENDA SG DE MEXICO,"Sandur, SIMP-20, CARNETIENDA SG DE MEXICO, Sitio:Haciendas",,"1,999",,"1,999",NO,SÍ,SÍ,PYME,PYME,20,ON,Pesquería,12,EMPRESARIAL,VENTA DIRECTA,PRIMERA VENTA,SÍ,"23,988.00",SÍ,2679985,,PAGADA,26/3/2026,
SO57548,LUMINET,MARZO,11/3/2026,,,CECILIA NUÑEZ,OSCAR RIVERA,,GOBIERNO DEL ESTADO DE COAHUILA DE ZARAGOZA SF,"Luminet, SST-S, GOBIERNO DEL ESTADO DE COAHUILA DE ZARAGOZA SF, SECRETARIA DE FINANZAS",,,"135,000","135,000",SÍ,NO,NO,,,,N/A,,,GOBIERNO,OTRO,VENTA DE EQUIPO,NO,0.00,S/D,,,,,Se avanza solo para la facturación dell servicio
SO57475,HUUS,MARZO,11/3/2026,,,NANCY FUENTES,ADRIANA CABALLERO,,AUTOVIAS CONCESIONADAS MEXIQUENSES,"HUUS, SIMIM-RHYTERA, AUTOVIAS CONCESIONADAS MEXIQUENSES, Amanalco",,0,,0,SÍ,NO,NO,SERVICIOS ADMINISTRADOS,,,ON,,,EMPRESARIAL,VENTA DIRECTA,VENTA DE EQUIPO,NO,0.00,S/D,,,,,Se envía nuevo sim al cliente como cortesía
SO57474,HUUS,MARZO,11/3/2026,,,NANCY FUENTES,ADRIANA CABALLERO,,AUTOVIAS CONCESIONADAS MEXIQUENSES,"HUUS, SIMIM-RHYTERA, AUTOVIAS CONCESIONADAS MEXIQUENSES, Valle de Bravo",,0,,0,SÍ,NO,NO,SERVICIOS ADMINISTRADOS,,,ON,,,EMPRESARIAL,VENTA DIRECTA,VENTA DE EQUIPO,NO,0.00,S/D,,,,,Se envía nuevo sim al cliente como cortesía
SO57328,LUMINET,MARZO,11/3/2026,16/3/2026,SI,CECILIA NUÑEZ,LEONARDO RODRÍGUEZ,LEONARDO RODRÍGUEZ,KARLA DEISY PADILLA GONZALEZ,"Luminet, SIMP-20, KARLA DEISY PADILLA GONZALEZ, karla deisy padilla rodriguez // FASE 2 BLINDAJE","[SO57328] Luminet, SIMP-20, KARLA DEISY PADILLA GONZALEZ",141,,141,SÍ,NO,NO,PYME,PYME,20,ON,Saltillo Oriente,36,EMPRESARIAL,EAC,UPGRADE,SÍ,"5,076.00",SÍ,2608433,1/4/2026,PENDIENTE ELABORACIÓN,,
SO57401,XCIEN,MARZO,11/3/2026,23/3/2026,SI,CECILIA NUÑEZ,ALEJANDRA TELLEZ,LEONARDO RODRÍGUEZ,TECNOLOGIA EN  SISTEMAS Y ENLACES,"Sandur, SIDP-20, TECNOLOGIA EN SISTEMAS Y ENLACES, COMERCIALIZADORA DIAFER",,313,,313,SÍ,NO,NO,DEDICADO,DEDICADO,20,ON,Guadalupe,36,EMPRESARIAL,DISTRIBUIDOR,UPGRADE,SÍ,"11,268.00",SÍ,2681512,1/4/2026,PENDIENTE ELABORACIÓN,,
SO57556,LUMINET,MARZO,11/3/2026,19/3/2026,SI,CECILIA NUÑEZ,OSCAR RIVERA,,GOBIERNO DEL ESTADO DE COAHUILA DE ZARAGOZA  ( ORQUESTA FILARMONICA DEL DESIERTO ),"Luminet, SIEV-20-1, GOBIERNO DEL ESTADO DE COAHUILA DE ZARAGOZA  ( ORQUESTA FILARMONICA DEL DESIERTO ), Teatro de la ciudad 3 2026",,,0,0,SÍ,NO,NO,DEDICADO,EVENTUAL,20,ON,Jolla,,GOBIERNO,OTRO,EVENTUAL,NO,0.00,NO,,,PENDIENTE ELABORACIÓN,,
SO57420,HUUS,MARZO,11/3/2026,,PENDIENTE,NANCY FUENTES,GERARDO DE LA PUENTE,FRANCISCO VILLATORO,COMERCIALIZADORA FARMACÉUTICA DE CHIAPAS,"HUUS, SIMP-10, COMERCIALIZADORA FARMACEUTICA DE CHIAPAS, SITIO:  3517 CASUARINAS","[Offnet:SO57420] HUUS, SIMP-10, COMERCIALIZADORA FARMACEUTICA DE CHIAPAS","3,099",,"3,099",SÍ,NO,SÍ,PYME,PYME,10,OFF,Coeficiente,,EMPRESARIAL,VENTA DIRECTA,UPSALE,SÍ,0.00,SÍ,,,,,
SO57297,LUMINET,MARZO,12/3/2026,,,KEVIN TORRES,ALEJANDRO ESPARZA,,MOTA-ENGIL MEXICO,"Luminet, SARE-CCTV_C4-MTY, MOTA-ENGIL MEXICO, AV.CONSTITUCION Y DIEGO DE MONTEMAYOR",,,"152,183","152,183",SÍ,SÍ,NO,,,,N/A,,,GOBIERNO,OTRO,VENTA DE EQUIPO,NO,0.00,S/D,,,,,Reubicación de poste con camaras del C4
SO56702,XCIEN,MARZO,12/3/2026,12/3/2026,SI,EDWIN GARZA,PEDRO PAEZ,CARLOS ALONSO,PASTEURIZADORA DE LEON,"Sandur, SIDP-30, PASTEURIZADORA DE LEON, SIT. IRAPUATO","[SO56702] Sandur, SIDP-30, PASTEURIZADORA DE LEON",501,,501,SÍ,NO,NO,DEDICADO,DEDICADO,30,ON,Mac Irapuato,36,EMPRESARIAL,VENTA DIRECTA,UPGRADE,SÍ,"18,036.00",SÍ,2679988,,PENDIENTE PAGO,,
SO57463,LUMINET,MARZO,12/3/2026,,,KEVIN TORRES,ALEJANDRO ESPARZA,,MUNICIPIO DE LA CIUDAD DE MONTERREY,"Luminet, SARE-CCTV_C4-MTY, MUNICIPIO DE LA CIUDAD DE MONTERREY, AV. MANUEL L. BARRAGAN Y AV. RUIZ CORTINES",,,0,0,SÍ,SÍ,NO,,,,N/A,,,GOBIERNO,OTRO,VENTA DE EQUIPO,NO,0.00,S/D,,,,,Oportunidad solo para documentar los trabajos hechos para reparación de afectación a sitio por accidente
SO57594,XCIEN,MARZO,12/3/2026,13/3/2026,SI,CECILIA NUÑEZ,CLAUDIA NIETO,,COMUNIDAD APOSTÓLICA MARIA SIEMPRE VIRGEN,"Sandur, SIEV-50-3, COMUNIDAD APOSTÓLICA MARIA SIEMPRE VIRGEN, SITIO MARÍA SIEMPRE VIRGEN",,0,,0,NO,SÍ,SÍ,DEDICADO,EVENTUAL,50,OFF,Starlink,,OTRO,OTRO,EVENTUAL,NO,0.00,NO,2679987,,PAGADA,18/3/2026,Servicio de cortesía otorgado por el Ing. Juan Héctor
SO57299,XCIEN,MARZO,13/3/2026,24/3/2026,SI,CECILIA NUÑEZ,CLAUDIA NIETO,DANIEL GONZÁLEZ,CASA VICTORIA DH,"Sandur, SIS-50-10-ilimitado, CASA VICTORIA DH, SITIO CENTRO",,0,,0,NO,SÍ,SÍ,SATELITAL,SATELITAL,50,OFF,Starlink,,OTRO,OTRO,CORTESÍA,NO,0.00,S/D,,,PENDIENTE ELABORACIÓN,,Servicio de cortesía otorgado por el Ing. Juan Héctor
SO57434,XCIEN,MARZO,13/3/2026,,PENDIENTE,SERGIO ABREGO,JORGE DE LA GARZA,DANIEL GONZÁLEZ,DESPACHOS ADUANEROS GARBER,"Sandur, SIMPS-50, DESPACHOS ADUANEROS GARBER, Sitio: Puerto Industrial Altamira","[SO57434] Sandur, SIMPS-50, DESPACHOS ADUANEROS GARBER","2,750",,"2,750",SÍ,NO,NO,PYME,PYME,50,ON,Tampico,24,EMPRESARIAL,VENTA DIRECTA,UPGRADE,SÍ,"66,000.00",SÍ,,,PENDIENTE ELABORACIÓN,,
SO57535,XCIEN,MARZO,13/3/2026,18/3/2026,SI,EDWIN GARZA,DANIEL GONZÁLEZ,,DESPACHOS ADUANEROS GARBER,"Sandur, CDD, DESPACHOS ADUANEROS GARBER, Sitio: Puerto Industrial Altamira",,,0,0,SÍ,NO,NO,,,,ON,Tampico,,EMPRESARIAL,EAC,CAMBIO DE DOMICILIO,NO,0.00,NO,,,PENDIENTE ELABORACIÓN,,
SO57220,XCIEN,MARZO,13/3/2026,21/3/2026,SI,SERGIO ABREGO,ALEJANDRA TELLEZ,JONATHAN TORRES,ISABEL A RAMON,"Sandur, SIDP-20, ISABEL A RAMON, TORRE MULTIMODAL","[SO57220] Sandur, SIDP-20, ISABEL A RAMON","4,500",,"4,500",SÍ,NO,SÍ,DEDICADO,DEDICADO,20,ON,Tampico,36,EMPRESARIAL,DISTRIBUIDOR,UPSALE,SÍ,"162,000.00",SÍ,2680037,,PENDIENTE PAGO,,
SO57570,LUMINET,MARZO,13/3/2026,26/3/2026,SI,CECILIA NUÑEZ,JULIO PUENTE,CARLOS ALONSO,JOSE IVAN RODRIGUEZ DE MOLINA SERRANO,"Luminet, SIMPS-100, JOSE IVAN RODRIGUEZ DE MOLINA SERRANO, CONSULTORIO 38 CLINICA MEXICO","[SO57570] Luminet, SIMPS-100, JOSE IVAN RODRIGUEZ DE MOLINA SERRANO","2,300",,"2,300",SÍ,NO,NO,PYME,PYME,100,ON,Piedras Negras,36,EMPRESARIAL,VENTA DIRECTA,UPGRADE,SÍ,"82,800.00",SÍ,2608181,,PENDIENTE PAGO,,
SO57595,XCIEN,MARZO,17/3/2026,,,,DANIEL GONZÁLEZ,,MAXIMO VEDOYA,,,"2,800",,"2,800",SÍ,NO,NO,DEDICADO,DEDICADO,10,ON,,36,EMPRESARIAL,EAC,RENOVACIÓN,NO,"100,800.00",SÍ,,,,,Solo se confirma venta
SO57544,XCIEN,MARZO,17/3/2026,19/3/2026,SI,EDWIN GARZA,GERARDO DE LA GARZA,CARLOS ALONSO,OPERADORA DE AUTOPISTAS SAYULA,"Sandur, SIS-50-10-ilimitado, OPERADORA DE AUTOPISTAS SAYULA, SITIO: CASETA COBRO SAN MARCOS","[SO57544] Sandur, SIS-50-10-ilimitado, OPERADORA DE AUTOPISTAS SAYULA","5,500",,"5,500",SÍ,NO,SÍ,SATELITAL,SATELITAL,50,OFF,Starlink,12,EMPRESARIAL,VENTA DIRECTA,UPSALE,SÍ,"66,000.00",SÍ,2680033,,PENDIENTE PAGO,,
SO57550,LUMINET,MARZO,18/3/2026,,,,OSCAR RIVERA,,FISCALIA GENERAL DEL ESTADO DE COAHUILA DE ZARAGOZA,,,"721,153",,"721,153",SÍ,NO,NO,,,,N/A,,,GOBIERNO,OTRO,RENOVACIÓN,NO,0.00,NO,,,,,Se comfirma venta para facturar 2 SO en una sola
SO57631,XCIEN,MARZO,18/3/2026,19/3/2026,SI,CECILIA NUÑEZ,CARLOS ALONSO,CARLOS ALONSO,MAQUINARIAS PARA CONSTRUCCION PEZA,"Sandur, SIMP-15, MAQUINARIAS PARA CONSTRUCCION PEZA, SITIO: SANTA ISABEL",,"1,019",,"1,019",SÍ,NO,NO,PYME,PYME,15,ON,Santa Isabel,24,EMPRESARIAL,EAC,RENOVACIÓN,NO,"24,456.00",SÍ,2680035,,PAGADA,23/3/2026,Renovación
SO57457,LUMINET,MARZO,18/3/2026,24/3/2026,SI,EDWIN GARZA,FELIPE CAZARES,LEONARDO RODRÍGUEZ, KEVIN MANUEL RIOJAS GAYTAN,"Sandur, SIMP-15, KEVIN MANUEL RIOJAS GAYTAN, SITIO CALLE MITLA COLONIA MIRASIERRA","[SO57457] Sandur, SIMP-15, KEVIN MANUEL RIOJAS GAYTAN","1,599",,"1,599",NO,SÍ,SÍ,PYME,PYME,15,ON,Saltillo Oriente,12,EMPRESARIAL,VENTA DIRECTA,PRIMERA VENTA,SÍ,"19,188.00",SÍ,2681510,1/4/2026,PENDIENTE ELABORACIÓN,,
SO57606,XCIEN,MARZO,18/3/2026,26/3/2026,SI,EDWIN GARZA,GERARDO DE LA GARZA,IRIS RAMÍREZ,ADN ENERGIA,"Sandur, SVOZ-EXT-N2P, ADN ENERGIA, SITIO EL CARMEN","[SO57606] Sandur, SVOZ-EXT-N2P, ADN ENERGIA",337,,337,SÍ,NO,NO,SERVICIOS ADMINISTRADOS,TELEFONÍA,,OFF,N2P,36,EMPRESARIAL,VENTA DIRECTA,UPGRADE,SÍ,"12,132.00",SÍ,2681517,,PENDIENTE PAGO,,
SO57667,XCIEN,MARZO,19/3/2026,25/3/2026,SI,CECILIA NUÑEZ,PEDRO PAEZ,JONATHAN TORRES,ACADEMIA LIGA MEXICANA DE BEISBOL,"Sandur, SIDP-50, ACADEMIA LIGA MEXICANA DE BEISBOL, SITIO LAGUNA SAN MIGUEL","[SO57667] Sandur, SIDP-50, ACADEMIA LIGA MEXICANA DE BEISBOL",425,,425,SÍ,NO,NO,DEDICADO,DEDICADO,50,ON,El Carmen,12,EMPRESARIAL,VENTA DIRECTA,UPGRADE,SÍ,"5,100.96",SÍ,2681513,1/4/2026,PAGADA,6/4/2026,
SO57652,HUUS,MARZO,19/3/2026,16/4/2026,SI,NANCY FUENTES,FRANCISCO VILLATORO,FRANCISCO VILLATORO,COMERCIALIZADORA FARMACÉUTICA DE CHIAPAS,"HUUS, CDD, COMERCIALIZADORA FARMACEUTICA DE CHIAPAS, SITIO: VICENTE GUERRERO 1101",,,0,0,SÍ,NO,NO,,,,ON,Acuna Steren,,EMPRESARIAL,EAC,CAMBIO DE DOMICILIO,NO,0.00,NO,,,,,
SO56549,XCIEN,MARZO,19/3/2026,31/3/2026,SI,CECILIA NUÑEZ,CARLOS ALONSO,,TEREX GENIE MEXICO,"Sandur, SIDP-150, TEREX GENIE MEXICO, SITIO: PARQUE INDUSTRIAL NEXXUS",,"19,040",,"19,040",SÍ,NO,NO,DEDICADO,DEDICADO,150,ON,Denis,18,EMPRESARIAL,EAC,RENOVACIÓN,NO,"342,720.00",SÍ,,,,,Renovación
SO57526,XCIEN,MARZO,19/3/2026,27/3/2026,SI,CECILIA NUÑEZ,JORGE DE LA GARZA,JONATHAN TORRES,LOGISTORAGE,"Sandur, SIDP-50 + AD, LOGISTORAGE, Sitio: Queretaro KERRY","[SO57526] Sandur, SIDP-50 + AD, LOGISTORAGE","5,500",,"5,500",SÍ,NO,SÍ,DEDICADO,DEDICADO/AD,50,ON,Colorado,36,EMPRESARIAL,VENTA DIRECTA,UPSALE,SÍ,"198,000.00",SÍ,,,,,
SO57395,LUMINET,MARZO,19/3/2026,,,CECILIA NUÑEZ,OSCAR RIVERA,,GOBIERNO DEL ESTADO DE COAHUILA DE ZARAGOZA SF,"Quinta encino y cuarteles, SIDP-100, GOBIERNO DEL ESTADO DE COAHUILA DE ZARAGOZA SF, Quinta encino Ramos Arizpe",,"50,529",,"50,529",SÍ,NO,NO,DEDICADO,DEDICADO,100,ON,,11,GOBIERNO,OTRO,RENOVACIÓN,NO,"555,822.41",NO,,,,,Se crea solamente para tema de facturación.
SO57263,XCIEN,MARZO,19/3/2026,23/3/2026,SI,EDWIN GARZA,GERARDO DE LA GARZA,JONATHAN TORRES,RED ESTATAL DE AUTOPISTAS DE NUEVO LEON,"Sandur, SIDP-500, RED ESTATAL DE AUTOPISTAS DE NUEVO LEON, SITIO OFICINAS ZARCO","[SO57263] Sandur, SIDP-500, RED ESTATAL DE AUTOPISTAS DE NUEVO LEON","31,460",,"31,460",SÍ,NO,NO,DEDICADO,DEDICADO,500,ON,Purisima,12,EMPRESARIAL,VENTA DIRECTA,UPSALE,SÍ,"377,523.24",ODC,,,PENDIENTE ELABORACIÓN,,"Se pasa oportunidad para poder incrementar el sitio; del monto total se le va a regresar al cliente $30,000"
SO57721,XCIEN,MARZO,19/3/2026,,,CECILIA NUÑEZ,LEONARDO RODRÍGUEZ,,SOLUCIONES CONSTRUCTIVAS HC3,"Sandur, S-REUB-EQ, SOLUCIONES CONSTRUCTIVAS HC3, SITIO: SANTA CATARINA",,,990,990,SÍ,NO,NO,,,,N/A,,,EMPRESARIAL,EAC,REUBICACIÓN,NO,0.00,NO,,,,,
SO57613,LUMINET,MARZO,20/3/2026,14/4/2026,SI,FRANCISCO ALDAY,OSCAR RIVERA,,"GOBIERNO DEL ESTADO DE COAHUILA DE ZARAGOZA (Facturación Eventuales, Póliza y VPN)","Luminet, SIS-50-10-ilimitado, GOBIERNO DEL ESTADO DE COAHUILA DE ZARAGOZA (Facturación Eventuales, Póliza y VPN), Ministerio público de General Cepeda",,0,,0,SÍ,NO,NO,SATELITAL,SATELITAL,50,OFF,Starlink,12,GOBIERNO,OTRO,RENOVACIÓN,NO,0.00,NO,,,,,"Sitio ya se esta cobrando sin activar, pero ahora ya será activado"
SO57159,LUMINET,MARZO,20/3/2026,,,CECILIA NUÑEZ,OSCAR RIVERA,,GOBIERNO DEL ESTADO DE COAHUILA DE ZARAGOZA SF,"Concentrado Finanzas, SIDP-100, GOBIERNO DEL ESTADO DE COAHUILA DE ZARAGOZA SF, SECRETARIA DE FINANZAS",,,"660,040","660,040",SÍ,NO,NO,DEDICADO,DEDICADO,100,ON,,,GOBIERNO,OTRO,RENOVACIÓN,NO,0.00,NO,,,,,
SO56397,XCIEN,MARZO,20/3/2026,23/3/2026,SI,EDWIN GARZA,PEDRO MARTÍNEZ,DANIEL GONZÁLEZ,SILLETAS Y ESPACIADORES DE MEXICO,"Sandur, SIDP-40, SILLETAS Y ESPACIADORES DE MEXICO, SITIO: CEDIS NORTE","[SO56397] Sandur, SIDP-40, SILLETAS Y ESPACIADORES DE MEXICO",500,,500,SÍ,NO,NO,DEDICADO,DEDICADO,40,ON,Guadalupe,36,EMPRESARIAL,VENTA DIRECTA,UPGRADE,SÍ,"18,000.00",SÍ,2680038,,PENDIENTE PAGO,,
SO56399,XCIEN,MARZO,20/3/2026,23/3/2026,SI,EDWIN GARZA,PEDRO MARTÍNEZ,DANIEL GONZÁLEZ,SILLETAS Y ESPACIADORES DE MEXICO,"SA-WIFI-1U7Lite, SILLETAS Y ESPACIADORES DE MEXICO, SITIO: CEDIS NORTE","[SO56397] Sandur, SIDP-40, SILLETAS Y ESPACIADORES DE MEXICO",0,,0,SÍ,NO,NO,SERVICIOS ADMINISTRADOS,WIFI ADMINISTRADO,,ON,,36,EMPRESARIAL,VENTA DIRECTA,UPSALE,SÍ,0.00,SÍ,,,PENDIENTE ELABORACIÓN,,Cortesía
SO57458,LUMINET,MARZO,23/3/2026,27/4/2026,SI,EDWIN GARZA,FELIPE CAZARES,LEONARDO RODRÍGUEZ, KEVIN MANUEL RIOJAS GAYTAN,"Sandur, SVOZ-EXT-N2P, KEVIN MANUEL RIOJAS GAYTAN, SITIO CALLE MITLA COLONIA MIRASIERRA","[SO57458] Sandur, SVOZ-EXT-N2P, KEVIN MANUEL RIOJAS GAYTAN","1,120",,"1,120",SÍ,SÍ,NO,SERVICIOS ADMINISTRADOS,TELEFONÍA,,OFF,N2P,12,EMPRESARIAL,VENTA DIRECTA,UPSALE,SÍ,"13,440.00",SÍ,,,,,Se paga como servicio eventual; el 10% cada mes una vez pagada la factura
SO57281,XCIEN,MARZO,23/3/2026,26/3/2026,SI,CECILIA NUÑEZ,LEONARDO RODRÍGUEZ,LEONARDO RODRÍGUEZ,ABINCO,"Sandur, SIMP-20, ABINCO, SITIO:NERVO // FASE 2 BLINDAJE","[SO57281] Sandur, SIMP-20, ABINCO",101,,101,SÍ,NO,NO,PYME,PYME,20,ON,Nimiw,24,EMPRESARIAL,EAC,UPGRADE,SÍ,"2,424.00",SÍ,,,,,Incremento con renovación
SO57543,XCIEN,MARZO,23/3/2026,13/3/2026,SI,EDWIN GARZA,ALEJANDRA TELLEZ,DANIEL GONZÁLEZ,BH INSTALACIONES Y SERVICIOS BUENTELLO,"Sandur, SIDP-100, BH INSTALACIONES Y SERVICIOS BUENTELLO, PLANTA MONTEMORELOS","[SO57543] Sandur, SIDP-100, BH INSTALACIONES Y SERVICIOS BUENTELLO","11,500",,"11,500",NO,SÍ,SÍ,DEDICADO,DEDICADO,100,ON,Montemorelos,12,EMPRESARIAL,VENTA DIRECTA,PRIMERA VENTA,SÍ,"138,000.00",SÍ,,,,,
SO57674,XCIEN,MARZO,23/3/2026,13/3/2026,SI,EDWIN GARZA,ALEJANDRA TELLEZ,DANIEL GONZÁLEZ,BH INSTALACIONES Y SERVICIOS BUENTELLO,"Sandur, SA-WIFI-4U6Lite, BH INSTALACIONES Y SERVICIOS BUENTELLO, PLANTA MONTEMORELOS","[SO57674] Sandur, SA-WIFI-4U6Lite, BH INSTALACIONES Y SERVICIOS BUENTELLO","1,679",,"1,679",SÍ,SÍ,NO,SERVICIOS ADMINISTRADOS,WIFI ADMINISTRADO,,ON,,12,EMPRESARIAL,VENTA DIRECTA,UPSALE,SÍ,"20,148.00",SÍ,,,,,
SO56405,XCIEN,MARZO,23/3/2026,,PENDIENTE,KEVIN TORRES,EDUARDO TUEME,DANIEL GONZÁLEZ,GRUPO REYNERA,"Sandur, Collo-Rack/Data Center, GRUPO REYNERA, Grupo Reynera / Sitio: PODI","[SO56405] Sandur, Collo-Rack/Data Center, GRUPO REYNERA","18,000",,"18,000",SÍ,NO,NO,SERVICIOS ADMINISTRADOS,COUBICACIÓN,,ON,Podi,36,EMPRESARIAL,VENTA DIRECTA,UPSALE,SÍ,"648,000.00",SÍ,,,,,
SO57377,HUUS,MARZO,23/3/2026,27/3/2026,SI,NANCY FUENTES,RAFAEL PÉREZ,FRANCISCO VILLATORO, DPS GESTION DOCUMENTAL,"HUUS, SIDP-20, DPS GESTION DOCUMENTAL, SITIO: BODEGA CENTRO LOGISTICO LIBRAMIENTO","[SO57377] HUUS, SIDP-20, DPS GESTION DOCUMENTAL","2,100",,"2,100",SÍ,NO,SÍ,DEDICADO,DEDICADO,20,ON,Mitras,36,EMPRESARIAL,VENTA DIRECTA,UPSALE,SÍ,"75,600.00",SÍ,,,,,
SO57298,HUUS,MARZO,23/3/2026,7/4/2026,SI,NANCY FUENTES,RAFAEL PÉREZ,FRANCISCO VILLATORO, DPS GESTION DOCUMENTAL,"HUUS, SIDP-200, DPS GESTION DOCUMENTAL, SITIO:  Toluca 2000","[SO57298] HUUS, SIDP-200, DPS GESTION DOCUMENTAL","5,200",,"5,200",SÍ,NO,NO,DEDICADO,DEDICADO,200,ON,Toluca 2000,36,EMPRESARIAL,VENTA DIRECTA,UPGRADE,SÍ,"187,200.00",SÍ,,,,,
SO55620,XCIEN,MARZO,23/3/2026,24/4/2026,SI,KEVIN TORRES,OSCAR RIVERA,,SERVICIOS DE SALUD DE COAHUILA DE ZARAGOZA,"Renovacion 2026, SIMIM-RHYTERA, SERVICIOS DE SALUD DE COAHUILA DE ZARAGOZA., Edificio Victoria",,,"38,660","38,660",SÍ,NO,NO,,,,OFF,,12,GOBIERNO,OTRO,VENTA DE EQUIPO,NO,0.00,S/D,,,,,Renovación de la licencia de los radios hytera
SO57625,XCIEN,MARZO,24/3/2026,27/3/2026,SI,EDWIN GARZA,TIRSO ROMERO,JONATHAN TORRES,BEATRIZ PASCUALA RAMIREZ RAMIREZ,"Sandur, SIDP-100 + AD, BEATRIZ PASCUALA RAMIREZ RAMIREZ, SITIO: TRASLADOS Y MANIOBRAS  JCC SALTILLO","[SO57625] Sandur, SIDP-100 + AD, BEATRIZ PASCUALA RAMIREZ RAMIREZ","7,000",,"7,000",SÍ,NO,SÍ,DEDICADO,DEDICADO/AD,100,ON,Repe Derramadero,36,EMPRESARIAL,VENTA DIRECTA,UPSALE,SÍ,"252,000.00",SÍ,,,,,
SO57791,XCIEN,MARZO,24/3/2026,,,SERGIO ABREGO,CLAUDIA NIETO,,JUAN ERNESTO VELOZ IBARRA,"Sandur, SIP-30x15, JUAN ERNESTO VELOZ IBARRA., SITIO MISIÓN REAL",,0,,0,NO,SÍ,SÍ,PYME,PYME,30,ON,Huinala,,EMPRESARIAL,OTRO,CORTESÍA,NO,0.00,S/D,,,,,
SO57383,XCIEN,MARZO,24/3/2026,25/3/2026,SI,CECILIA NUÑEZ,CLAUDIA NIETO,,JESUS MARIO BELTRAN GONZALEZ,"INCREMENTO//Sandur, SIP-40, JESUS MARIO BELTRAN GONZALEZ, SITIO: GARCIA",,0,,0,SÍ,NO,NO,PYME,PROFESIONAL,40,ON,Valle de Lincoln,,EMPRESARIAL,OTRO,CORTESÍA,NO,0.00,S/D,,,,,
SO57700,XCIEN,MARZO,24/3/2026,30/3/2026,SI,SERGIO ABREGO,ALEJANDRA TELLEZ,LEONARDO RODRÍGUEZ,DIMREX,"Sandur, SIMP-30, DIMREX, SITIO 1: MIRASOL","[SO57700] Sandur, SIMP-30, DIMREX","1,800",,"1,800",NO,SÍ,SÍ,PYME,PYME,30,ON,Pda,36,EMPRESARIAL,DISTRIBUIDOR,PRIMERA VENTA,SÍ,"64,800.00",SÍ,2681515,1/4/2026,,,
SO57699,XCIEN,MARZO,24/3/2026,31/3/2026,SI,EDWIN GARZA,ALEJANDRA TELLEZ,LEONARDO RODRÍGUEZ,DIMREX,"Sandur, SIMPS-100, DIMREX, SITIO 2: VOLCANICA","[SO57699] Sandur, SIMPS-100, DIMREX","3,500",,"3,500",SÍ,SÍ,SÍ,PYME,PYME,100,ON,Sta. Catarina,36,EMPRESARIAL,DISTRIBUIDOR,UPSALE,SÍ,"126,000.00",SÍ,,,,,
SO57793,XCIEN,MARZO,24/3/2026,,,EDWIN GARZA,IRIS RAMÍREZ,,FOMENTO EMPRESARIAL INMOBILIARIO,"Sandur, CDD, FOMENTO EMPRESARIAL INMOBILIARIO, BO MORAVA 2",,,0,0,SÍ,NO,NO,,,,ON,,,EMPRESARIAL,EAC,CAMBIO DE DOMICILIO,NO,0.00,NO,,,,,
SO57614,XCIEN,MARZO,24/3/2026,,,EDWIN GARZA,LEONARDO RODRÍGUEZ,,BRADESCARD MEXICO,"Sandur, IN - C5x, BRADESCARD MEXICO, SITIO: ESCOBEDO, BODEGA AURRERA 2",,,"3,973","3,973",SÍ,NO,NO,,,,ON,,,EMPRESARIAL,EAC,VENTA DE EQUIPO,NO,0.00,S/D,,,,,Solamente se confirma venta para cobro de equipos robados
SO55634,XCIEN,MARZO,24/3/2026,14/4/2026,SI,KEVIN TORRES,JUAN ESCAMILLA,DANIEL GONZÁLEZ,SEYCVEL,"Sandur, SDWAN Plus - 20, SEYCVEL, Sitio:Natura","[SO55634] Sandur, SDWAN Plus - 20, SEYCVEL","4,001",,"4,001",SÍ,SÍ,NO,SERVICIOS ADMINISTRADOS,WIFI ADMINISTRADO,20,ON,Rojas,36,EMPRESARIAL,VENTA DIRECTA,UPSALE,SÍ,"144,036.00",SÍ,,,,,
SO57851,XCIEN,MARZO,25/3/2026,1/4/2026,SI,EDWIN GARZA,JAIME GARZA,LEONARDO RODRÍGUEZ,PARQUE FUNDIDORA,"Sandur, SIDP-500, PARQUE FUNDIDORA, SITIO: LA PASTORA","[SO57851] Sandur, SIDP-500, PARQUE FUNDIDORA","30,000",,"30,000",SÍ,NO,SÍ,DEDICADO,DEDICADO,500,ON,Guadalupe,36,EMPRESARIAL,VENTA DIRECTA,UPSALE,SÍ,"1,080,000.00",SÍ,,,,,
SO56297,HUUS,MARZO,25/3/2026,13/4/2026,SI,NANCY FUENTES,GERARDO DE LA PUENTE,FRANCISCO VILLATORO,PLASTIHOME WL,"HUUS, SVOZ-EX-NAVEL_CLOUD, PLASTIHOME WL, SITIO TEPOTZOTLAN","[Offnet:SO56297] HUUS, SVOZ-EX-NAVEL_CLOUD, PLASTIHOME WL","2,355",,"2,355",SÍ,NO,NO,SERVICIOS ADMINISTRADOS,TELEFONÍA,,OFF,AIISA,36,EMPRESARIAL,DISTRIBUIDOR,UPGRADE,SÍ,"84,780.00",NO,,,,,
SO57832,XCIEN,MARZO,25/3/2026,,,EDWIN GARZA,JONATHAN TORRES,,BLOCKERA REGIOMONTANA,"Sandur, SST-S, BLOCKERA REGIOMONTANA, SITIO REYNOSA",,,"1,500","1,500",SÍ,NO,NO,,,,ON,,,EMPRESARIAL,EAC,VISITA TÉCNICA,NO,0.00,NO,,,,,
SO57734,HUUS,MARZO,25/3/2026,7/4/2026,SI,NANCY FUENTES,ROBERTO GALINDO,FRANCISCO VILLATORO,SHELTER NEARSHORE,"HUUS, SVOZ-UNI_ESS100-N2P, SHELTER NEARSHORE, SITIO MATAMOROS 2","[SO57734] HUUS, SVOZ-UNI_ESS100-N2P, SHELTER NEARSHORE",260,,260,SÍ,SÍ,NO,SERVICIOS ADMINISTRADOS,TELEFONÍA,,OFF,N2P,36,EMPRESARIAL,VENTA DIRECTA,UPSALE,SÍ,"9,360.00",SÍ,2618351,9/4/2026,PENDIENTE PAGO,,
SO57876,XCIEN,MARZO,26/3/2026,,,EDWIN GARZA,IRIS RAMÍREZ,,FOMENTO EMPRESARIAL INMOBILIARIO,"Sandur, CDD, FOMENTO EMPRESARIAL INMOBILIARIO, BO ALBA 12",,,0,0,SÍ,NO,NO,,,,ON,Juárez,,EMPRESARIAL,EAC,CAMBIO DE DOMICILIO,NO,0.00,NO,,,,,
SO57412,LUMINET,MARZO,27/3/2026,8/4/2026,SI,CECILIA NUÑEZ,FELIPE CAZARES,DANIEL GONZÁLEZ,SLW BUSINESS CENTER,"Sandur, SIDP-100 + AD, SLW BUSINESS CENTER S.A. DE C.V., SITIO SLW RUFINO TAMAYO","[SO57412] Sandur, SIDP-100 + AD, SLW BUSINESS CENTER","6,500",,"6,500",NO,SÍ,SÍ,DEDICADO,DEDICADO/AD,100,ON,Loft,36,EMPRESARIAL,VENTA DIRECTA,PRIMERA VENTA,SÍ,"234,000.00",SÍ,,,,,
SO57424,LUMINET,MARZO,27/3/2026,,PENDIENTE,CECILIA NUÑEZ,FELIPE CAZARES,DANIEL GONZÁLEZ,SLW BUSINESS CENTER,"Sandur, SIDP-100 + AD, SLW BUSINESS CENTER S.A. DE C.V., SITIO SLW PARQUE CENTRO","[SO57424] Sandur, SIDP-100 + AD, SLW BUSINESS CENTER","6,500",,"6,500",NO,SÍ,SÍ,DEDICADO,DEDICADO/AD,100,ON,Loft,36,EMPRESARIAL,VENTA DIRECTA,PRIMERA VENTA,SÍ,"234,000.00",SÍ,,,,,
SO57558,LUMINET,MARZO,27/3/2026,16/4/2026,SI,CECILIA NUÑEZ,ADRIANA VÁLDES,LEONARDO RODRÍGUEZ, M.H LOGISTIC,"Luminet, SIDP-100, M.H LOGISTIC, SITIO NAVA","[SO57558] Luminet, SIDP-100, M.H LOGISTIC","1,501",,"1,501",SÍ,NO,NO,DEDICADO,DEDICADO,100,ON,Piedras Negras,36,EMPRESARIAL,VENTA DIRECTA,UPGRADE,SÍ,"54,036.00",SÍ,,,,,
SO56881,XCIEN,MARZO,27/3/2026,,,CECILIA NUÑEZ,DANIEL GONZÁLEZ,,3G ALTA ASESORES PATRIMONIALE,"Sandur, SID-20, 3G ALTA ASESORES PATRIMONIALES, SITIO: PATRIMONIAL",,"-5,550",,"-5,550",NO,SÍ,NO,DEDICADO,DEDICADO,30,ON,Capitolio,7,EMPRESARIAL,EAC,CAMBIO RAZÓN SOCIAL,NO,"-38,850.00",SÍ,,,,,
SO57918,LUMINET,MARZO,27/3/2026,23/4/2026,SI,CECILIA NUÑEZ,JONATHAN TORRES,JONATHAN TORRES,JOSÉ CARLOS ROBLES DE LAS FUENTES,"Luminet, SIDP-100, JOSÉ CARLOS ROBLES DE LAS FUENTES., CASA PAPA JOSE CARLOS",,0,,0,SÍ,NO,NO,DEDICADO,DEDICADO,100,ON,Loft,,EMPRESARIAL,EAC,UPGRADE,SÍ,0.00,NO,,,,,Cortesía de incremento para la casa del papá del Ing. José Carlos
SO57931,HUUS,MARZO,27/3/2026,,PENDIENTE,NANCY FUENTES,ROBERTO GALINDO,FRANCISCO VILLATORO,WALDO'S DOLAR MART DE MEXICO,"HUUS, SIMP-20, WALDO'S DOLAR MART DE MEXICO, 6402 CITADINA ESCOBEDO",,0,,0,SÍ,NO,NO,PYME,PYME,20,ON,Mirasur,,EMPRESARIAL,VENTA DIRECTA,UPGRADE,SÍ,0.00,NO,,,,,Servicio a prueba por 3 días
SO57940,XCIEN,MARZO,27/3/2026,31/3/2026,SI,EDWIN GARZA,GERARDO DE LA GARZA,DANIEL GONZÁLEZ,DEACERO,"Sandur, SIDP-20, DEACERO, SITIO: ACERÍA RAMOS 20 Mbps","[SO57940] Sandur, SIDP-20, DEACERO","5,700",,"5,700",SÍ,NO,SÍ,DEDICADO,DEDICADO,20,ON,Ramazini,36,EMPRESARIAL,VENTA DIRECTA,UPSALE,SÍ,"205,200.00",ODC,2681516,,PENDIENTE PAGO,,
SO57737,LUMINET,MARZO,28/3/2026,8/4/2026,SI,FRANCISCO ALDAY,JULIO PUENTE,CARLOS ALONSO,TRANSPORTES NARRO VILLARREAL,"Luminet, SIDP-200, TRANSPORTES NARRO VILLARREAL, G298+CGX RAMOS ARIZPE, COAHUILA DE ZARAGOZA","[SO57737] Luminet, SIDP-200, TRANSPORTES NARRO VILLARREAL","1,500",,"1,500",SÍ,NO,NO,DEDICADO,DEDICADO,200,ON,Mecasa Ramos,24,EMPRESARIAL,VENTA DIRECTA,UPGRADE,SÍ,"36,000.00",SÍ,,,,,
SO57789,XCIEN,MARZO,30/3/2026,31/3/2026,SI,FRANCISCO ALDAY,OSCAR RIVERA,,PARTIDO REVOLUCIONARIO INSTITUCIONAL,"Sandur, SCET, PARTIDO REVOLUCIONARIO INSTITUCIONAL, Oficinas PRI Torreon",,,"4,294","4,294",SÍ,NO,NO,,,,OFF,,,GOBIERNO,OTRO,VENTA DE EQUIPO,NO,0.00,S/D,,,,,Compra de nodo
SO57922,HUUS,MARZO,30/3/2026,,,NANCY FUENTES,IRIS RAMÍREZ,,FINANCIERA INDEPENDENCIA,"HUUS, CDD, FINANCIERA INDEPENDENCIA S.A.B. DE C.V., SOFOM, E.N.R., SITIO JUAREZ 15",,,0,0,SÍ,NO,NO,,,,OFF,Satelites del norte,,EMPRESARIAL,EAC,CAMBIO DE DOMICILIO,NO,0.00,NO,,,,,Sin costo por retención del cliente
SO57949,LUMINET,MARZO,30/3/2026,15/4/2026,SI,CECILIA NUÑEZ,DANIEL GONZÁLEZ,,DIRECCION DE PENSIONES DE LOS TRABAJADORES DE LA EDUCACION,"Luminet, CDD, DIRECCION DE PENSIONES DE LOS TRABAJADORES DE LA EDUCACION, Sección 38",,,0,0,SÍ,NO,NO,,,,ON,Jolla,,EMPRESARIAL,EAC,CAMBIO DE DOMICILIO,NO,0.00,NO,,,,,Sin costo ya que ya se cobro el cdd sin que se llevara a cabo
SO56906,LUMINET,MARZO,30/3/2026,27/4/2026,SI,FRANCISCO ALDAY,ROSA SOLÍS,,ACERO PRIME,"Luminet, SST-R, ACERO PRIME, Aceros Prime- Parq. Industrial Santa Maria","[SO56906] Luminet, SST-R, ACERO PRIME",,"8,731","8,731",NO,SÍ,NO,SERVICIOS ADMINISTRADOS,EVENTUAL,,ON,,,EMPRESARIAL,VENTA DIRECTA,VENTA DE EQUIPO,NO,0.00,SÍ,,,,,Configuraciones de 8 AP + CONTROLADORA Unifi
SO54872,HUUS,MARZO,31/3/2026,,PENDIENTE,NANCY FUENTES,ROBERTO GALINDO,FRANCISCO VILLATORO,EMPRESAS IAI,"HUUS, SIDP-40, EMPRESAS IAI, SITIO: SAN LUIS POTOSI","[SO54872] HUUS, SIDP-40, EMPRESAS IAI","3,900",,"3,900",SÍ,NO,SÍ,DEDICADO,DEDICADO,40,ON,San Antonio TRM2,36,EMPRESARIAL,VENTA DIRECTA,UPSALE,SÍ,"140,400.00",SÍ,,,,,
SO56346,HUUS,MARZO,31/3/2026,21/4/2026,SI,NANCY FUENTES,ROBERTO GALINDO,FRANCISCO VILLATORO,EMPRESAS IAI,"HUUS, SIPHA-IPv4, EMPRESAS IAI, SITIO: MATAMOROS","[Offnet:SO56346] HUUS, SIPHA-IPv4, EMPRESAS IAI",750,,750,SÍ,NO,NO,SERVICIOS ADMINISTRADOS,IP ADICIONAL,,OFF,IENTC,36,EMPRESARIAL,VENTA DIRECTA,UPSALE,SÍ,"27,000.00",SÍ,,,,,
SO57939,XCIEN,MARZO,31/3/2026,,PENDIENTE,CECILIA NUÑEZ,ALEJANDRA TELLEZ,LEONARDO RODRÍGUEZ,TECNOLOGIA EN  SISTEMAS Y ENLACES,"Sandur, SIDP-20, TECNOLOGIA EN SISTEMAS Y ENLACES, SERVICIO VIC MAR TEPEYAC","[SO57939] Sandur, SIDP-20, TECNOLOGIA EN SISTEMAS Y ENLACES",263,,263,SÍ,NO,NO,DEDICADO,DEDICADO,20,ON,Sta. Catarina,36,EMPRESARIAL,DISTRIBUIDOR,UPGRADE,SÍ,"9,457.20",SÍ,,,,,
SO57974,LUMINET,MARZO,31/3/2026,1/4/2026,SI,FRANCISCO ALDAY,OSCAR RIVERA,,"GOBIERNO DEL ESTADO DE COAHUILA DE ZARAGOZA (Facturación Eventuales, Póliza y VPN)","Luminet, SID-20, GOBIERNO DEL ESTADO DE COAHUILA DE ZARAGOZA (Facturación Eventuales, Póliza y VPN), Fracc Misiones X",,"4,000",,"4,000",SÍ,NO,SÍ,DEDICADO,DEDICADO,20,ON,Loft,12,GOBIERNO,OTRO,UPSALE,SÍ,"48,000.00",NO,,,,,
SO56441,HUUS,MARZO,31/3/2026,,PENDIENTE,NANCY FUENTES,GERARDO DE LA PUENTE,FRANCISCO VILLATORO,DEREMATE.COM DE MEXICO,"HUUS, SIDP-100, DEREMATE.COM DE MEXICO, SITIO: SVC SALTILLO","[Offnet:SO56441] HUUS, SIDP-100, DEREMATE.COM DE MEXICO","15,000",,"15,000",SÍ,NO,SÍ,DEDICADO,DEDICADO,100,OFF,IENTC,36,EMPRESARIAL,DISTRIBUIDOR,UPSALE,SÍ,"540,000.00",SÍ,,,,,
SO57830,XCIEN,MARZO,31/3/2026,8/4/2026,SI,CECILIA NUÑEZ,JUAN ESCAMILLA,IRIS RAMÍREZ,MIRADOR AUTOMOTRIZ,"Sandur, SIDP-100 + AD, MIRADOR AUTOMOTRIZ, Sitio:Mirador","[SO57830] Sandur, SIDP-100 + AD, MIRADOR AUTOMOTRIZ","1,000",,"1,000",SÍ,NO,NO,DEDICADO,DEDICADO/AD,100,ON,Loma Larga,36,EMPRESARIAL,VENTA DIRECTA,UPGRADE,SÍ,"36,000.00",SÍ,,,,,
SO57984,XCIEN,ABRIL,6/4/2026,,,KEVIN TORRES,IRIS RAMÍREZ,,CAL QUIMICA MEXICANA,"Sandur, CDD, CAL QUIMICA MEXICANA, HIDRATACIÓN 1",,,0,0,SÍ,NO,NO,,,,ON,,,EMPRESARIAL,EAC,CAMBIO DE DOMICILIO,NO,0.00,NO,,,,,
SO57987,XCIEN,ABRIL,6/4/2026,14/4/2026,SI,CECILIA NUÑEZ,CARLOS ALONSO,,"CPS MOLDING, CPS MOLDING","Sandur, CDD, CPS MOLDING, CPS MOLDING / Sitio: Kalos Apodaca 2",,,"1,990","1,990",SÍ,NO,NO,,,,ON,,,EMPRESARIAL,EAC,CAMBIO DE DOMICILIO,NO,0.00,NO,,,,,
SO57009,HUUS,ABRIL,6/4/2026,10/4/2026,SI,NANCY FUENTES,GERARDO DE LA PUENTE,FRANCISCO VILLATORO,CONCRETOS TECNICOS DE MEXICO,"HUUS, SIDP-20, CONCRETOS TECNICOS DE MEXICO, SITIO: PESQUERIA","[SO57009] HUUS, SIDP-20, CONCRETOS TECNICOS DE MEXICO","3,099",,"3,099",SÍ,NO,SÍ,DEDICADO,DEDICADO,20,ON,Pesquería Lee,36,EMPRESARIAL,VENTA DIRECTA,UPSALE,SÍ,"111,564.00",SÍ,,,,,
SO57562,XCIEN,ABRIL,6/4/2026,9/4/2026,SI,EDWIN GARZA,DANIEL GONZÁLEZ,, RHINO EXPRESS,"Sandur, SID-20, RHINO EXPRESS, SITIO TERMINAL MONTERREY",,"4,199",,"4,199",SÍ,NO,NO,DEDICADO,DEDICADO,20,ON,Sta. Rosa,36,EMPRESARIAL,EAC,RENOVACIÓN,NO,"151,164.00",SÍ,,,,,Renovación
SO57986,XCIEN,ABRIL,7/4/2026,10/4/2026,SI,SERGIO ABREGO,EDUARDO TUEME,,BRUNO DE LA FUENTE BARRERA,"Sandur, SIEV-30, BRUNO DE LA FUENTE BARRERA, SITIO: PRIME BOXING EDIFICIO ESTACIONAMIENTO 24","[SO57986] Sandur, SIEV-30, BRUNO DE LA FUENTE BARRERA",,"8,990","8,990",NO,SÍ,SÍ,DEDICADO,EVENTUAL,30,ON,Loma Larga,,EMPRESARIAL,VENTA DIRECTA,EVENTUAL,NO,0.00,NO,,,,,
SO57936,HUUS,ABRIL,7/4/2026,,,NANCY FUENTES,IRIS RAMÍREZ,,RENT'S SOLUTION,"HUUS, SST-S, RENT'S SOLUTION, Navetec Alfa",,,"6,456","6,456",SÍ,NO,NO,,,,OFF,,,EMPRESARIAL,EAC,VENTA DE EQUIPO,NO,0.00,S/D,,,,,Se hará pago de equipo a wisp que no se pudo recuperar en la cancelación del servicio
SO51179,XCIEN,ABRIL,7/4/2026,,,EDWIN GARZA,JONATHAN TORRES,,CONSTRUCTORA PROYECTOS CINTALAPA,"Sandur, SID-20, CONSTRUCTORA PROYECTOS CINTALAPA, Hotel 500",,"2,800",,"2,800",SÍ,NO,NO,DEDICADO,DEDICADO,20,ON,Loma Larga,,EMPRESARIAL,EAC,DECREMENTO,NO,0.00,SÍ,,,,,Se decremanta servicio por retención de la cuenta; se pone alta disponibilidad sin costo
SO57644,XCIEN,ABRIL,7/4/2026,,,CECILIA NUÑEZ,JONATHAN TORRES,,CONSTRUCCIONES INTEGRALES DIOH,"Sandur, SID-20, CONSTRUCCIONES INTEGRALES DIOH, HOTEL DIOH",,"2,800",,"2,800",SÍ,NO,NO,DEDICADO,DEDICADO,20,ON,Capitolio,,EMPRESARIAL,EAC,DECREMENTO,NO,0.00,SÍ,,,,,
SO57352,LUMINET,ABRIL,7/4/2026,,,CECILIA NUÑEZ,ALEJANDRO ESPARZA,,GOBIERNO DEL ESTADO DE COAHUILA DE ZARAGOZA SF,"Luminet, SIEV-20, GOBIERNO DEL ESTADO DE COAHUILA DE ZARAGOZA SF, Nube Publica AFG (ICV)",,,"7,967","7,967",SÍ,NO,NO,DEDICADO,EVENTUAL,20,N/A,,,GOBIERNO,OTRO,EVENTUAL,NO,0.00,NO,,,,,Se confirma venta para cobro de incremento eventual que se realizó en los servicios de nube suministrados al Gobierno de Coahuila (paga fácil)
SO58038,LUMINET,ABRIL,7/4/2026,18/4/2026,SI,CECILIA NUÑEZ,OSCAR RIVERA,, COLEGIO DE BACHILLERES DE COAHUILA,"DEMO, SIDP-100, COLEGIO DE BACHILLERES DE COAHUILA, SITIO CHIHUAHUA",,0,,0,SÍ,NO,NO,DEDICADO,DEDICADO,100,ON,Jolla,,GOBIERNO,OTRO,DEMO,NO,0.00,NO,,,,,Incremento a 100 mb a prueba por 15 días
SO57196,LUMINET,ABRIL,7/4/2026,29/4/2026,SI,CECILIA NUÑEZ,OSCAR RIVERA,, COLEGIO DE ESTUDIOS CIENTIFICOS Y TECNOLOGICOS DEL ESTADO DE COAHUIL,"Equipamiento 2026, SST-S, COLEGIO DE ESTUDIOS CIENTIFICOS Y TECNOLOGICOS DEL ESTADO DE COAHUILA, SITIO DIRECCIÓN GENERAL CECYTEC",,0,,0,SÍ,NO,NO,,,,N/A,,,GOBIERNO,OTRO,VISITA TÉCNICA,NO,0.00,NO,,,,,
SO57061,XCIEN,ABRIL,8/4/2026,29/4/2026,SI,SERGIO ABREGO,JUAN ESCAMILLA,,AZTEK TECHNOLOGIES,"Sandur, SIDP-20, AZTEK TECHNOLOGIES, Sitio:Torre","[SO57061] Sandur, SIDP-20, AZTEK TECHNOLOGIES","2,500",,"2,500",NO,SÍ,SÍ,DEDICADO,DEDICADO,20,ON,Vasconcelos,24,EMPRESARIAL,VENTA DIRECTA,PRIMERA VENTA,SÍ,"60,000.00",SÍ,,,,,
SO56871,XCIEN,ABRIL,8/4/2026,,,EDWIN GARZA,IRIS RAMÍREZ,IRIS RAMÍREZ,CASAS JAVER,"Sandur, SIDP-50 + AD, CASAS JAVER, Brisas del Valle",,300,,300,SÍ,NO,NO,DEDICADO,DEDICADO/AD,50,ON,Coyotepec,24,EMPRESARIAL,EAC,UPGRADE,SÍ,"7,200.00",SÍ,,,,,Se incrementa con alta disponibilidad//Servicio a prueba 1 mes
SO58083,LUMINET,ABRIL,8/4/2026,,,CECILIA NUÑEZ,JULIO PUENTE,,INTERNATIONAL MANUFACTURING SOLUTIONS OPERACIONES,"Luminet, SIDP-200, INTERNATIONAL MANUFACTURING SOLUTIONS OPERACIONES, Blvd. Cesar H. Cantú Benavides 1465, Parque Industrial Alianza- Derramadero, Saltillo, Coah, México C.P. 25304",,,"18,000","18,000",SÍ,NO,NO,DEDICADO,DEDICADO,200,ON,Repe Derramadero,,EMPRESARIAL,VENTA DIRECTA,EVENTUAL,NO,0.00,NO,,,,,Se confirma venta
SO57645,XCIEN,ABRIL,8/4/2026,,,EDWIN GARZA,ALEJANDRA TELLEZ,JONATHAN TORRES,INDUSTRIAS COSAL,"Sandur, SIDP-50 + AD, INDUSTRIAS COSAL, GUADALAJARA","[SO57645] Sandur, SIDP-50 + AD, INDUSTRIAS COSAL","9,990",,"9,990",SÍ,NO,SÍ,DEDICADO,DEDICADO/AD,50,ON,Cerro del Cuatro,36,EMPRESARIAL,DISTRIBUIDOR,UPSALE,SÍ,"359,640.00",SÍ,,,,,
SO58117,XCIEN,ABRIL,9/4/2026,,,FRANCISCO ALDAY,OSCAR RIVERA,,"COMISARIA DE SEGURIDAD Y PROTECCION CIUDADANA DEL MUNICIPIO DE SALTILLO, COAHUILA DE ZARAGOZA","Sandur, SST-S, COMISARIA DE SEGURIDAD Y PROTECCION CIUDADANA DEL MUNICIPIO DE SALTILLO, COAHUILA DE ZARAGOZA, Centro de control y comando",,,"162,518","162,518",SÍ,NO,SÍ,,,,N/A,,,GOBIERNO,OTRO,VENTA DE EQUIPO,NO,0.00,S/D,,,,,
SO57741,HUUS,ABRIL,9/4/2026,,,NANCY FUENTES,RAFAEL PÉREZ,FRANCISCO VILLATORO, DPS GESTION DOCUMENTAL,"HUUS, SVOZ-EXT-N2P, DPS GESTION DOCUMENTAL, SITIO: BODEGA CENTRO LOGISTICO LIBRAMIENTO","[SO57741] HUUS, SVOZ-EXT-N2P, DPS GESTION DOCUMENTAL",250,,250,SÍ,NO,NO,SERVICIOS ADMINISTRADOS,TELEFONÍA,,OFF,N2P,36,EMPRESARIAL,VENTA DIRECTA,UPSALE,SÍ,"9,000.00",SÍ,,,,,
SO56316,XCIEN,ABRIL,9/4/2026,16/4/2026,SI,CECILIA NUÑEZ,LEONARDO RODRÍGUEZ,,GAS EL DERRAMADERO,"Sandur, SIDP-30, GAS EL DERRAMADERO, SITIO: GAS EL DERRAMADERO",,"2,799",,"2,799",SÍ,NO,NO,DEDICADO,DEDICADO,30,ON,Repe Derramadero,36,EMPRESARIAL,EAC,RENOVACIÓN,NO,"100,764.00",SÍ,,,,,Renovación
SO56315,XCIEN,ABRIL,9/4/2026,9/4/2026,SI,EDWIN GARZA,LEONARDO RODRÍGUEZ,,"SERVICIO DOS PINOS, SITIO SERVICIO DOS PINOS","Sandur, SIDP-20, SERVICIO DOS PINOS, SITIO SERVICIO DOS PINOS// FASE 1 BLINDAJE",,"1,599",,"1,599",SÍ,NO,NO,DEDICADO,DEDICADO,20,ON,Gran Plaza Salrillo,36,EMPRESARIAL,EAC,RENOVACIÓN,NO,"57,564.00",SÍ,,,,,Renovación
SO58087,LUMINET,ABRIL,9/4/2026,21/4/2026,SI,EDWIN GARZA,FELIPE CAZARES,JONATHAN TORRES,GB&C,"Sandur, SVOZ-DID_ADI-N2P, GB&C, SITIO AGUILA LIBRAMIENTO OSCAR FLORES TAPIA","[SO58087] Sandur, SVOZ-DID_ADI-N2P, GB&C",60,,60,SÍ,SÍ,NO,SERVICIOS ADMINISTRADOS,TELEFONÍA,,OFF,N2P,36,EMPRESARIAL,VENTA DIRECTA,UPGRADE,SÍ,"2,160.00",SÍ,,,,,
SO57884,LUMINET,ABRIL,10/4/2026,,,CECILIA NUÑEZ,OSCAR RIVERA,,"GOBIERNO DEL ESTADO DE COAHUILA DE ZARAGOZA TM,","Marzo, SIDP-20, GOBIERNO DEL ESTADO DE COAHUILA DE ZARAGOZA TM, Cesame Saltillo",,"5,097",,"5,097",SÍ,NO,NO,DEDICADO,DEDICADO,20,N/A,,,GOBIERNO,OTRO,RENOVACIÓN,NO,0.00,NO,,,,,Se confirma venta para elaboración de factura del mes de marzo
SO58138,XCIEN,ABRIL,13/4/2026,,,FRANCISCO ALDAY,OSCAR RIVERA,,"COMISARIA DE SEGURIDAD Y PROTECCION CIUDADANA DEL MUNICIPIO DE SALTILLO, COAHUILA DE ZARAGOZA","Sandur, SST-S, COMISARIA DE SEGURIDAD Y PROTECCION CIUDADANA DEL MUNICIPIO DE SALTILLO, COAHUILA DE ZARAGOZA, Campo de tiro",,,"30,419","30,419",SÍ,NO,SÍ,,,,N/A,,,GOBIERNO,OTRO,VENTA DE EQUIPO,NO,0.00,S/D,,,,,
SO58143,XCIEN,ABRIL,13/4/2026,,,FRANCISCO ALDAY,OSCAR RIVERA,,"COMISARIA DE SEGURIDAD Y PROTECCION CIUDADANA DEL MUNICIPIO DE SALTILLO, COAHUILA DE ZARAGOZA","Sandur, SST-S, COMISARIA DE SEGURIDAD Y PROTECCION CIUDADANA DEL MUNICIPIO DE SALTILLO, COAHUILA DE ZARAGOZA, PRISMA 3",,,"30,419","30,419",SÍ,NO,SÍ,,,,N/A,,,GOBIERNO,OTRO,VENTA DE EQUIPO,NO,0.00,S/D,,,,,
SO58142,XCIEN,ABRIL,13/4/2026,,,FRANCISCO ALDAY,OSCAR RIVERA,,"COMISARIA DE SEGURIDAD Y PROTECCION CIUDADANA DEL MUNICIPIO DE SALTILLO, COAHUILA DE ZARAGOZA","Sandur, SST-S, COMISARIA DE SEGURIDAD Y PROTECCION CIUDADANA DEL MUNICIPIO DE SALTILLO, COAHUILA DE ZARAGOZA, LA PEÑA",,,"30,419","30,419",SÍ,NO,SÍ,,,,N/A,,,GOBIERNO,OTRO,VENTA DE EQUIPO,NO,0.00,S/D,,,,,
SO58140,XCIEN,ABRIL,13/4/2026,,,FRANCISCO ALDAY,OSCAR RIVERA,,"COMISARIA DE SEGURIDAD Y PROTECCION CIUDADANA DEL MUNICIPIO DE SALTILLO, COAHUILA DE ZARAGOZA","Sandur, SST-S, COMISARIA DE SEGURIDAD Y PROTECCION CIUDADANA DEL MUNICIPIO DE SALTILLO, COAHUILA DE ZARAGOZA, Camino loma alta",,,"30,419","30,419",SÍ,NO,SÍ,,,,N/A,,,GOBIERNO,OTRO,VENTA DE EQUIPO,NO,0.00,S/D,,,,,
SO57994,XCIEN,ABRIL,13/4/2026,24/4/2026,SI,KEVIN TORRES,JORGE DE LA GARZA,IRIS RAMÍREZ, SEKAI TECHNOLOGY,"Sandur, SIDP-20, SEKAI TECHNOLOGY, Sitio: Ciénega de Flores","[SO57994] Sandur, SIDP-20, SEKAI TECHNOLOGY","2,100",,"2,100",SÍ,NO,SÍ,DEDICADO,DEDICADO,20,ON,Rojas,36,EMPRESARIAL,VENTA DIRECTA,UPSALE,SÍ,"75,600.00",SÍ,,,,,
SO58135,LUMINET,ABRIL,13/4/2026,,,FRANCISCO ALDAY,JULIO PUENTE,,PMX HOLDING 1,"Luminet, SVOZ-EXT-N2P, PMX HOLDING 1, Pedro Ramirez Vazquez 200-13 Nivel 2, Zona Valle Oriente, San Pedro Garza Garcia,  Nuevo Leon C.P. 66278, Mexico","[SO58135] Luminet, SVOZ-EXT-N2P, PMX HOLDING 1","1,021",,"1,021",NO,SÍ,NO,SERVICIOS ADMINISTRADOS,TELEFONÍA,,OFF,N2P,12,EMPRESARIAL,VENTA DIRECTA,PRIMERA VENTA,SÍ,"12,252.00",SÍ,,,,,
SO58136,LUMINET,ABRIL,13/4/2026,,,FRANCISCO ALDAY,JULIO PUENTE,,PMX HOLDING 2,"Luminet, SVOZ-EXT-N2P, PMX HOLDING 2, Pedro Ramirez Vazquez 200-13 Nivel 2, Zona Valle Oriente, San Pedro Garza Garcia,  Nuevo Leon C.P. 66278, Mexico","[SO58136] Luminet, SVOZ-EXT-N2P, PMX HOLDING","1,021",,"1,021",NO,SÍ,NO,SERVICIOS ADMINISTRADOS,TELEFONÍA,,OFF,N2P,12,EMPRESARIAL,VENTA DIRECTA,UPSALE,SÍ,"12,252.00",SÍ,,,,,
SO58054,LUMINET,ABRIL,13/4/2026,,,CECILIA NUÑEZ,OSCAR RIVERA,,FISCALIA GENERAL DEL ESTADO DE COAHUILA DE ZARAGOZA,"Luminet, SIDP-200, FISCALIA GENERAL DEL ESTADO DE COAHUILA DE ZARAGOZA, Fiscalia general del estado de coahuila",,,"314,000","314,000",SÍ,NO,NO,DEDICADO,DEDICADO,200,N/A,,1,GOBIERNO,OTRO,RENOVACIÓN,NO,0.00,NO,,,,,Oportunidad se crea para fines de facturación
SO58014,HUUS,ABRIL,13/4/2026,17/4/2026,SI,NANCY FUENTES,ADRIANA CABALLERO,FRANCISCO VILLATORO,URREA HERRAMIENTAS PROFESIONALES,"HUUS, SIS-50-10-ilimitado, URREA HERRAMIENTAS PROFESIONALES, SITIO: MEGAPARQUE, TABASCO","[Offnet:SO58014] HUUS, SIS-50-10-ilimitado, URREA HERRAMIENTAS PROFESIONALES","6,610",,"6,610",SÍ,NO,SÍ,SATELITAL,SATELITAL,50,OFF,Satelites del norte,12,EMPRESARIAL,VENTA DIRECTA,UPSALE,SÍ,"79,320.00",SÍ,,,,,
SO58098,HUUS,ABRIL,14/4/2026,18/4/2026,SI,NANCY FUENTES,DANIEL GONZÁLEZ,,DEMEK,"HUUS, CDD, DEMEK, SITIO: NAYARIT",,,"5,800","5,800",SÍ,NO,NO,,,,ON,,,EMPRESARIAL,EAC,CAMBIO DE DOMICILIO,NO,0.00,NO,,,,,
SO58201,XCIEN,ABRIL,14/4/2026,,,FRANCISCO ALDAY,OSCAR RIVERA,,"COMISARIA DE SEGURIDAD Y PROTECCION CIUDADANA DEL MUNICIPIO DE SALTILLO, COAHUILA DE ZARAGOZA","Sandur, SST-S, COMISARIA DE SEGURIDAD Y PROTECCION CIUDADANA DEL MUNICIPIO DE SALTILLO, COAHUILA DE ZARAGOZA, Blvd Enrique Myz y Myz Esq  Francisco Narro ( Col Australia)",,,"22,590","22,590",SÍ,NO,SÍ,,,,N/A,,,GOBIERNO,OTRO,VENTA DE EQUIPO,NO,0.00,S/D,,,,,Pago único
SO58200,XCIEN,ABRIL,14/4/2026,,,FRANCISCO ALDAY,OSCAR RIVERA,,"COMISARIA DE SEGURIDAD Y PROTECCION CIUDADANA DEL MUNICIPIO DE SALTILLO, COAHUILA DE ZARAGOZA","Sandur, SST-S, COMISARIA DE SEGURIDAD Y PROTECCION CIUDADANA DEL MUNICIPIO DE SALTILLO, COAHUILA DE ZARAGOZA, Blvd Enrique Mtz y W. Gonzalez  ( Eulalio Gtz)",,,"22,590","22,590",SÍ,NO,SÍ,,,,N/A,,,GOBIERNO,OTRO,VENTA DE EQUIPO,NO,0.00,S/D,,,,,Pago único
SO58101,HUUS,ABRIL,14/4/2026,20/4/2026,SI,NANCY FUENTES,ADRIANA CABALLERO,FRANCISCO VILLATORO,GRUPO COMERCIAL DE MEXICO,"HUUS, SIS-50-10-ilimitado, GRUPO COMERCIAL DE MEXICO, SITIO: MAGDALENA DE LAS SALINAS, CDMX","[SO58101] HUUS, SIS-50-10-ilimitado, GRUPO COMERCIAL DE MEXICO","4,900",,"4,900",SÍ,SÍ,SÍ,SATELITAL,SATELITAL,50,ON,Starlink,24,EMPRESARIAL,VENTA DIRECTA,UPSALE,SÍ,"117,600.00",SÍ,,,,,
SO57967,LUMINET,ABRIL,14/4/2026,,,KEVIN TORRES,LEONARDO RODRÍGUEZ,, TRAMITES ADUANALES EXPRESS,"Luminet, SIDP-20, TRAMITES ADUANALES EXPRESS, SITIO: GAMAS- TRAMITES ADUANALES EXPRESS",,"-3,451",,"-3,451",SÍ,NO,NO,DEDICADO,DEDICADO,20,ON,Piedras Negras,24,EMPRESARIAL,EAC,DECREMENTO,NO,"-82,824.00",SÍ,,,,,Decremento por retención y renovación de la cuenta 
SO58209,XCIEN,ABRIL,15/4/2026,17/4/2026,SI,EDWIN GARZA,LEONARDO RODRÍGUEZ,,FERNANDO ALFREDO GONZALEZ HERNANDEZ,"Sandur, SIMP-20, FERNANDO ALFREDO GONZALEZ HERNANDEZ, SITIO: SAN PEDRO",,959,,959,SÍ,NO,NO,PYME,PYME,20,ON,Capitolio,36,EMPRESARIAL,EAC,RENOVACIÓN,NO,"34,524.00",SÍ,,,,,Incremento por renovación de contrato
SO57736,XCIEN,ABRIL,15/4/2026,17/4/2026,SI,CECILIA NUÑEZ,PEDRO PAEZ,JONATHAN TORRES,I-LOG DE MEXICO,"Sandur, SIDP-20, I-LOG DE MEXICO, SITIO TRANSPORTES ORTIZ","[SO57736] Sandur, SIDP-20, I-LOG DE MEXICO",400,,400,SÍ,NO,NO,DEDICADO,DEDICADO,20,ON,Loft,36,EMPRESARIAL,VENTA DIRECTA,UPGRADE,SÍ,"14,400.00",SÍ,,,,,
SO58195,XCIEN,ABRIL,15/4/2026,,,EDWIN GARZA,LEONARDO RODRÍGUEZ,LEONARDO RODRÍGUEZ,FERROS TRUCKING,"Sandur, SIMP-20, FERROS TRUCKING, SITIO: AMBROZ 108  // FASE 3 BLINDAJE",,-199,,-199,SÍ,NO,NO,PYME,PYME,20,ON,Santa Rosa,36,EMPRESARIAL,EAC,DECREMENTO,NO,"-7,164.00",SÍ,,,,,Decremento de costo por renovación de la cuenta
SO57706,XCIEN,MAYO,15/4/2026,4/5/2026,SI,SERGIO ABREGO,PEDRO PAEZ,LEONARDO RODRÍGUEZ,GARAGE Y TALLERES,"Sandur, SIDP-20, GARAGE Y TALLERES, SITIO: LOTE 51 LINCOLN","[SO57706] Sandur, SIDP-20, GARAGE Y TALLERES","1,800",,"1,800",SÍ,NO,SÍ,DEDICADO,DEDICADO,20,ON,Pda,36,EMPRESARIAL,VENTA DIRECTA,DEMO,NO,"64,800.00",NO,,,,,Servicio a prueba por una semana a partir de su instalación
SO58156,XCIEN,ABRIL,16/4/2026,,,EDWIN GARZA,IRIS RAMÍREZ,IRIS RAMÍREZ,CASAS JAVER,"Sandur, AD-LTE/100, CASAS JAVER, Brisas del Valle",,,0,0,SÍ,NO,NO,SERVICIOS ADMINISTRADOS,ALTA DISPONIBILIDAD,,ON,,24,EMPRESARIAL,EAC,DEMO,NO,0.00,NO,,,,,Oportunidad se crea para instalaicón de equipo que no venía contemplado en la anterior tarea
SO58007,XCIEN,ABRIL,16/4/2026,,,EDWIN GARZA,IRIS RAMÍREZ,,FOMENTO EMPRESARIAL INMOBILIARIO,"Sandur, [SIN PRODUCTO], FOMENTO EMPRESARIAL INMOBILIARIO, CV CONSTANZA 2",,,"19,289","19,289",SÍ,NO,NO,,,,OFF,,,EMPRESARIAL,EAC,VISITA TÉCNICA,NO,0.00,NO,,,,,Desinstalación de torre y resguardo de Fomento
SO58187,HUUS,ABRIL,16/4/2026,,CANCELADA,NANCY FUENTES,ADRIANA CABALLERO,FRANCISCO VILLATORO,COMERCIALIZADORA DEALER SHOP,"HUUS, SIDP-200, COMERCIALIZADORA DEALER SHOP, SITIO: HUIXQUILUCAN","[Offnet:SO58187] HUUS, SIDP-200, COMERCIALIZADORA DEALER SHOP","15,050",,"15,050",SÍ,SÍ,SÍ,DEDICADO,DEDICADO,200,OFF,IENTC,12,EMPRESARIAL,VENTA DIRECTA,PRIMERA VENTA,CANCELADA,"180,600.00",SÍ,,,,,
SO58266,XCIEN,ABRIL,16/4/2026,,,FRANCISCO ALDAY,OSCAR RIVERA,,"COMISARIA DE SEGURIDAD Y PROTECCION CIUDADANA DEL MUNICIPIO DE SALTILLO, COAHUILA DE ZARAGOZA","Sandur, SST-S, COMISARIA DE SEGURIDAD Y PROTECCION CIUDADANA DEL MUNICIPIO DE SALTILLO, COAHUILA DE ZARAGOZA, Col Ricardo Flores Magon",,,"22,590","22,590",SÍ,NO,NO,,,,N/A,,,GOBIERNO,OTRO,VENTA DE EQUIPO,NO,0.00,S/D,,,,,Pago único
SO58264,XCIEN,ABRIL,16/4/2026,,,FRANCISCO ALDAY,OSCAR RIVERA,,"COMISARIA DE SEGURIDAD Y PROTECCION CIUDADANA DEL MUNICIPIO DE SALTILLO, COAHUILA DE ZARAGOZA","Sandur, SST-S, COMISARIA DE SEGURIDAD Y PROTECCION CIUDADANA DEL MUNICIPIO DE SALTILLO, COAHUILA DE ZARAGOZA, Col Jesus Cabello",,,"22,590","22,590",SÍ,NO,NO,,,,N/A,,,GOBIERNO,OTRO,VENTA DE EQUIPO,NO,0.00,S/D,,,,,Pago único
SO58262,XCIEN,ABRIL,16/4/2026,,,FRANCISCO ALDAY,OSCAR RIVERA,,"COMISARIA DE SEGURIDAD Y PROTECCION CIUDADANA DEL MUNICIPIO DE SALTILLO, COAHUILA DE ZARAGOZA","Sandur, SST-S, COMISARIA DE SEGURIDAD Y PROTECCION CIUDADANA DEL MUNICIPIO DE SALTILLO, COAHUILA DE ZARAGOZA, Col. Los Gonzalez",,,"22,590","22,590",SÍ,NO,NO,,,,N/A,,,GOBIERNO,OTRO,VENTA DE EQUIPO,NO,0.00,S/D,,,,,Pago único
SO58258,XCIEN,ABRIL,16/4/2026,,,FRANCISCO ALDAY,OSCAR RIVERA,,"COMISARIA DE SEGURIDAD Y PROTECCION CIUDADANA DEL MUNICIPIO DE SALTILLO, COAHUILA DE ZARAGOZA","Sandur, SST-S, COMISARIA DE SEGURIDAD Y PROTECCION CIUDADANA DEL MUNICIPIO DE SALTILLO, COAHUILA DE ZARAGOZA, Col Maria cristina cavazos",,,"22,590","22,590",SÍ,NO,NO,,,,N/A,,,GOBIERNO,OTRO,VENTA DE EQUIPO,NO,0.00,S/D,,,,,Pago único
SO58256,XCIEN,ABRIL,16/4/2026,,,FRANCISCO ALDAY,OSCAR RIVERA,,"COMISARIA DE SEGURIDAD Y PROTECCION CIUDADANA DEL MUNICIPIO DE SALTILLO, COAHUILA DE ZARAGOZA","Sandur, SST-S, COMISARIA DE SEGURIDAD Y PROTECCION CIUDADANA DEL MUNICIPIO DE SALTILLO, COAHUILA DE ZARAGOZA, Julio cervantes  y nacional ( Bellavista )",,,"22,590","22,590",SÍ,NO,NO,,,,N/A,,,GOBIERNO,OTRO,VENTA DE EQUIPO,NO,0.00,S/D,,,,,Pago único
SO58241,XCIEN,ABRIL,16/4/2026,,,FRANCISCO ALDAY,OSCAR RIVERA,,"COMISARIA DE SEGURIDAD Y PROTECCION CIUDADANA DEL MUNICIPIO DE SALTILLO, COAHUILA DE ZARAGOZA","Sandur, SST-S, COMISARIA DE SEGURIDAD Y PROTECCION CIUDADANA DEL MUNICIPIO DE SALTILLO, COAHUILA DE ZARAGOZA, Ampliacion 26 de Marzo",,,"22,590","22,590",SÍ,NO,NO,,,,N/A,,,GOBIERNO,OTRO,VENTA DE EQUIPO,NO,0.00,S/D,,,,,Pago único
SO58262,XCIEN,ABRIL,16/4/2026,,,FRANCISCO ALDAY,OSCAR RIVERA,,"COMISARIA DE SEGURIDAD Y PROTECCION CIUDADANA DEL MUNICIPIO DE SALTILLO, COAHUILA DE ZARAGOZA","Sandur, SST-S, COMISARIA DE SEGURIDAD Y PROTECCION CIUDADANA DEL MUNICIPIO DE SALTILLO, COAHUILA DE ZARAGOZA, Col. Los Gonzalez",,,"22,590","22,590",SÍ,NO,NO,,,,N/A,,,GOBIERNO,OTRO,VENTA DE EQUIPO,NO,0.00,S/D,,,,,Pago único
SO58267,XCIEN,ABRIL,16/4/2026,,,FRANCISCO ALDAY,OSCAR RIVERA,,"COMISARIA DE SEGURIDAD Y PROTECCION CIUDADANA DEL MUNICIPIO DE SALTILLO, COAHUILA DE ZARAGOZA","Sandur, SST-S, COMISARIA DE SEGURIDAD Y PROTECCION CIUDADANA DEL MUNICIPIO DE SALTILLO, COAHUILA DE ZARAGOZA, Nueva Jerusalen",,,"22,590","22,590",SÍ,NO,NO,,,,N/A,,,GOBIERNO,OTRO,VENTA DE EQUIPO,NO,0.00,S/D,,,,,Pago único
SO58260,XCIEN,ABRIL,16/4/2026,,,FRANCISCO ALDAY,OSCAR RIVERA,,"COMISARIA DE SEGURIDAD Y PROTECCION CIUDADANA DEL MUNICIPIO DE SALTILLO, COAHUILA DE ZARAGOZA","Sandur, SST-S, COMISARIA DE SEGURIDAD Y PROTECCION CIUDADANA DEL MUNICIPIO DE SALTILLO, COAHUILA DE ZARAGOZA, Col 26 de Marzo",,,"22,590","22,590",SÍ,NO,NO,,,,N/A,,,GOBIERNO,OTRO,VENTA DE EQUIPO,NO,0.00,S/D,,,,,Pago único
SO58236,XCIEN,ABRIL,17/4/2026,21/4/2026,SI,EDWIN GARZA,GERARDO DE LA GARZA,DANIEL GONZÁLEZ,DEACERO,"Sandur, SIDP-20, DEACERO, SITIO: ACERÍA SALTILLO","[SO58236] Sandur, SIDP-20, DEACERO","5,700",,"5,700",SÍ,NO,SÍ,DEDICADO,DEDICADO,20,ON,Mecasa Ramos,36,EMPRESARIAL,VENTA DIRECTA,UPSALE,SÍ,"205,200.00",ODC,,,,,Precio incluye 4 ips adicionales
SO58290,XCIEN,ABRIL,17/4/2026,,,SERGIO ABREGO,DANIEL GONZÁLEZ,,J.T. INTERNACIONAL,"Sandur, SA-WIFI-A, J.T. INTERNACIONAL, SITIO: ESCOBEDO",,,0,0,SÍ,NO,NO,SERVICIOS ADMINISTRADOS,WIFI ADMINISTRADO,,ON,,,EMPRESARIAL,EAC,CORTESÍA,NO,0.00,S/D,,,,,
SO58247,XCIEN,ABRIL,17/4/2026,8/5/2026,SI,KEVIN TORRES,JUAN ESCAMILLA,DANIEL GONZÁLEZ,SEYCVEL,"Sandur, SDWAN Plus - 20, SEYCVEL, Sitio: Escobedo 1","[SO58247] Sandur, SDWAN Plus - 20, SEYCVEL","4,000",,"4,000",SÍ,SÍ,NO,SERVICIOS ADMINISTRADOS,ALTA DISPONIBILIDAD,20,ON,,24,EMPRESARIAL,VENTA DIRECTA,UPSALE,SÍ,"96,000.00",SÍ,,,,,
SO57886,XCIEN,ABRIL,17/4/2026,4/5/2026,SI,KEVIN TORRES,PEDRO MARTÍNEZ,LEONARDO RODRÍGUEZ,KINGSPAN INSULATED PANELS,"SIDP-1G, KINGSPAN INSULATED PANELS, SITIO: AIRPORT TECHNOLOGY PARK","[SO57886] Sandur, SIDP-1G, KINGSPAN INSULATED PANELS","25,800",,"25,800",SÍ,NO,NO,DEDICADO,DEDICADO,1000,OFF,NN,36,EMPRESARIAL,VENTA DIRECTA,UPGRADE,SÍ,"928,800.00",SÍ,,,,,
SO58170,XCIEN,ABRIL,20/4/2026,20/4/2026,SI,CECILIA NUÑEZ,JUAN ESCAMILLA,DANIEL GONZÁLEZ,DEQUINTER,"Sandur, SIMP-15, DEQUINTER, PASEO REAL","[SO58170] Sandur, SIMP-15, DEQUINTER",400,,400,SÍ,NO,NO,PYME,PYME,15,ON,Mirasur,12,EMPRESARIAL,VENTA DIRECTA,UPGRADE,SÍ,"4,800.00",SÍ,,,,,
SO58254,XCIEN,ABRIL,20/4/2026,,,EDWIN GARZA,JONATHAN TORRES,,RAMIRO LINARES FONZALEZ,"MIGRACIÓN DE RB POR OBSTRUCCIÓN / Sandur, SIDP-1G, RAMIRO LINARES GONZALEZ, SITIO VALLE DEL NORTE",,,0,0,SÍ,NO,NO,,,1000,ON,Rojas,26,EMPRESARIAL,EAC,MIGRACIÓN,NO,0.00,S/D,,,,,
SO58302,LUMINET,ABRIL,20/4/2026,,,CECILIA NUÑEZ,OSCAR RIVERA,,GOBIERNO DEL ESTADO DE COAHUILA DE ZARAGOZA  ( ORQUESTA FILARMONICA DEL DESIERTO ),"Luminet, SIEV-20-1, GOBIERNO DEL ESTADO DE COAHUILA DE ZARAGOZA  ( ORQUESTA FILARMONICA DEL DESIERTO ), Teatro de la ciudad 4 2026",,,0,0,SÍ,NO,NO,DEDICADO,EVENTUAL,20,ON,Jolla,,GOBIERNO,OTRO,EVENTUAL,NO,0.00,NO,,,,,
SO57410,LUMINET,ABRIL,20/4/2026,,,CECILIA NUÑEZ,FELIPE CAZARES,DANIEL GONZÁLEZ,SLW BUSINESS CENTER,"Sandur, SIDP-100 + AD, SLW BUSINESS CENTER, SITIO EL ROSARIO KRONOS","[SO57410] Sandur, SIDP-100 + AD, SLW BUSINESS CENTER","6,500",,"6,500",SÍ,SÍ,SÍ,DEDICADO,DEDICADO/AD,100,ON,Loft,36,EMPRESARIAL,VENTA DIRECTA,UPSALE,SÍ,"234,000.00",SÍ,,,,,
SO57409,LUMINET,ABRIL,20/4/2026,,,CECILIA NUÑEZ,FELIPE CAZARES,DANIEL GONZÁLEZ,SLW BUSINESS CENTER,"Sandur, SIDP-100 + AD, SLW BUSINESS CENTER, SITIO SLW SANTA ISABEL","[SO57409] Sandur, SIDP-100 + AD, SLW BUSINESS CENTER","6,500",,"6,500",SÍ,SÍ,SÍ,DEDICADO,DEDICADO/AD,100,ON,Loft,36,EMPRESARIAL,VENTA DIRECTA,UPSALE,SÍ,"234,000.00",SÍ,,,,,
SO58259,XCIEN,ABRIL,20/4/2026,27/4/2026,SI,CECILIA NUÑEZ,CLAUDIA NIETO,,DIANA YAEL OVIEDO GONZALEZ,"Sandur, SIDP-40, DIANA YAEL OVIEDO GONZALEZ, SITIO REPETIDORA PESQUERÍA LEE",,,0,0,SÍ,NO,NO,DEDICADO,DEDICADO,40,ON,Pesquería Lee,,OTRO,OTRO,UPGRADE,SÍ,0.00,S/D,,,,,
SO58281,XCIEN,ABRIL,20/4/2026,,,SERGIO ABREGO,LEONARDO RODRÍGUEZ,,CUBIC 33 MEXICO,"Sandur, SST-S, CUBIC 33 MEXICO, SITIO: OBRA ORIZABA",,,0,0,SÍ,NO,NO,,,,N/A,,,EMPRESARIAL,EAC,VISITA TÉCNICA,NO,0.00,NO,,,,,
SO58232,XCIEN,ABRIL,21/4/2026,14/5/2026,SI,SERGIO ABREGO,DAVID REYES,DANIEL GONZÁLEZ,TRAK TRANSPORTACIONES,"Sandur, SIDP-100 + AD, TRAK TRANSPORTACIONES, Milimex Cienega de Flores","[SO58232] Sandur, SIDP-100 + AD, TRAK TRANSPORTACIONES","9,500",,"9,500",NO,SÍ,SÍ,DEDICADO,DEDICADO/AD,100,ON,Denis,36,EMPRESARIAL,VENTA DIRECTA,PRIMERA VENTA,SÍ,"342,000.00",SÍ,,,,,
SO58243,XCIEN,ABRIL,21/4/2026,28/4/2026,SI,EDWIN GARZA,PEDRO PAEZ,JONATHAN TORRES,MONGAS,"Sandur, SIDP-30, MONGAS, SITIO CARRETERA APODACA VILLA DE JUAREZ","[SO58243] Sandur, SIDP-30, MONGAS",101,,101,SÍ,NO,NO,DEDICADO,DEDICADO,30,ON,Pueblo Nuevo,36,EMPRESARIAL,VENTA DIRECTA,UPGRADE,SÍ,"3,636.00",SÍ,,,,,
SO56747,XCIEN,ABRIL,21/4/2026,4/5/2026,SI,EDWIN GARZA,JAIME GARZA,IRIS RAMÍREZ,GÜNTNER DE MEXICO,"Sandur, SIDP-100 + AD, GÜNTNER DE MEXICO, SITIO EL MILAGRO","[SO56747] Sandur, SIDP-100 + AD, GÜNTNER DE MEXICO","1,800",,"1,800",SÍ,NO,NO,DEDICADO,DEDICADO/AD,100,ON,Industrial Apodaca,36,EMPRESARIAL,VENTA DIRECTA,UPGRADE,SÍ,"64,800.00",SÍ,,,,,Promo
SO58205,XCIEN,ABRIL,21/4/2026,8/5/2026,SI,SERGIO ABREGO,JORGE DE LA GARZA,IRIS RAMÍREZ,SOLUCIONES DE ALTURA,"Sandur, SIDP-200, SOLUCIONES DE ALTURA, Sitio: SDA- BENITO","[SO58205] Sandur, SIDP-200, SOLUCIONES DE ALTURA","15,000",,"15,000",SÍ,NO,SÍ,DEDICADO,DEDICADO,200,ON,Guadalupe,12,EMPRESARIAL,VENTA DIRECTA,UPSALE,SÍ,"180,000.00",SÍ,,,,,
SO58349,XCIEN,ABRIL,22/4/2026,,,FRANCISCO ALDAY,OSCAR RIVERA,,"COMISARIA DE SEGURIDAD Y PROTECCION CIUDADANA DEL MUNICIPIO DE SALTILLO, COAHUILA DE ZARAGOZA","Sandur, SST-S, COMISARIA DE SEGURIDAD Y PROTECCION CIUDADANA DEL MUNICIPIO DE SALTILLO, COAHUILA DE ZARAGOZA, Col . Lomas Verdes",,,"22,590","22,590",SÍ,NO,NO,,,,N/A,,,GOBIERNO,OTRO,VENTA DE EQUIPO,NO,0.00,S/D,,,,,Pago único
SO58350,XCIEN,ABRIL,22/4/2026,,,FRANCISCO ALDAY,OSCAR RIVERA,,"COMISARIA DE SEGURIDAD Y PROTECCION CIUDADANA DEL MUNICIPIO DE SALTILLO, COAHUILA DE ZARAGOZA","Sandur, SST-S, COMISARIA DE SEGURIDAD Y PROTECCION CIUDADANA DEL MUNICIPIO DE SALTILLO, COAHUILA DE ZARAGOZA, Col Las haciendas",,,"22,590","22,590",SÍ,NO,NO,,,,N/A,,,GOBIERNO,OTRO,VENTA DE EQUIPO,NO,0.00,S/D,,,,,Pago único
SO58353,XCIEN,ABRIL,22/4/2026,,,FRANCISCO ALDAY,OSCAR RIVERA,,"COMISARIA DE SEGURIDAD Y PROTECCION CIUDADANA DEL MUNICIPIO DE SALTILLO, COAHUILA DE ZARAGOZA","Sandur, SST-S, COMISARIA DE SEGURIDAD Y PROTECCION CIUDADANA DEL MUNICIPIO DE SALTILLO, COAHUILA DE ZARAGOZA, Col Diana Laura",,,"22,590","22,590",SÍ,NO,NO,,,,N/A,,,GOBIERNO,OTRO,VENTA DE EQUIPO,NO,0.00,S/D,,,,,Pago único
SO58357,XCIEN,ABRIL,22/4/2026,,,FRANCISCO ALDAY,OSCAR RIVERA,,"COMISARIA DE SEGURIDAD Y PROTECCION CIUDADANA DEL MUNICIPIO DE SALTILLO, COAHUILA DE ZARAGOZA","Sandur, SST-S, COMISARIA DE SEGURIDAD Y PROTECCION CIUDADANA DEL MUNICIPIO DE SALTILLO, COAHUILA DE ZARAGOZA, Las teresitas",,,"22,590","22,590",SÍ,NO,NO,,,,N/A,,,GOBIERNO,OTRO,VENTA DE EQUIPO,NO,0.00,S/D,,,,,Pago único
SO58358,XCIEN,ABRIL,22/4/2026,,,FRANCISCO ALDAY,OSCAR RIVERA,,"COMISARIA DE SEGURIDAD Y PROTECCION CIUDADANA DEL MUNICIPIO DE SALTILLO, COAHUILA DE ZARAGOZA","Sandur, SST-S, COMISARIA DE SEGURIDAD Y PROTECCION CIUDADANA DEL MUNICIPIO DE SALTILLO, COAHUILA DE ZARAGOZA, Col Vicente Guerrero",,,"22,590","22,590",SÍ,NO,NO,,,,N/A,,,GOBIERNO,OTRO,VENTA DE EQUIPO,NO,0.00,S/D,,,,,Pago único
SO58356,XCIEN,ABRIL,22/4/2026,,,FRANCISCO ALDAY,OSCAR RIVERA,,"COMISARIA DE SEGURIDAD Y PROTECCION CIUDADANA DEL MUNICIPIO DE SALTILLO, COAHUILA DE ZARAGOZA","Sandur, SST-S, COMISARIA DE SEGURIDAD Y PROTECCION CIUDADANA DEL MUNICIPIO DE SALTILLO, COAHUILA DE ZARAGOZA, Col 15 de abril",,,"22,590","22,590",SÍ,NO,NO,,,,N/A,,,GOBIERNO,OTRO,VENTA DE EQUIPO,NO,0.00,S/D,,,,,Pago único
SO55892,XCIEN,ABRIL,22/4/2026,29/4/2026,SI,SERGIO ABREGO,JORGE DE LA GARZA,,ALARMAS Y PROYECTOS DE SEGURIDAD DEL NORTE,"Sandur, SIDP-30, ALARMAS Y PROYECTOS DE SEGURIDAD DEL NORTE, Sitio: Guadalupe","[SO55892] Sandur, SIDP-30, ALARMAS Y PROYECTOS DE SEGURIDAD DEL NORTE","3,000",,"3,000",NO,SÍ,SÍ,DEDICADO,DEDICADO,30,ON,Guadalupe,36,EMPRESARIAL,VENTA DIRECTA,PRIMERA VENTA,SÍ,"108,000.00",SÍ,,,,,
SO58035,XCIEN,ABRIL,22/4/2026,,,EDWIN GARZA,LEONARDO RODRÍGUEZ,LEONARDO RODRÍGUEZ,MEXIPC,"Sandur, SIDP-100, MEXIPC, SITIO: DACE PIA QRO. // RENOVACION FASE 2",,"-1,100",,"-1,100",SÍ,NO,NO,DEDICADO,DEDICADO,100,ON,Colorado,36,EMPRESARIAL,EAC,DECREMENTO,NO,"-39,600.00",SÍ,,,,,Decremento de costo y renovación del conrato
SO58371,XCIEN,ABRIL,23/4/2026,,,KEVIN TORRES,GERARDO DE LA GARZA,DANIEL GONZÁLEZ,INTERMEX MANUFACTURA DE CHIHUAHUA,"Sandur, SIDP-500, INTERMEX MANUFACTURA DE CHIHUAHUA, SITIO: YINLUN PLANTA 2 CIENEGA DE FLORES",,0,,0,SÍ,NO,NO,DEDICADO,DEDICADO,500,ON,Norte,,EMPRESARIAL,VENTA DIRECTA,CORTESÍA,NO,0.00,S/D,,,,,Se pondrá servicio de MO en lo que se termina de instalar el servicio de FO contratado
SO57888,HUUS,ABRIL,23/4/2026,,,NANCY FUENTES,ANA GARZA,,VERIFICENTRO DEL NORTE RENACE,VERIFICENTRO DEL NORTE RENACE,,"4,320",,"4,320",SÍ,NO,NO,,,,N/A,,18,EMPRESARIAL,EAC,RENOVACIÓN,NO,"77,760.00",SÍ,,,,,Renovación de servicio mismo costo
SO57887,HUUS,ABRIL,23/4/2026,,,NANCY FUENTES,ANA GARZA,,ASOCIADOS RENACE LAREDO,ASOCIADOS RENACE LAREDO,,"4,699",,"4,699",SÍ,NO,NO,,,,N/A,,18,EMPRESARIAL,EAC,RENOVACIÓN,NO,"84,582.00",SÍ,,,,,Renovación de servicio mismo costo
SO58228,HUUS,ABRIL,23/4/2026,,,NANCY FUENTES,ANA GARZA,,LAREDO VERIFICACIONES RENACE,LAREDO VERIFICACIONES RENACE,,"6,499",,"6,499",SÍ,NO,NO,,,,N/A,,18,EMPRESARIAL,EAC,RENOVACIÓN,NO,"116,982.00",SÍ,,,,,Renovación de servicio mismo costo
SO57615,LUMINET,ABRIL,23/4/2026,5/5/2026,SI,EDWIN GARZA,DANIEL GONZÁLEZ,,MONTREAL DEL POTOSI,"Luminet, SIDP-100, MONTREAL DEL POTOSI, CAMPUS SOLEDAD",,"6,500",,"6,500",SÍ,NO,NO,DEDICADO,DEDICADO,100,ON,Edificio Eme,36,EMPRESARIAL,EAC,RENOVACIÓN,NO,"234,000.00",SÍ,,,,,Incremento de velocidda por renación a mismo costo
SO58392,XCIEN,ABRIL,23/4/2026,,,,JONATHAN TORRES,,RED ESTATAL DE AUTOPISTAS DE NUEVO LEON,RED ESTATAL DE AUTOPISTAS DE NUEVO LEON,,"127,219",,"127,219",SÍ,NO,NO,,,,N/A,,11,EMPRESARIAL,EAC,RENOVACIÓN,NO,"1,399,403.72",SÍ,,,,,Se confirma venta para facturación de REA
SO58393,XCIEN,ABRIL,23/4/2026,,,,JONATHAN TORRES,,RED ESTATAL DE AUTOPISTAS DE NUEVO LEON,RED ESTATAL DE AUTOPISTAS DE NUEVO LEON,,"141,419",,"141,419",SÍ,NO,NO,,,,N/A,,11,EMPRESARIAL,EAC,RENOVACIÓN,NO,"1,555,613.51",SÍ,,,,,Se confirma venta para facturación de REA
SO58394,XCIEN,ABRIL,23/4/2026,,,,JONATHAN TORRES,,RED ESTATAL DE AUTOPISTAS DE NUEVO LEON,RED ESTATAL DE AUTOPISTAS DE NUEVO LEON,,"100,139",,"100,139",SÍ,NO,NO,,,,N/A,,11,EMPRESARIAL,EAC,RENOVACIÓN,NO,"1,101,531.86",SÍ,,,,,Se confirma venta para facturación de REA
SO58366,XCIEN,ABRIL,24/4/2026,,,FRANCISCO ALDAY,OSCAR RIVERA,,"COMISARIA DE SEGURIDAD Y PROTECCION CIUDADANA DEL MUNICIPIO DE SALTILLO, COAHUILA DE ZARAGOZA","Sandur, SST-S, COMISARIA DE SEGURIDAD Y PROTECCION CIUDADANA DEL MUNICIPIO DE SALTILLO, COAHUILA DE ZARAGOZA, Col 26 de Marzo ( camara 2)",,,"22,590","22,590",SÍ,NO,NO,,,,N/A,,,GOBIERNO,OTRO,VENTA DE EQUIPO,NO,0.00,S/D,,,,,Pago único
SO58048,LUMINET,ABRIL,24/4/2026,27/4/2026,SI,EDWIN GARZA,FELIPE CAZARES,DANIEL GONZÁLEZ,R.A. PHILLIPS INDUSTRIES DE MEXICO,"Sandur, SIPHA-IPv4, R.A. PHILLIPS INDUSTRIES DE MEXICO, PARQUE INDUSTRIAL DAVISA","[SO58048] Sandur, SIPHA-IPv4, R.A. PHILLIPS INDUSTRIES DE MEXICO","1,400",,"1,400",SÍ,NO,NO,SERVICIOS ADMINISTRADOS,IP ADICIONAL,,ON,,12,EMPRESARIAL,VENTA DIRECTA,UPSALE,SÍ,"16,800.00",ODC,,,,,
SO58348,XCIEN,ABRIL,24/4/2026,25/4/2026,SI,EDWIN GARZA,PEDRO MARTÍNEZ,CARLOS ALONSO,AUTO LINEAS ROGA,"Sandur, SIDP-40, AUTO LINEAS ROGA, Roga Apodaca","[SO58348] Sandur, SIDP-40, AUTO LINEAS ROGA",900,,900,SÍ,NO,NO,DEDICADO,DEDICADO,40,ON,Sta. Rosa,36,EMPRESARIAL,VENTA DIRECTA,UPGRADE,SÍ,"32,400.00",SÍ,,,,,Renovación
SO58343,XCIEN,ABRIL,24/4/2026,25/4/2026,SI,NANCY FUENTES,JUAN ESCAMILLA,DANIEL GONZÁLEZ,DEQUINTER,"Sandur, SIMP-20, DEQUINTER, PASEO REAL","[SO58343] Sandur, SIMP-20, DEQUINTER",201,,201,SÍ,NO,NO,PYME,PYME,20,ON,Mirasur,24,EMPRESARIAL,VENTA DIRECTA,UPSALE,SÍ,"4,824.00",SÍ,,,,,
SO58342,XCIEN,ABRIL,24/4/2026,25/4/2026,SI,CECILIA NUÑEZ,JUAN ESCAMILLA,DANIEL GONZÁLEZ,DEQUINTER,"Sandur, SIMP-20, DEQUINTER, Montes Sabinos Bodega","[SO58342] Sandur, SIMP-20, DEQUINTER",201,,201,SÍ,NO,NO,PYME,PYME,20,ON,Pda,24,EMPRESARIAL,VENTA DIRECTA,UPSALE,SÍ,"4,824.00",SÍ,,,,,
SO58273,HUUS,ABRIL,26/4/2026,,,NANCY FUENTES,RAFAEL PÉREZ,FRANCISCO VILLATORO,ARNULFO SANCHEZ LOPEZ,"HUUS, SIDP-1.5G, ARNULFO SANCHEZ LOPEZ, SITIO: HUEJOTZINGO","[Offnet:SO58273] HUUS, SIDP-1.5G, ARNULFO SANCHEZ LOPEZ","28,000",,"28,000",NO,SÍ,SÍ,DEDICADO,DEDICADO,1500,OFF,IENTC,36,EMPRESARIAL,VENTA DIRECTA,PRIMERA VENTA,SÍ,"1,008,000.00",SÍ,,,,,
SO58429,XCIEN,ABRIL,27/4/2026,,,,IRIS RAMÍREZ,,FOMENTO EMPRESARIAL INMOBILIARIO,"Sandur, CDD, FOMENTO EMPRESARIAL INMOBILIARIO, BO BUENA VISTA 3 EL CARMEN",,,0,0,SÍ,NO,NO,,,,N/A,,,EMPRESARIAL,EAC,CAMBIO DE DOMICILIO,NO,0.00,NO,,,,,
SO58400,XCIEN,ABRIL,27/4/2026,7/5/2026,SI,EDWIN GARZA,ALEJANDRA TELLEZ,LEONARDO RODRÍGUEZ,TECNOLOGIA EN  SISTEMAS Y ENLACES,"Sandur, SIDP-50, TECNOLOGIA EN SISTEMAS Y ENLACES, SOLUM","[SO58400] Sandur, SIDP-50, TECNOLOGIA EN SISTEMAS Y ENLACES","4,640",,"4,640",SÍ,NO,SÍ,DEDICADO,DEDICADO,50,ON,Pesquería,36,EMPRESARIAL,DISTRIBUIDOR,UPSALE,SÍ,"167,040.00",SÍ,,,,,
SO56929,XCIEN,ABRIL,27/4/2026,,,,IRIS RAMÍREZ,,LYNXSEC,LYNXSEC,,"1,300",,"1,300",NO,SÍ,NO,,,,N/A,,18,EMPRESARIAL,EAC,CAMBIO RAZÓN SOCIAL,NO,"23,400.00",SÍ,,,,,
SO56930,XCIEN,ABRIL,27/4/2026,,,,IRIS RAMÍREZ,,LYNXSEC,LYNXSEC,,"1,300",,"1,300",NO,SÍ,NO,,,,N/A,,18,EMPRESARIAL,EAC,CAMBIO RAZÓN SOCIAL,NO,"23,400.00",SÍ,,,,,
SO56937,XCIEN,ABRIL,27/4/2026,,,,IRIS RAMÍREZ,,LYNXSEC,LYNXSEC,,"1,300",,"1,300",NO,SÍ,NO,,,,N/A,,18,EMPRESARIAL,EAC,CAMBIO RAZÓN SOCIAL,NO,"23,400.00",SÍ,,,,,
SO56940,XCIEN,ABRIL,27/4/2026,,,,IRIS RAMÍREZ,,LYNXSEC,LYNXSEC,,"1,300",,"1,300",NO,SÍ,NO,,,,N/A,,18,EMPRESARIAL,EAC,CAMBIO RAZÓN SOCIAL,NO,"23,400.00",SÍ,,,,,
SO56941,XCIEN,ABRIL,27/4/2026,,,,IRIS RAMÍREZ,,LYNXSEC,LYNXSEC,,"1,300",,"1,300",NO,SÍ,NO,,,,N/A,,18,EMPRESARIAL,EAC,CAMBIO RAZÓN SOCIAL,NO,"23,400.00",SÍ,,,,,
SO56942,XCIEN,ABRIL,27/4/2026,,,,IRIS RAMÍREZ,,LYNXSEC,LYNXSEC,,"1,300",,"1,300",NO,SÍ,NO,,,,N/A,,18,EMPRESARIAL,EAC,CAMBIO RAZÓN SOCIAL,NO,"23,400.00",SÍ,,,,,
SO57681,HUUS,ABRIL,27/4/2026,,,,ANA GARZA,,MANTE VERIFICACIONES,MANTE VERIFICACIONES,,"4,320",,"4,320",SÍ,NO,NO,,,,N/A,,18,EMPRESARIAL,EAC,RENOVACIÓN,NO,"77,760.00",SÍ,,,,,Renovación de servicio mismo costo
SO57686,HUUS,ABRIL,27/4/2026,,,,ANA GARZA,,MANTE VERIFICACIONES,MANTE VERIFICACIONES,,"4,320",,"4,320",SÍ,NO,NO,,,,N/A,,18,EMPRESARIAL,EAC,RENOVACIÓN,NO,"77,760.00",SÍ,,,,,Renovación de servicio mismo costo
SO57716,XCIEN,ABRIL,27/4/2026,,,EDWIN GARZA,EDUARDO TUEME,,PANASONIC ENERGY MEXICO,"Sandur, SIDP-1G, PANASONIC ENERGY MEXICO, SITIO: PLANTA ESCOBEDO PANASONIC","[SO57716] Sandur, SIDP-1G, PANASONIC ENERGY MEXICO","34,200",,"34,200",NO,SÍ,SÍ,DEDICADO,PYME,1000,ON,Sendero,36,EMPRESARIAL,VENTA DIRECTA,PRIMERA VENTA,SÍ,"1,231,200.00",SÍ,,,,,Servicio lleva 6 ips adcionales además de la de cortesía
SO57654,XCIEN,ABRIL,27/4/2026,,,CECILIA NUÑEZ,LEONARDO RODRÍGUEZ,,GARAGE Y TALLERES,"Sandur, SIDP-20, GARAGE Y TALLERES, SITIO: LOTE 52 SALTILLO // MIGRACION RB CAPITOLIO",,0,,0,SÍ,NO,NO,DEDICADO,DEDICADO,20,ON,Seminario,12,EMPRESARIAL,EAC,MIGRACIÓN,NO,0.00,S/D,,,,,
SO58395,XCIEN,ABRIL,27/4/2026,5/5/2026,SI,EDWIN GARZA,GERARDO DE LA GARZA,DANIEL GONZÁLEZ,TRANSPORTES URGENTES NUEVO LEÓN,"Sandur, SIDP-200 + AD, TRANSPORTES URGENTES NUEVO LEON, SITIO ESCOBEDO",,"10,000",,"10,000",SÍ,NO,NO,DEDICADO,DEDICADO/AD,200,ON,,36,EMPRESARIAL,VENTA DIRECTA,RENOVACIÓN,NO,"360,000.00",SÍ,,,,,
SO58318,HUUS,ABRIL,28/4/2026,13/5/2026,SI,NANCY FUENTES,ADRIANA CABALLERO,FRANCISCO VILLATORO,GRUPO COMERCIAL DE MEXICO,"HUUS, SIS-50-10-ilimitado, GRUPO COMERCIAL DE MEXICO, SITIO: CD JUAREZ","[SO58318] HUUS, SIS-50-10-ilimitado, GRUPO COMERCIAL DE MEXICO","4,200",,"4,200",SÍ,SÍ,SÍ,SATELITAL,SATELITAL,50,OFF,Starlink,36,EMPRESARIAL,VENTA DIRECTA,UPSALE,SÍ,"151,200.00",SÍ,,,,,
SO58453,LUMINET,ABRIL,28/4/2026,,,CECILIA NUÑEZ,OSCAR RIVERA,,UNIVERSIDAD TECNOLOGICA DEL NORTE DE COAHUILA,"Luminet, SIDP-400, UNIVERSIDAD TECNOLOGICA DEL NORTE DE COAHUILA, SITIO UTNC",,"38,000",,"38,000",SÍ,NO,NO,DEDICADO,DEDICADO,400,N/A,,12,GOBIERNO,OTRO,RENOVACIÓN,NO,"456,000.00",NO,,,,,Se confirma venta para facturaión anual del servicio
SO57962,XCIEN,ABRIL,28/4/2026,,,CECILIA NUÑEZ,IRIS RAMÍREZ,,LOGISTICA SESE MEXICO,"Sandur, SIDP-200, LOGISTICA SESE MEXICO, SITIO NAVISTAR ESCOBEDO",,"14,000",,"14,000",NO,SÍ,NO,DEDICADO,DEDICADO,200,ON,Sendero,24,EMPRESARIAL,EAC,CAMBIO RAZÓN SOCIAL,NO,"336,000.00",SÍ,,,,,
SO58324,HUUS,ABRIL,28/4/2026,12/5/2026,SI,NANCY FUENTES,OMAR MACEDO,FRANCISCO VILLATORO,GRUPO EI MULTISERVICIOS LOGISTICOS,"HUUS, SIDP-50, GRUPO EI MULTISERVICIOS LOGISTICOS, SITIO: UPS QUERETARO GATEWAY","[Offnet:SO58324] HUUS, SIDP-50, GRUPO EI MULTISERVICIOS LOGISTICOS","4,500",,"4,500",SÍ,NO,SÍ,DEDICADO,DEDICADO,50,OFF,Eni Networks,36,EMPRESARIAL,VENTA DIRECTA,UPSALE,SÍ,"162,000.00",SÍ,,,,,
SO57469,XCIEN,ABRIL,28/4/2026,,,SERGIO ABREGO,JAIME GARZA,IRIS RAMÍREZ,TBM CARRIERS DE MEXICO,"Sandur, SIDP-50 + AD, TBM CARRIERS DE MEXICO, SITIO:POTRERO..","[SO57469] Sandur, SIDP-50 + AD, TBM CARRIERS DE MEXICO","1,550",,"1,550",SÍ,NO,NO,DEDICADO,DEDICADO/AD,50,ON,Apolo,36,EMPRESARIAL,VENTA DIRECTA,UPGRADE,SÍ,"55,800.00",SÍ,,,,,Promo
SO57812,XCIEN,ABRIL,28/4/2026,30/4/2026,SI,CECILIA NUÑEZ,JAIME GARZA,IRIS RAMÍREZ,TBM CARRIERS DE MEXICO,"Sandur, SIMP-20, TBM CARRIERS DE MEXICO, SITIO: RINCON DE LOS ADOBES","[SO57812] Sandur, SIMP-20, TBM CARRIERS DE MEXICO",320,,320,SÍ,NO,NO,PYME,PYME,20,ON,Loft,36,EMPRESARIAL,VENTA DIRECTA,UPGRADE,SÍ,"11,520.00",SÍ,,,,,Renovación
SO57825,XCIEN,ABRIL,28/4/2026,18/5/2026,SI,SERGIO ABREGO,JAIME GARZA,IRIS RAMÍREZ,TBM CARRIERS DE MEXICO,"Sandur, SIDP-50 + AD, TBM CARRIERS DE MEXICO, SITIO: PIEDRAS NEGRAS","[SO57825] Sandur, SIDP-50 + AD, TBM CARRIERS DE MEXICO","1,580",,"1,580",SÍ,NO,NO,DEDICADO,DEDICADO/AD,50,ON,Piedras Negras,36,EMPRESARIAL,VENTA DIRECTA,UPGRADE,SÍ,"56,880.00",SÍ,,,,,Promo
SO58248,XCIEN,ABRIL,28/4/2026,,,KEVIN TORRES,JUAN ESCAMILLA,DANIEL GONZÁLEZ,SEYCVEL,"Sandur, SDWAN Plus - 20, SEYCVEL, Sitio:Escobedo 2","[SO58248] Sandur, SDWAN Plus - 20, SEYCVEL","3,000",,"3,000",SÍ,SÍ,NO,SERVICIOS ADMINISTRADOS,ALTA DISPONIBILIDAD,20,N/A,,24,EMPRESARIAL,VENTA DIRECTA,UPSALE,SÍ,"72,000.00",SÍ,,,,,
SO58249,XCIEN,ABRIL,28/4/2026,,,KEVIN TORRES,JUAN ESCAMILLA,DANIEL GONZÁLEZ,SEYCVEL,"Sandur, SDWAN Plus - 20, SEYCVEL, Sitio:Escobedo 3","[SO58249] Sandur, SDWAN Plus - 20, SEYCVEL","3,000",,"3,000",SÍ,SÍ,NO,SERVICIOS ADMINISTRADOS,ALTA DISPONIBILIDAD,20,N/A,,24,EMPRESARIAL,VENTA DIRECTA,UPSALE,SÍ,"72,000.00",SÍ,,,,,
SO58250,XCIEN,ABRIL,28/4/2026,,,KEVIN TORRES,JUAN ESCAMILLA,DANIEL GONZÁLEZ,SEYCVEL,"Sandur, SDWAN Plus - 20, SEYCVEL, Sitio:Escobedo 4","[SO58250] Sandur, SDWAN Plus - 20, SEYCVEL","3,000",,"3,000",SÍ,SÍ,NO,SERVICIOS ADMINISTRADOS,ALTA DISPONIBILIDAD,20,N/A,,24,EMPRESARIAL,VENTA DIRECTA,UPSALE,SÍ,"72,000.00",SÍ,,,,,
SO58104,XCIEN,ABRIL,28/4/2026,30/4/2026,SI,KEVIN TORRES,DANIEL GONZÁLEZ,,JESUS ALFREDO BERNAL CARRANZA,"Sandur, SIRPA-20/10, JESUS ALFREDO BERNAL CARRANZA, SITIO JESUS ALFREDO",,500,,500,SÍ,NO,NO,PYME,PYME,20,N/A,,36,EMPRESARIAL,EAC,RENOVACIÓN,NO,"17,998.56",SÍ,,,,,Renovación de contrato con incremento de velocidad sin incremento de costo
SO57964,XCIEN,ABRIL,28/4/2026,,,KEVIN TORRES,JAIME GARZA,CARLOS ALONSO, IFM EFECTOR,"Sandur, SIDP-500, IFM EFECTOR, SITIO IFM  FINSA APODACA.","[SO57964] Sandur, SIDP-500, IFM EFECTOR","5,500",,"5,500",SÍ,NO,NO,DEDICADO,DEDICADO,500,ON,Industrial Apodaca,36,EMPRESARIAL,VENTA DIRECTA,UPGRADE,SÍ,"198,000.00",SÍ,,,,,Renovación
SO58161,XCIEN,ABRIL,28/4/2026,,,KEVIN TORRES,JONATHAN TORRES,,ONX SISTEMAS DE INFORMACION,"Sandur, Collo-Rack/Data Center, ONX SISTEMAS DE INFORMACION, SITIO DATA CENTER",,"-3,000",,"-3,000",SÍ,NO,NO,SERVICIOS ADMINISTRADOS,COUBICACIÓN,,N/A,,36,EMPRESARIAL,EAC,RENOVACIÓN,NO,"-108,000.00",SÍ,,,,,Renovación
SO57351,XCIEN,ABRIL,28/4/2026,,,KEVIN TORRES,JONATHAN TORRES,,ONX SISTEMAS DE INFORMACION,"Sandur, Collo-Rack/Data Center, ONX SISTEMAS DE INFORMACION, SITIO DATA CENTER",,"-3,000",,"-3,000",SÍ,NO,NO,SERVICIOS ADMINISTRADOS,COUBICACIÓN,,N/A,,36,EMPRESARIAL,EAC,RENOVACIÓN,NO,"-108,000.00",SÍ,,,,,Renovación
SO58451,LUMINET,ABRIL,28/4/2026,,,CECILIA NUÑEZ,OSCAR RIVERA,,LUMINET WAN,"Luminet, SIDP-20, LUMINET WAN, VILLA COLONIAL",,0,,0,SÍ,NO,NO,DEDICADO,DEDICADO,20,ON,Loft,12,GOBIERNO,OTRO,UPSALE,SÍ,0.00,S/D,,,,,Incremento a servicio de cortesía
SO58446,HUUS,ABRIL,28/4/2026,1/5/2026,SI,NANCY FUENTES,GERARDO DE LA PUENTE,FRANCISCO VILLATORO,COMERCIALIZADORA FARMACÉUTICA DE CHIAPAS,"HUUS, SIDP-20, COMERCIALIZADORA FARMACEUTICA DE CHIAPAS, SITIO: GUANAJUATO","[SO58446] HUUS, SIDP-20, COMERCIALIZADORA FARMACEUTICA DE CHIAPAS","3,000",,"3,000",SÍ,NO,SÍ,DEDICADO,DEDICADO,20,ON,Río Bravo,12,EMPRESARIAL,VENTA DIRECTA,UPSALE,SÍ,"36,000.00",SÍ,,,,,
SO58445,HUUS,ABRIL,28/4/2026,7/5/2026,SI,NANCY FUENTES,GERARDO DE LA PUENTE,FRANCISCO VILLATORO,COMERCIALIZADORA FARMACÉUTICA DE CHIAPAS,"HUUS, SIDP-20, COMERCIALIZADORA FARMACEUTICA DE CHIAPAS, SITIO: PUERTA GRANDE","[SO58445] HUUS, SIDP-20, COMERCIALIZADORA FARMACEUTICA DE CHIAPAS","3,000",,"3,000",SÍ,NO,SÍ,DEDICADO,DEDICADO,20,ON,Libramiento III,12,EMPRESARIAL,VENTA DIRECTA,UPSALE,SÍ,"36,000.00",SÍ,,,,,
SO54025,HUUS,ABRIL,28/4/2026,,,NANCY FUENTES,GERARDO DE LA PUENTE,FRANCISCO VILLATORO,DEREMATE.COM DE MEXICO,"HUUS, SIDP-100, DEREMATE.COM DE MEXICO, SITIO: GOMEZ PALACIOS","[SO54025] HUUS, SIDP-100, DEREMATE.COM DE MEXICO","16,500",,"16,500",SÍ,SÍ,SÍ,DEDICADO,DEDICADO,100,ON,Rep. Cerro de las Noas,36,EMPRESARIAL,VENTA DIRECTA,UPSALE,SÍ,"594,000.00",SÍ,,,,,
SO58470,XCIEN,ABRIL,28/4/2026,,,EDWIN GARZA,IRIS RAMÍREZ,IRIS RAMÍREZ,PENSKE LOGISTICA,"Sandur, SIDP-200, PENSKE LOGISTICA, SITIO PLANTA MOTORES",,"14,000",,"14,000",SÍ,NO,NO,DEDICADO,DEDICADO,200,ON,Mecasa Ramos,24,EMPRESARIAL,EAC,RENOVACIÓN,NO,"336,000.00",SÍ,,,,,Renovación
SO58490,XCIEN,ABRIL,29/4/2026,,,FRANCISCO ALDAY,OSCAR RIVERA,,"COMISARIA DE SEGURIDAD Y PROTECCION CIUDADANA DEL MUNICIPIO DE SALTILLO, COAHUILA DE ZARAGOZA","Sandur, SST-S, COMISARIA DE SEGURIDAD Y PROTECCION CIUDADANA DEL MUNICIPIO DE SALTILLO, COAHUILA DE ZARAGOZA, C2 SALTILLO",,0,,0,SÍ,NO,NO,,,,N/A,,,GOBIERNO,OTRO,VENTA DE EQUIPO,NO,0.00,S/D,,,,,
SO57835,HUUS,ABRIL,29/4/2026,13/5/2026,SI,NANCY FUENTES,ADRIANA CABALLERO,FRANCISCO VILLATORO,MINERA REAL DE ANGELES,"HUUS, SIS-50-10-ilimitado, MINERA REAL DE ANGELES, SITIO: MINA ASIENTOS, AGS","[SO57835] HUUS, SIS-50-10-ilimitado, MINERA REAL DE ANGELES","5,500",,"5,500",SÍ,SÍ,SÍ,SATELITAL,SATELITAL,50,OFF,Starlink,12,EMPRESARIAL,VENTA DIRECTA,UPSALE,SÍ,"66,000.00",ODC,,,,,
SO58449,XCIEN,ABRIL,30/4/2026,7/5/2026,SI,KEVIN TORRES,PEDRO MARTÍNEZ,,OPERADORA DE JUEGOS DEL CENTRO Y DE PUEBLA,"Sandur, SIDP-50 + AD, OPERADORA DE JUEGOS DEL CENTRO Y DE PUEBLA, SITIO; MONTEMORELOS","[SO58449] Sandur, SIDP-50 + AD, OPERADORA DE JUEGOS DEL CENTRO Y DE PUEBLA","4,500",,"4,500",NO,SÍ,SÍ,DEDICADO,DEDICADO/AD,50,ON,Montemorelos,36,EMPRESARIAL,VENTA DIRECTA,PRIMERA VENTA,SÍ,"162,000.00",SÍ,,,,,
SO58523,XCIEN,ABRIL,30/4/2026,,,KEVIN TORRES,GERARDO DE LA GARZA,DANIEL GONZÁLEZ,INTERMEX MANUFACTURA DE CHIHUAHUA,"Sandur, SA-WIFI-1U7Lite, INTERMEX MANUFACTURA DE CHIHUAHUA, SITIO: YINLUN PLANTA 2 CIENEGA DE FLORES",,0,,0,SÍ,NO,NO,SERVICIOS ADMINISTRADOS,WIFI ADMINISTRADO,,N/A,,,EMPRESARIAL,VENTA DIRECTA,CORTESÍA,NO,0.00,S/D,,,,,Cortesía
SO57840,HUUS,ABRIL,30/4/2026,20/5/2026,SI,NANCY FUENTES,ROBERTO GALINDO,FRANCISCO VILLATORO,CARMI LOGISTICS GLOBAL,"HUUS, SIMPS-200, CARMI LOGISTICS GLOBAL, SITIO MANZANILLO","[Offnet:SO57840] HUUS, SIMPS-200, CARMI LOGISTICS GLOBAL","9,200",,"9,200",NO,SÍ,SÍ,PYME,PYME,200,OFF,Coeficiente,36,EMPRESARIAL,VENTA DIRECTA,PRIMERA VENTA,SÍ,"331,200.00",SÍ,,,,,
SO57837,HUUS,ABRIL,30/4/2026,27/5/2026,SI,NANCY FUENTES,ROBERTO GALINDO,FRANCISCO VILLATORO,CARMI LOGISTICS GLOBAL,"HUUS, SIDP-200, CARMI LOGISTICS GLOBAL, SITIO NUEVO LAREDO","[Offnet:SO57837] HUUS, SIDP-200, CARMI LOGISTICS GLOBAL","11,300",,"11,300",NO,SÍ,SÍ,DEDICADO,DEDICADO,200,OFF,Alestra,36,EMPRESARIAL,VENTA DIRECTA,UPSALE,SÍ,"406,800.00",SÍ,,,,,
SO57842,HUUS,ABRIL,30/4/2026,,,NANCY FUENTES,ROBERTO GALINDO,FRANCISCO VILLATORO,CARMI LOGISTICS GLOBAL,"HUUS, SIDP-50, CARMI LOGISTICS GLOBAL, SITIO CDMX","[Offnet:SO57842] HUUS, SIDP-50, CARMI LOGISTICS GLOBAL","4,800",,"4,800",NO,SÍ,SÍ,DEDICADO,DEDICADO,50,OFF,Jorge Santana,36,EMPRESARIAL,VENTA DIRECTA,UPSALE,SÍ,"172,800.00",SÍ,,,,,
SO57841,HUUS,ABRIL,30/4/2026,,,NANCY FUENTES,ROBERTO GALINDO,FRANCISCO VILLATORO,CARMI LOGISTICS GLOBAL,"HUUS, SIDP-50 + AD, CARMI LOGISTICS GLOBAL, SITIO QUERETARO","[SO57841] HUUS, SIDP-50 + AD, CARMI LOGISTICS GLOBAL","4,500",,"4,500",NO,SÍ,SÍ,DEDICADO,DEDICADO/AD,50,ON,Tec 100,36,EMPRESARIAL,VENTA DIRECTA,UPSALE,SÍ,"162,000.00",SÍ,,,,,Promo
SO57839,HUUS,ABRIL,30/4/2026,,,NANCY FUENTES,ROBERTO GALINDO,FRANCISCO VILLATORO,CARMI LOGISTICS GLOBAL,"HUUS, SIMP-50, CARMI LOGISTICS GLOBAL, SITIO AGUASCALIENTES","[Offnet:SO57839] HUUS, SIMP-50, CARMI LOGISTICS GLOBAL","3,800",,"3,800",NO,SÍ,SÍ,PYME,PYME,50,OFF,Coeficiente,36,EMPRESARIAL,VENTA DIRECTA,UPSALE,SÍ,"136,800.00",SÍ,,,,,
SO57843,HUUS,ABRIL,30/4/2026,27/5/2026,SI,NANCY FUENTES,ROBERTO GALINDO,FRANCISCO VILLATORO,CARMI LOGISTICS GLOBAL,"HUUS, SIDP-50, CARMI LOGISTICS GLOBAL, SITIO VERACRUZ","[Offnet:SO57843] HUUS, SIDP-50, CARMI LOGISTICS GLOBAL","9,000",,"9,000",NO,SÍ,SÍ,DEDICADO,DEDICADO,50,OFF,Alestra,36,EMPRESARIAL,VENTA DIRECTA,UPSALE,SÍ,"324,000.00",SÍ,,,,,
SO56279,XCIEN,ABRIL,30/4/2026,,,SERGIO ABREGO,LEONARDO RODRÍGUEZ,,BRADESCARD MEXICO,"Sandur, SIS-50-10-ilimitado, BRADESCARD MEXICO, SITIO: TIENDA 185 SARAGUATO // FASE 1 BLINDAJE",,-609,,-609,SÍ,NO,NO,SATELITAL,SATELITAL,50,OFF,Starlink,12,EMPRESARIAL,EAC,RENOVACIÓN,NO,"-7,308.00",SÍ,,,,,Renovación
SO56277,XCIEN,ABRIL,30/4/2026,,,SERGIO ABREGO,LEONARDO RODRÍGUEZ,,BRADESCARD MEXICO,"Sandur, SIDP-20, BRADESCARD MEXICO, SITIO: MACRO PLAZA TIJUANA, WOOLWORTH // FASE 1 BLINDAJE",,-500,,-500,SÍ,NO,NO,DEDICADO,DEDICADO,20,N/A,,12,EMPRESARIAL,EAC,RENOVACIÓN,NO,"-6,000.00",SÍ,,,,,Renovación
SO56273,XCIEN,ABRIL,30/4/2026,,,SERGIO ABREGO,LEONARDO RODRÍGUEZ,,BRADESCARD MEXICO,"Sandur, SIDP-20, BRADESCARD MEXICO, SITIO: REYNOSA, DEL SOL",,-500,,-500,SÍ,NO,NO,DEDICADO,DEDICADO,20,ON,Libramiento III,12,EMPRESARIAL,EAC,RENOVACIÓN,NO,"-6,000.00",SÍ,,,,,Renovación
SO56271,XCIEN,ABRIL,30/4/2026,,,SERGIO ABREGO,LEONARDO RODRÍGUEZ,,BRADESCARD MEXICO,"Sandur, SIDP-20, BRADESCARD MEXICO, SITIO: WOOLWORTH, PLAZA SENDERO,SLP // FASE 1 BLINDAJE",,-500,,-500,SÍ,NO,NO,DEDICADO,DEDICADO,20,ON,Edificio Eme,12,EMPRESARIAL,EAC,RENOVACIÓN,NO,"-6,000.00",SÍ,,,,,Renovación
SO56268,XCIEN,ABRIL,30/4/2026,,,SERGIO ABREGO,LEONARDO RODRÍGUEZ,,BRADESCARD MEXICO,"Sandur, SIDP-20, BRADESCARD MEXICO, SITIO: DEL SOL, PLAZA CITADINA, SLP",,-500,,-500,SÍ,NO,NO,DEDICADO,DEDICADO,20,N/A,,12,EMPRESARIAL,EAC,RENOVACIÓN,NO,"-6,000.00",SÍ,,,,,Renovación
SO58031,XCIEN,ABRIL,30/4/2026,,,CECILIA NUÑEZ,IRIS RAMÍREZ,,SIERRA MADRE INTERNET,"Sandur, SID-20, SIERRA MADRE INTERNET, SITIO: PRESTAMO EXPRESS MONTEMORELOS",,"-2,859",,"-2,859",SÍ,NO,NO,DEDICADO,DEDICADO,20,ON,Montemorelos,36,EMPRESARIAL,EAC,RENOVACIÓN,NO,"-102,924.00",SÍ,,,,,Decremento de costo con incremento de velocidad por renovación de contrato
SO58030,XCIEN,ABRIL,30/4/2026,4/5/2026,SI,CECILIA NUÑEZ,IRIS RAMÍREZ,,SIERRA MADRE INTERNET,"Sandur, SID-20, SIERRA MADRE INTERNET, SITIO PRESTAMO EXPRESS REYNOSA",,-200,,-200,SÍ,NO,NO,DEDICADO,DEDICADO,20,ON,Libramiento III,36,EMPRESARIAL,EAC,RENOVACIÓN,NO,"-7,200.00",SÍ,,,,,Decremento de costo con incremento de velocidad por renovación de contrato
SO58509,XCIEN,ABRIL,30/4/2026,,,KEVIN TORRES,JUAN ESCAMILLA,DANIEL GONZÁLEZ,SEYCVEL,"Sandur, SDWAN Plus - 20, SEYCVEL, Sitio:Terrapark 1","[SO58509] Sandur, SDWAN Plus - 20, SEYCVEL","3,000",,"3,000",SÍ,SÍ,NO,SERVICIOS ADMINISTRADOS,ALTA DISPONIBILIDAD,20,N/A,,24,EMPRESARIAL,VENTA DIRECTA,UPSALE,SÍ,"72,000.00",SÍ,,,,,
SO58510,XCIEN,ABRIL,30/4/2026,,,KEVIN TORRES,JUAN ESCAMILLA,DANIEL GONZÁLEZ,SEYCVEL,"Sandur, SDWAN Plus - 20, SEYCVEL, Sitio:Terrapark 2","[SO58510] Sandur, SDWAN Plus - 20, SEYCVEL","3,000",,"3,000",SÍ,SÍ,NO,SERVICIOS ADMINISTRADOS,ALTA DISPONIBILIDAD,20,N/A,,24,EMPRESARIAL,VENTA DIRECTA,UPSALE,SÍ,"72,000.00",SÍ,,,,,
SO58457,HUUS,ABRIL,30/4/2026,,,NANCY FUENTES,ANA GARZA,,PEDRO MEDINA FLORES,"HUUS, SA-WIFI-eero4P, PEDRO MEDINA FLORES , SITIO: CASA",,-800,,-800,SÍ,NO,NO,SERVICIOS ADMINISTRADOS,ALTA DISPONIBILIDAD,20,N/A,,12,EMPRESARIAL,EAC,DECREMENTO,NO,"-9,600.00",SÍ,,,,,Decremento de costo por retención de la cuenta
SO58460,HUUS,ABRIL,30/4/2026,,,,ANA GARZA,,PEDRO MEDINA FLORES,PEDRO MEDINA FLORES,,"1,148",,"1,148",SÍ,NO,NO,,,,N/A,,12,EMPRESARIAL,EAC,RENOVACIÓN,NO,"13,776.00",SÍ,,,,,
SO58071,HUUS,ABRIL,30/4/2026,,,NANCY FUENTES,ANA GARZA,,OPL LOGISTICA DE VALLE DE MEXICO,"HUUS, SIDP-200, OPL LOGISTICA DE VALLE DE MEXICO, Sitio: Cuautitlán Izcalli..",,"-5,000",,"-5,000",SÍ,NO,NO,DEDICADO,DEDICADO,200,ON,Xochimiquia,24,EMPRESARIAL,EAC,DECREMENTO,NO,"-120,000.00",SÍ,,,,,Decremento de costo por retención de la cuenta
SO58532,HUUS,ABRIL,30/4/2026,,,NANCY FUENTES,FRANCISCO VILLATORO,,PAC SHARED SERVICES,"HUUS, S-REUB-EQ, PAC SHARED SERVICES, SITIO: MTY REUBICACION",,,"2,990","2,990",SÍ,NO,NO,,,,N/A,,,EMPRESARIAL,EAC,REUBICACIÓN,NO,0.00,NO,,,,,
SO58450,XCIEN,ABRIL,30/4/2026,,,CECILIA NUÑEZ,CARLOS ALONSO,,HECTOR SARMIENTO MURO,"Sandur, SIMP-15, HECTOR SARMIENTO MURO , SITIO: ZUAZUA",,959,,959,SÍ,NO,NO,PYME,PYME,15,ON,Rojas,18,EMPRESARIAL,EAC,RENOVACIÓN,NO,"17,262.00",SÍ,,,,,Servicio de prueba por 5 días
SO58237,HUUS,ABRIL,30/4/2026,,,NANCY FUENTES,GERARDO DE LA PUENTE,FRANCISCO VILLATORO,PLASTIHOME WL,"HUUS, SIDP-100, PLASTIHOME WL, SITIO TEPOTZOTLAN","[SO58237] HUUS, SIDP-100, PLASTIHOME WL","3,555",,"3,555",SÍ,NO,NO,DEDICADO,DEDICADO,100,ON,Barrientos II,36,EMPRESARIAL,VENTA DIRECTA,UPGRADE,SÍ,"127,980.00",SÍ,,,,,
SO58238,HUUS,ABRIL,30/4/2026,,,NANCY FUENTES,GERARDO DE LA PUENTE,FRANCISCO VILLATORO,PLASTIHOME WL,"HUUS, SDWAN Plus - 100, PLASTIHOME WL, SITIO TEPOTZOTLAN","[SO58238] HUUS, SDWAN Plus - 100, PLASTIHOME WL","3,000",,"3,000",SÍ,NO,NO,SERVICIOS ADMINISTRADOS,ALTA DISPONIBILIDAD,100,ON,,36,EMPRESARIAL,VENTA DIRECTA,UPSALE,SÍ,"108,000.00",SÍ,,,,,
SO57207,XCIEN,MAYO,4/5/2026,13/5/2026,SI,KEVIN TORRES,IRIS RAMÍREZ,,LIZHONG MEXIC,"Sandur, SIRPA-20/10, LIZHONG MEXICO, SITIO: PALMA 215",,0,,0,SÍ,NO,NO,PYME,RESIDENCIAL,20,ON,Sendero,24,EMPRESARIAL,EAC,RENOVACIÓN,NO,0.00,SÍ,,,,,Incremento de velocidad por retención de la cuenta; se incrementa velocidadde sitio cancelado
SO58280,XCIEN,MAYO,4/5/2026,18/5/2026,SI,SERGIO ABREGO,GERARDO DE LA GARZA,JONATHAN TORRES,ALMA ARACELY GOMEZ RODRIGUEZ,"Sandur, SIDP-20, ALMA ARACELY GOMEZ RODRIGUEZ, SITIO: PLANTA AVANTE Monterrey Industrial Park","[SO58280] Sandur, SIDP-20, ALMA ARACELY GOMEZ RODRIGUEZ","2,100",,"2,100",NO,SÍ,SÍ,DEDICADO,DEDICADO,20,ON,Mitras,36,EMPRESARIAL,VENTA DIRECTA,PRIMERA VENTA,SÍ,"75,600.00",SÍ,,,,,
SO58561,LUMINET,MAYO,4/5/2026,8/5/2026,SI,FRANCISCO ALDAY,OSCAR RIVERA,,GOBIERNO DEL ESTADO DE COAHUILA DE ZARAGOZA SF,"Luminet, SIEV-100-30, GOBIERNO DEL ESTADO DE COAHUILA DE ZARAGOZA SF, Salon Agora",,,0,0,SÍ,NO,NO,DEDICADO,EVENTUAL,100,ON,Mecasa Ramos,,EMPRESARIAL,VENTA DIRECTA,EVENTUAL,NO,0.00,NO,,,,,
SO58428,LUMINET,MAYO,4/5/2026,,,CECILIA NUÑEZ,IRIS RAMÍREZ,,CLINICA QUIRURGICA DE LA CONCEPCIO,"Luminet, S-REUB-EQ, CLINICA QUIRURGICA DE LA CONCEPCION, CHC SALTILLO 2",,,0,0,SÍ,NO,NO,,,,ON,Loft,,EMPRESARIAL,EAC,CAMBIO DE DOMICILIO,NO,0.00,NO,,,,,Sin costo por más proyectos con el cliente
SO54638,HUUS,MAYO,4/5/2026,,,NANCY FUENTES,RAFAEL PÉREZ,FRANCISCO VILLATORO,FREJI TRANSPORTACION ESPECIALIZAD,"HUUS, SIDP-100, FREJI TRANSPORTACION ESPECIALIZADA, SITIO: SAN LUIS POTOSI","[Offnet:SO54638] HUUS, SIDP-100, FREJI TRANSPORTACION ESPECIALIZADA","12,610",,"12,610",SÍ,NO,SÍ,DEDICADO,DEDICADO,100,OFF,Alestra,36,EMPRESARIAL,VENTA DIRECTA,UPSALE,SÍ,"453,960.00",SÍ,,,,,
SO57906,XCIEN,MAYO,4/5/2026,,,SERGIO ABREGO,CARLOS ALONSO,,INDUSTRIAL GECASA,"Sandur, S-REUB-EQ, INDUSTRIAL GECASA, PARQUE INDUSTRIAL ESCOBEDO",,,0,0,SÍ,NO,NO,,,,N/A,,,EMPRESARIAL,EAC,REUBICACIÓN,NO,0.00,NO,,,,,
SO58385,XCIEN,MAYO,4/5/2026,,,CECILIA NUÑEZ,DANIEL GONZÁLEZ,,JS E&L MEXICO,"JS E&L MEXICO, Sitio: Apodaca",,"3,400",,"3,400",SÍ,NO,NO,,,,N/A,,12,EMPRESARIAL,EAC,RENOVACIÓN,NO,"40,800.00",SÍ,,,,,Renovación de contrato
SO58563,XCIEN,MAYO,4/5/2026,,,EDWIN GARZA,IRIS RAMÍREZ,,FOMENTO EMPRESARIAL INMOBILIARIO,"Sandur, CDD, FOMENTO EMPRESARIAL INMOBILIARIO, BO MORAVA 3",,,0,0,SÍ,NO,NO,,,,N/A,,,EMPRESARIAL,EAC,CAMBIO DE DOMICILIO,NO,0.00,NO,,,,,
SO58345,XCIEN,MAYO,5/5/2026,12/5/2026,SI,NANCY FUENTES,JUAN ESCAMILLA,DANIEL GONZÁLEZ,FRANCISCO DANIEL OROZCO LEAL ISLA,"Sandur, SIMP-15, FRANCISCO DANIEL OROZCO LEAL ISLA, Sitio:Ramos","[SO58345] Sandur, SIMP-15, FRANCISCO DANIEL OROZCO LEAL ISLA","1,279",,"1,279",NO,SÍ,SÍ,PYME,PYME,15,ON,Manantiales,24,EMPRESARIAL,VENTA DIRECTA,PRIMERA VENTA,SÍ,"30,696.00",SÍ,,,,,
SO58346,XCIEN,MAYO,5/5/2026,11/5/2026,SI,NANCY FUENTES,JUAN ESCAMILLA,DANIEL GONZÁLEZ,FRANCISCO DANIEL OROZCO LEAL ISLA,"Sandur, SIMP-15, FRANCISCO DANIEL OROZCO LEAL ISLA, Sitio:Arteaga","[SO58346] Sandur, SIMP-15, FRANCISCO DANIEL OROZCO LEAL ISLA","1,279",,"1,279",SÍ,SÍ,SÍ,PYME,PYME,15,ON,Loft,24,EMPRESARIAL,VENTA DIRECTA,UPSALE,SÍ,"30,696.00",SÍ,,,,,
SO58321,XCIEN,MAYO,5/5/2026,,,EDWIN GARZA,CARLOS ALONSO,,PLASTYPEL,"Sandur, SIDP-200, PLASTYPEL, PLASTYPEL",,0,,0,SÍ,NO,NO,DEDICADO,DEDICADO,200,ON,Seminario,24,EMPRESARIAL,EAC,CORTESÍA,NO,0.00,S/D,,,,,Por tema de fallas y retención de la cuenta se otorga servicio de redundancia como cortesía
SO58577,XCIEN,MAYO,5/5/2026,,,KEVIN TORRES,CARLOS ALONSO,,CRIBAS Y PRODUCTOS METALICOS,"Sandur, CDD, CRIBAS Y PRODUCTOS METALICOS, FUTURO NOGALAR 2",,,"1,990","1,990",SÍ,NO,NO,,,,N/A,,,EMPRESARIAL,EAC,CAMBIO DE DOMICILIO,NO,0.00,NO,,,,,
SO58499,XCIEN,MAYO,5/5/2026,13/5/2026,SI,EDWIN GARZA,JAIME GARZA,IRIS RAMÍREZ,RYG REGIOMONTANA,"Sandur, SIDP-50, RYG REGIOMONTANA, SITIO DULCES NOMBRES","[SO58499] Sandur, SIDP-50, RYG REGIOMONTANA","1,500",,"1,500",SÍ,NO,NO,DEDICADO,DEDICADO,50,ON,Huinala,36,EMPRESARIAL,EAC,UPGRADE,SÍ,"54,000.00",SÍ,,,,,
SO56750,LUMINET,MAYO,5/5/2026,,,CECILIA NUÑEZ,CARLOS ALONSO,,RCF INDUSTRIAL DE MEXICO,"Luminet, SIDP-20, RCF INDUSTRIAL DE MEXICO, FIAMM QRO",,"2,199",,"2,199",NO,NO,NO,DEDICADO,DEDICADO,20,ON,Colorado,,EMPRESARIAL,EAC,CAMBIO RAZÓN SOCIAL,NO,0.00,SÍ,,,,,Por renovación de la cuenta se incrementa velocidad sin costo
SO58593,XCIEN,MAYO,5/5/2026,,,EDWIN GARZA,DANIEL GONZÁLEZ,, JUAN HECTOR MEDINA SEGURA,"Sandur, SA-WIFI-eero2P, JUAN HECTOR MEDINA SEGURA, Balcones de Alta Vista",,0,,0,SÍ,NO,NO,SERVICIOS ADMINISTRADOS,WIFI ADMINISTRADO,,ON,,,EMPRESARIAL,EAC,CORTESÍA,NO,0.00,S/D,,,,,Se crea oportunidad para creación de SOP
SO58265,XCIEN,MAYO,6/5/2026,16/5/2026,SI,EDWIN GARZA,DANIEL GONZÁLEZ,,RECICLADORA REGIOMONTANA,"Sandur, SIDP-30, RECICLADORA REGIOMONTANA, SITIO:RECICLADORA","[SO58265] Sandur, SIDP-30, RECICLADORA REGIOMONTANA",601,,601,SÍ,NO,NO,DEDICADO,DEDICADO,30,ON,Sta. Catarina,36,EMPRESARIAL,EAC,UPGRADE,SÍ,"21,636.00",SÍ,,,,,Renovación
SO57223,XCIEN,MAYO,6/5/2026,26/5/2026,SI,EDWIN GARZA,DAVID REYES,JONATHAN TORRES,ALTTA HOMES CENTRO SUR,"Sandur, SIDP-100 + AD, ALTTA HOMES CENTRO SUR, SITIO HEROES DE MONTERREY","[SO57223] Sandur, SIDP-100 + AD, ALTTA HOMES CENTRO SUR","3,500",,"3,500",SÍ,NO,NO,DEDICADO,DEDICADO/AD,100,ON,Rojas,12,EMPRESARIAL,VENTA DIRECTA,UPGRADE,SÍ,"42,000.00",SÍ,,,,,
SO58326,HUUS,MAYO,7/5/2026,9/5/2026,SI,NANCY FUENTES,MARIO LOMELÍ,,ANA PRISCILLA FONT NOGUEIRA,"HUUS, SIEV-100-30, ANA PRISCILLA FONT NOGUEIRA, ARTZ Pedregal","[Offnet:SO58326] HUUS, SIEV-100-30, ANA PRISCILLA FONT NOGUEIRA",,"72,000","72,000",NO,SÍ,SÍ,DEDICADO,EVENTUAL,,OFF,Hub networks,,EMPRESARIAL,VENTA DIRECTA,EVENTUAL,NO,0.00,NO,,,,,
SO58173,XCIEN,MAYO,7/5/2026,18/5/2026,SI,EDWIN GARZA,LEONARDO RODRÍGUEZ,,COORDINADORA DE FLETES AGUILERA,"Sandur, SIMP-30, COORDINADORA DE FLETES AGUILERA, SITIO: COLOMBIA // COORDINADORA DE FLETES AGUILERA / FASE 3 BLINDAJE",,"1,999",,"1,999",SÍ,NO,NO,PYME,PYME,30,ON,Norte,36,EMPRESARIAL,EAC,RENOVACIÓN,NO,"71,964.00",SÍ,,,,,Renovación
SO58181,XCIEN,MAYO,7/5/2026,8/5/2026,SI,EDWIN GARZA,LEONARDO RODRÍGUEZ,,CONSORCIO INTERMODAL AGUILERA,"Sandur, SIMP-20, CONSORCIO INTERMODAL AGUILERA, SITIO:SLP // FASE 3 BLINDAJE",,"1,599",,"1,599",SÍ,NO,NO,PYME,PYME,20,ON,Carretera 57,36,EMPRESARIAL,EAC,RENOVACIÓN,NO,"57,564.00",SÍ,,,,,Renovación
SO57862,XCIEN,MAYO,7/5/2026,,,EDWIN GARZA,GERARDO DE LA GARZA,DANIEL GONZÁLEZ,TRANSPORTES URGENTES NUEVO LEON,"Sandur, SIDP-200 + AD, TRANSPORTES URGENTES NUEVO LEON, SITIO: PATIO ESCOBEDO 2","[SO57862] Sandur, SIDP-200 + AD, TRANSPORTES URGENTES NUEVO LEON","10,000",,"10,000",SÍ,NO,SÍ,DEDICADO,DEDICADO/AD,200,ON,,48,EMPRESARIAL,VENTA DIRECTA,UPSALE,SÍ,"480,000.00",SÍ,,,,,Promo
SO58632,XCIEN,MAYO,7/5/2026,14/5/2026,SI,EDWIN GARZA,GERARDO DE LA GARZA,DANIEL GONZÁLEZ,TRANSPORTES URGENTES NUEVO LEON,"Sandur, SIS-50-10-ilimitado, TRANSPORTES URGENTES NUEVO LEON, SITIO: PATIO ESCOBEDO 2",,0,,0,SÍ,NO,NO,SATELITAL,SATELITAL,50,OFF,Starlink,1,EMPRESARIAL,VENTA DIRECTA,CORTESÍA,NO,0.00,S/D,,,,,cortesía por 1 mes mientras se instala torre y dedicado
SO58630,XCIEN,MAYO,7/5/2026,,,EDWIN GARZA,GERARDO DE LA GARZA,DANIEL GONZÁLEZ,TRANSPORTES URGENTES NUEVO LEON,"Sandur, [SIN PRODUCTO], TRANSPORTES URGENTES NUEVO LEON, SITIO: PATIO ESCOBEDO 2",,0,,0,SÍ,NO,NO,SERVICIOS ADMINISTRADOS,TORRE,,ON,,48,EMPRESARIAL,VENTA DIRECTA,VENTA DE EQUIPO,NO,0.00,S/D,,,,,En comodato; por eso el plazo
SO58605,XCIEN,MAYO,7/5/2026,13/5/2026,SI,CECILIA NUÑEZ,JORGE DE LA GARZA,IRIS RAMÍREZ,SEKAI TECHNOLOGY,"Sandur, SIDP-50, SEKAI TECHNOLOGY, Sitio: Ciénega de Flores","[SO58605] Sandur, SIDP-50, SEKAI TECHNOLOGY","3,700",,"3,700",SÍ,NO,NO,DEDICADO,DEDICADO,50,ON,Rojas,36,EMPRESARIAL,VENTA DIRECTA,UPGRADE,SÍ,"133,200.00",SÍ,,,,,
SO57707,XCIEN,MAYO,7/5/2026,,,SERGIO ABREGO,PEDRO PAEZ,LEONARDO RODRÍGUEZ, GARAGE Y TALLERES,"Sandur, SIDP-20, GARAGE Y TALLERES, LOTE: 59 SANTIAGO","[SO57707] Sandur, SIDP-20, GARAGE Y TALLERES","1,800",,"1,800",SÍ,NO,SÍ,DEDICADO,DEDICADO,20,ON,Santiago,36,EMPRESARIAL,VENTA DIRECTA,UPSALE,SÍ,"64,800.00",SÍ,,,,,
SO57381,LUMINET,MAYO,7/5/2026,,,CECILIA NUÑEZ,OSCAR RIVERA,, COLEGIO DE ESTUDIOS CIENTIFICOS Y TECNOLOGICOS DEL ESTADO DE COAHUILA,"Luminet, SIDP-100, COLEGIO DE ESTUDIOS CIENTIFICOS Y TECNOLOGICOS DEL ESTADO DE COAHUILA, SITIO DIRECCIÓN GENERAL CECYTEC",,"453,057",,"453,057",SÍ,NO,NO,DEDICADO,DEDICADO,100,ON,,,GOBIERNO,OTRO,RENOVACIÓN,NO,0.00,NO,,,,,solo se ingreso para fines de facturación ligada a una extensión de contrato de los sitios del CECYTEC
SO58639,XCIEN,MAYO,8/5/2026,,,FRANCISCO ALDAY,OSCAR RIVERA,,"COMISARIA DE SEGURIDAD Y PROTECCION CIUDADANA DEL MUNICIPIO DE SALTILLO, COAHUILA DE ZARAGOZA","Sandur, SST-S, COMISARIA DE SEGURIDAD Y PROTECCION CIUDADANA DEL MUNICIPIO DE SALTILLO, COAHUILA DE ZARAGOZA, Guacali y nopal ( las Teresita's)",,0,,0,SÍ,NO,NO,,,,N/A,,,GOBIERNO,OTRO,VENTA DE EQUIPO,NO,0.00,S/D,,,,,
SO58638,XCIEN,MAYO,8/5/2026,,,FRANCISCO ALDAY,OSCAR RIVERA,,"COMISARIA DE SEGURIDAD Y PROTECCION CIUDADANA DEL MUNICIPIO DE SALTILLO, COAHUILA DE ZARAGOZA","Sandur, SST-S, COMISARIA DE SEGURIDAD Y PROTECCION CIUDADANA DEL MUNICIPIO DE SALTILLO, COAHUILA DE ZARAGOZA, Calle Miguel Hidalgo",,0,,0,SÍ,NO,NO,,,,N/A,,,GOBIERNO,OTRO,VENTA DE EQUIPO,NO,0.00,S/D,,,,,
SO58637,XCIEN,MAYO,8/5/2026,,,FRANCISCO ALDAY,OSCAR RIVERA,,"COMISARIA DE SEGURIDAD Y PROTECCION CIUDADANA DEL MUNICIPIO DE SALTILLO, COAHUILA DE ZARAGOZA","Sandur, SST-S, COMISARIA DE SEGURIDAD Y PROTECCION CIUDADANA DEL MUNICIPIO DE SALTILLO, COAHUILA DE ZARAGOZA, Balcones de Buenavista",,0,,0,SÍ,NO,NO,,,,N/A,,,GOBIERNO,OTRO,VENTA DE EQUIPO,NO,0.00,S/D,,,,,
SO57176,XCIEN,MAYO,8/5/2026,19/5/2026,SI,EDWIN GARZA,PEDRO PAEZ,LEONARDO RODRÍGUEZ, GARAGE Y TALLERES,"Sandur, INST-T-TZ30-21, GARAGE Y TALLERES, SITIO: LOTE 80 JUAREZ",,0,,0,SÍ,NO,NO,SERVICIOS ADMINISTRADOS,TORRE,,ON,,60,EMPRESARIAL,VENTA DIRECTA,VENTA DE EQUIPO,NO,0.00,S/D,,,,,En comodato; por eso el plazo
SO57708,XCIEN,MAYO,8/5/2026,29/5/2026,SI,SERGIO ABREGO,PEDRO PAEZ,LEONARDO RODRÍGUEZ, GARAGE Y TALLERES,"Sandur, SIDP-20, GARAGE Y TALLERES, SITIO: LOTE 63 CHURUBUSCO","[SO57708] Sandur, SIDP-20, GARAGE Y TALLERES","1,800",,"1,800",SÍ,NO,SÍ,DEDICADO,DEDICADO,20,ON,Guadalupe,36,EMPRESARIAL,VENTA DIRECTA,UPSALE,SÍ,"64,800.00",SÍ,,,,,
SO57709,XCIEN,MAYO,8/5/2026,2/6/2026,SI,SERGIO ABREGO,PEDRO PAEZ,LEONARDO RODRÍGUEZ, GARAGE Y TALLERES,"Sandur, SIDP-20, GARAGE Y TALLERES, LOTE: 67 LOS ANGELES","[SO57709] Sandur, SIDP-20, GARAGE Y TALLERES","1,800",,"1,800",SÍ,NO,SÍ,DEDICADO,DEDICADO,20,ON,Guadalupe,36,EMPRESARIAL,VENTA DIRECTA,UPSALE,SÍ,"64,800.00",SÍ,,,,,
SO57710,XCIEN,MAYO,8/5/2026,,,SERGIO ABREGO,PEDRO PAEZ,LEONARDO RODRÍGUEZ, GARAGE Y TALLERES,"Sandur, SIDP-20, GARAGE Y TALLERES, LOTE: 65 SAN PEDRO","[SO57710] Sandur, SIDP-20, GARAGE Y TALLERES","1,800",,"1,800",SÍ,NO,SÍ,DEDICADO,DEDICADO,20,ON,Vasconcelos,36,EMPRESARIAL,VENTA DIRECTA,UPSALE,SÍ,"64,800.00",SÍ,,,,,
SO57711,XCIEN,MAYO,8/5/2026,,,SERGIO ABREGO,PEDRO PAEZ,LEONARDO RODRÍGUEZ, GARAGE Y TALLERES,"Sandur, SIDP-20, GARAGE Y TALLERES, LOTE: 66 CONCORDIA","[SO57711] Sandur, SIDP-20, GARAGE Y TALLERES","1,800",,"1,800",SÍ,NO,SÍ,DEDICADO,DEDICADO,20,ON,Industrial Apodaca,36,EMPRESARIAL,VENTA DIRECTA,UPSALE,SÍ,"64,800.00",SÍ,,,,,
SO57712,XCIEN,MAYO,8/5/2026,,,SERGIO ABREGO,PEDRO PAEZ,LEONARDO RODRÍGUEZ, GARAGE Y TALLERES,"Sandur, SIDP-20, GARAGE Y TALLERES, SITIO: LOTE 78 ENTRONQUE","[SO57712] Sandur, SIDP-20, GARAGE Y TALLERES","1,800",,"1,800",SÍ,NO,SÍ,DEDICADO,DEDICADO,20,ON,Sta. Rosa,36,EMPRESARIAL,VENTA DIRECTA,UPSALE,SÍ,"64,800.00",SÍ,,,,,
SO57713,XCIEN,MAYO,8/5/2026,,,SERGIO ABREGO,PEDRO PAEZ,LEONARDO RODRÍGUEZ, GARAGE Y TALLERES,"Sandur, SIDP-20, GARAGE Y TALLERES, LOTE: 79 SENDERO","[SO57713] Sandur, SIDP-20, GARAGE Y TALLERES","1,800",,"1,800",SÍ,NO,SÍ,DEDICADO,DEDICADO,20,ON,Sendero,36,EMPRESARIAL,VENTA DIRECTA,UPSALE,SÍ,"64,800.00",SÍ,,,,,
SO57714,XCIEN,MAYO,8/5/2026,21/5/2026,SI,SERGIO ABREGO,PEDRO PAEZ,LEONARDO RODRÍGUEZ, GARAGE Y TALLERES,"Sandur, SIDP-20, GARAGE Y TALLERES, LOTE: 263 FCO BELTRAN","[SO57714] Sandur, SIDP-20, GARAGE Y TALLERES","1,800",,"1,800",SÍ,NO,SÍ,DEDICADO,DEDICADO,20,ON,Guadalupe,36,EMPRESARIAL,VENTA DIRECTA,UPSALE,SÍ,"64,800.00",SÍ,,,,,
SO58661,XCIEN,MAYO,10/5/2026,,,FRANCISCO ALDAY,OSCAR RIVERA,,"COMISARIA DE SEGURIDAD Y PROTECCION CIUDADANA DEL MUNICIPIO DE SALTILLO, COAHUILA DE ZARAGOZA","Sandur, SST-S, COMISARIA DE SEGURIDAD Y PROTECCION CIUDADANA DEL MUNICIPIO DE SALTILLO, COAHUILA DE ZARAGOZA, Col Tanquesito",,0,,0,SÍ,NO,NO,,,,N/A,,,GOBIERNO,OTRO,VENTA DE EQUIPO,NO,0.00,S/D,,,,,
SO57119,XCIEN,MAYO,11/5/2026,22/5/2026,SI,EDWIN GARZA,PEDRO PAEZ,LEONARDO RODRÍGUEZ, GARAGE Y TALLERES,"Sandur, SIDP-30, GARAGE Y TALLERES, SITIO: LOTE 80 JUAREZ","[SO57119] Sandur, SIDP-30, GARAGE Y TALLERES","2,700",,"2,700",SÍ,NO,SÍ,DEDICADO,DEDICADO,30,ON,,60,EMPRESARIAL,VENTA DIRECTA,UPSALE,SÍ,"162,000.00",SÍ,,,,,Se va a plazo de 60 meses para cubrir cobro de torre a comodato
SO58471,HUUS,MAYO,11/5/2026,12/5/2026,SI,NANCY FUENTES,MARIO LOMELÍ,FRANCISCO VILLATORO,SOLUCIONES LOGISTICAS CRYPTE,"HUUS, SIDP-40, SOLUCIONES LOGISTICAS CRYPTEX, SITIO TULTITLAN","[SO58471] HUUS, SIDP-40, SOLUCIONES LOGISTICAS CRYPTEX",900,,900,SÍ,NO,NO,DEDICADO,DEDICADO,40,ON,Cuatitlán,36,EMPRESARIAL,VENTA DIRECTA,UPGRADE,SÍ,"32,400.00",SÍ,,,,,
SO58612,LUMINET,MAYO,11/5/2026,,,FRANCISCO ALDAY,OSCAR RIVERA,,FISCALIA GENERAL DEL ESTADO DE COAHUILA DE ZARAGOZ,"Luminet, SIDP-200, FISCALIA GENERAL DEL ESTADO DE COAHUILA DE ZARAGOZA, Fiscalia general del estado de coahuila",,"314,000",,"314,000",SÍ,NO,NO,,,,N/A,,,GOBIERNO,OTRO,RENOVACIÓN,NO,0.00,S/D,,,,,Se confirma venta para fines de facturación
SO58504,XCIEN,MAYO,12/5/2026,,,KEVIN TORRES,JONATHAN TORRES,,BEATRIZ PASCUALA RAMIREZ RAMIREZ,"Sandur, SIDP-100, BEATRIZ PASCUALA RAMIREZ RAMIREZ, SITIO LTP",,"-6,300",,"-6,300",SÍ,NO,NO,DEDICADO,DEDICADO,100,ON,Acherbis,18,EMPRESARIAL,EAC,DECREMENTO,NO,"-113,400.00",SÍ,,,,,
SO58594,HUUS,MAYO,12/5/2026,14/5/2026,SI,NANCY FUENTES,FRANCISCO VILLATORO,,ALMACENADORA SUR SA DE CV ORGANIZACION AUXILIAR DEL CREDITO,"HUUS, CDD, ALMACENADORA SUR SA DE CV ORGANIZACION AUXILIAR DEL CREDITO, LOGITIK PARK SN LUIS POTOSI",,,"2,990","2,990",SÍ,NO,NO,,,,ON,Cerro Gordo,,EMPRESARIAL,EAC,CAMBIO DE DOMICILIO,NO,0.00,NO,,,,,
SO58702,XCIEN,MAYO,12/5/2026,,,EDWIN GARZA,IRIS RAMÍREZ,,FOMENTO EMPRESARIAL INMOBILIARIO,"Sandur, CDD, FOMENTO EMPRESARIAL INMOBILIARIO, BO Cantabria 8",,0,,0,SÍ,NO,NO,,,,ON,,,EMPRESARIAL,EAC,CAMBIO DE DOMICILIO,NO,0.00,NO,,,,,
SO58678,XCIEN,MAYO,13/5/2026,,,CECILIA NUÑEZ,DANIEL GONZÁLEZ,,SLW BUSINESS CENTER,"Sandur, SIDP-100 + AD, SLW BUSINESS CENTER, SITIO SLW SANTA ISABEL",,0,,0,SÍ,NO,NO,DEDICADO,DEDICADO/AD,100,ON,,,EMPRESARIAL,EAC,CORTESÍA,NO,0.00,S/D,,,,,Por acuerdo de Felipe y el Ing. Juan Héctor se harán cortesía
SO58679,XCIEN,MAYO,13/5/2026,,,CECILIA NUÑEZ,DANIEL GONZÁLEZ,,SLW BUSINESS CENTER,"Sandur, SIDP-100 + AD, SLW BUSINESS CENTER, SITIO SLW RUFINO TAMAYO",,0,,0,SÍ,NO,NO,DEDICADO,DEDICADO/AD,100,ON,,,EMPRESARIAL,EAC,CORTESÍA,NO,0.00,S/D,,,,,Por acuerdo de Felipe y el Ing. Juan Héctor se harán cortesía
SO58657,XCIEN,MAYO,13/5/2026,,,FRANCISCO ALDAY,OSCAR RIVERA,,"COMISARIA DE SEGURIDAD Y PROTECCION CIUDADANA DEL MUNICIPIO DE SALTILLO, COAHUILA DE ZARAGOZA","Sandur, SST-S, COMISARIA DE SEGURIDAD Y PROTECCION CIUDADANA DEL MUNICIPIO DE SALTILLO, COAHUILA DE ZARAGOZA, C2 SALTILLO",,0,,0,SÍ,NO,NO,,,,N/A,,,GOBIERNO,OTRO,VENTA DE EQUIPO,NO,0.00,S/D,,,,,servidor de almacenamiento  relacionado al proyecto de comisarías.
SO58720,XCIEN,MAYO,13/5/2026,,,FRANCISCO ALDAY,OSCAR RIVERA,,"COMISARIA DE SEGURIDAD Y PROTECCION CIUDADANA DEL MUNICIPIO DE SALTILLO, COAHUILA DE ZARAGOZA","Sandur, SST-S, COMISARIA DE SEGURIDAD Y PROTECCION CIUDADANA DEL MUNICIPIO DE SALTILLO, COAHUILA DE ZARAGOZA, GRUPO 1",,0,,0,SÍ,NO,NO,,,,N/A,,,GOBIERNO,OTRO,VENTA DE EQUIPO,NO,0.00,S/D,,,,,servidor de almacenamiento  relacionado al proyecto de comisarías.
SO58721,XCIEN,MAYO,13/5/2026,,,FRANCISCO ALDAY,OSCAR RIVERA,,"COMISARIA DE SEGURIDAD Y PROTECCION CIUDADANA DEL MUNICIPIO DE SALTILLO, COAHUILA DE ZARAGOZA","Sandur, SST-S, COMISARIA DE SEGURIDAD Y PROTECCION CIUDADANA DEL MUNICIPIO DE SALTILLO, COAHUILA DE ZARAGOZA, GRUPO  2",,0,,0,SÍ,NO,NO,,,,N/A,,,GOBIERNO,OTRO,VENTA DE EQUIPO,NO,0.00,S/D,,,,,servidor de almacenamiento  relacionado al proyecto de comisarías.
SO58128,XCIEN,MAYO,13/5/2026,27/5/2026,SI,CECILIA NUÑEZ,LEONARDO RODRÍGUEZ,, PEGAMENTOS GARZA,"Sandur, SIMP-20, PEGAMENTOS GARZA, SITIO: PARQUE IND UNIDAD NACIONAL // BLINDAJE FASE 3",,"1,199",,"1,199",SÍ,NO,NO,PYME,PYME,20,ON,,36,EMPRESARIAL,EAC,RENOVACIÓN,NO,"43,164.00",SÍ,,,,,Renovación
SO57671,XCIEN,MAYO,13/5/2026,,,EDWIN GARZA,CLAUDIA NIETO,,HOGAR SAN VICENTE DE PAUL,"Sandur, SVOZ-EXT-N2P, HOGAR SAN VICENTE DE PAUL, SITIO SAN VICENTE",,0,,0,NO,SÍ,SÍ,SERVICIOS ADMINISTRADOS,TELEFONÍA,,OFF,N2P,,OTRO,OTRO,CORTESÍA,NO,0.00,S/D,,,,,Cortesía autorizada por el Ing. Uri por 12 meses
SO57296,XCIEN,MAYO,13/5/2026,,,EDWIN GARZA,CLAUDIA NIETO,,HOGAR SAN VICENTE DE PAUL,"Sandur, SIDP-50, HOGAR SAN VICENTE DE PAUL, SITIO SAN VICENTE",,0,,0,NO,SÍ,NO,DEDICADO,DEDICADO,50,ON,García,,OTRO,OTRO,CORTESÍA,NO,0.00,S/D,,,,,Cortesía autorizada por el Ing. Uri y el Ing. Rli solicitada por GPC
SO58604,XCIEN,MAYO,14/5/2026,27/5/2026,SI,KEVIN TORRES,ALEJANDRA TELLEZ,IRIS RAMÍREZ,LYNXSEC,"Sandur, Collo-Rack/RB, LYNXSEC, LOMAS VERDES","[SO58604] Sandur, Collo-Rack/RB, LYNXSEC","20,750",,"20,750",SÍ,NO,NO,SERVICIOS ADMINISTRADOS,COUBICACIÓN,,ON,Rep Lomas Verdes,12,EMPRESARIAL,DISTRIBUIDOR,UPSALE,SÍ,"249,000.00",SÍ,,,,,Coubicación de 9 equipos en nuestra RB
SO58646,XCIEN,MAYO,14/5/2026,27/5/2026,SI,EDWIN GARZA,GERARDO DE LA GARZA,DANIEL GONZÁLEZ,BECA TRADERS,"Sandur, SIS-50-10-ilimitado, BECA TRADERS, SITIO: PESQUERIA","[SO58646] Sandur, SIS-50-10-ilimitado, BECA TRADERS","4,200",,"4,200",NO,SÍ,SÍ,SATELITAL,SATELITAL,50,OFF,Starlink,36,EMPRESARIAL,VENTA DIRECTA,PRIMERA VENTA,SÍ,"151,200.00",SÍ,,,,,
SO58658,XCIEN,MAYO,14/5/2026,,,NANCY FUENTES,CLAUDIA NIETO,, JUAN JESUS REYES MINOR,"Sandur, SID-20, JUAN JESUS REYES MINOR, SITIO PASTOR II",,0,,0,SÍ,NO,NO,DEDICADO,DEDICADO,20,ON,Rep Pastor Rouaix,,OTRO,OTRO,CORTESÍA,NO,0.00,S/D,,,,,Servicio de cortesía para el arrendedaor de el Rep Pastor Rouaix
SO58793,XCIEN,MAYO,14/5/2026,,,CECILIA NUÑEZ,CLAUDIA NIETO,,CECILIA FLORES CARRILLO,"Sandur, SIP-30x15, CECILIA FLORES CARRILLO, SITIO CECILIA FLORES",,,0,0,SÍ,NO,NO,PYME,PROFESIONAL,30,ON,,,OTRO,OTRO,CORTESÍA,NO,0.00,NO,,,,,Servicio de empleado
SO57842,HUUS,MAYO,14/5/2026,,,NANCY FUENTES,ROBERTO GALINDO,FRANCISCO VILLATORO,CARMI LOGISTICS GLOBAL,"HUUS, SIDP-50, CARMI LOGISTICS GLOBAL, SITIO CDMX","[Offnet:SO57842] HUUS, SIDP-50, CARMI LOGISTICS GLOBAL","1,635",,"1,635",SÍ,SÍ,NO,DEDICADO,DEDICADO,50,OFF,,36,EMPRESARIAL,VENTA DIRECTA,UPGRADE,SÍ,"58,860.00",SÍ,,,,,Se iba a entregar mediante MO pero no se tuvo lv y se hara enyrega mediante FO y hay incremento de precio
SO57841,HUUS,MAYO,15/5/2026,,,NANCY FUENTES,ROBERTO GALINDO,FRANCISCO VILLATORO,CARMI LOGISTICS GLOBAL,"HUUS, SIDP-50, CARMI LOGISTICS GLOBAL, SITIO QUERETARO","[Offnet:SO57841] HUUS, SIDP-50, CARMI LOGISTICS GLOBAL","1,935",,"1,935",SÍ,SÍ,NO,DEDICADO,DEDICADO,50,OFF,,36,EMPRESARIAL,VENTA DIRECTA,UPGRADE,SÍ,"69,660.00",SÍ,,,,,Se iba a entregar mediante MO pero no se tuvo lv y se hara enyrega mediante FO y hay incremento de precio//Era on y cambio a off; ya no aplica promoción de marzo
SO57839,HUUS,MAYO,15/5/2026,,,NANCY FUENTES,ROBERTO GALINDO,FRANCISCO VILLATORO,CARMI LOGISTICS GLOBAL,"HUUS, SIDP-50, CARMI LOGISTICS GLOBAL, SITIO AGUASCALIENTES","
[Offnet:SO57839] HUUS, SIDP-50, CARMI LOGISTICS GLOBAL",70,,70,SÍ,SÍ,NO,DEDICADO,DEDICADO,50,OFF,,36,EMPRESARIAL,VENTA DIRECTA,UPGRADE,SÍ,"2,520.00",SÍ,,,,,Se iba a entregar mediante MO pero no se tuvo lv y se hara enyrega mediante FO y hay incremento de precio; cambia de proveedor
SO57843,HUUS,MAYO,15/5/2026,27/5/2026,SI,NANCY FUENTES,ROBERTO GALINDO,FRANCISCO VILLATORO,CARMI LOGISTICS GLOBAL,"HUUS, SIDP-50, CARMI LOGISTICS GLOBAL, SITIO VERACRUZ","
[Offnet:SO57843] HUUS, SIDP-50, CARMI LOGISTICS GLOBAL","-2,565",,"-2,565",SÍ,SÍ,NO,DEDICADO,DEDICADO,50,OFF,,36,EMPRESARIAL,VENTA DIRECTA,DECREMENTO,NO,"-92,340.00",SÍ,,,,,Se iba a entregar mediante MO pero no se tuvo lv y se hara entrega mediante FO y hay decremento de precio
SO58761,XCIEN,MAYO,15/5/2026,,,EDWIN GARZA,IRIS RAMÍREZ,,FOMENTO EMPRESARIAL INMOBILIARIO,"Sandur, SRPV-10, FOMENTO EMPRESARIAL INMOBILIARIO, SITIO: CEDIS REYNOSA",,,0,0,SÍ,NO,NO,SERVICIOS ADMINISTRADOS,RED PRIVADA,10,ON,,,EMPRESARIAL,EAC,CREACIÓN SOP,NO,0.00,NO,,,,,Se crea tarea  para creación de SOP
SO57673,HUUS,MAYO,15/5/2026,,,NANCY FUENTES,LEONARDO RODRÍGUEZ,,HINOFAR,"HUUS, SIRPA-20/10, HINOFAR, SITIO: PALO BLANCO",,-288,,-288,SÍ,NO,NO,DEDICADO,RESIDENCIAL,20,ON,,,EMPRESARIAL,EAC,DECREMENTO,NO,0.00,SÍ,,,,,Solo se confirma venta para decremento en facturación
SO58802,LUMINET,MAYO,18/5/2026,,,CECILIA NUÑEZ,OSCAR RIVERA,,SERVICIOS DE SALUD DE COAHUILA DE ZARAGOZA,"Luminet, SIMP-15, SERVICIOS DE SALUD DE COAHUILA DE ZARAGOZA, Almacen SSA",,"2,759",,"2,759",SÍ,NO,NO,PYME,PYME,15,ON,,,GOBIERNO,OTRO,RENOVACIÓN,NO,0.00,NO,,,,,Se solicita la recativación de la factura por 2 meses
SO57977,LUMINET,MAYO,18/5/2026,,,CECILIA NUÑEZ,OSCAR RIVERA,,COLEGIO DE ESTUDIOS CIENTIFICOS Y TECNOLOGICOS DEL ESTADO DE COAHUILA,"Luminet, SIDP-80, COLEGIO DE ESTUDIOS CIENTIFICOS Y TECNOLOGICOS DEL ESTADO DE COAHUILA, CECYTEC -VILLA UNION",,"12,381",,"12,381",SÍ,NO,NO,DEDICADO,DEDICADO,80,ON,,,GOBIERNO,OTRO,RENOVACIÓN,NO,0.00,SÍ,,,,,Sitios relacionados a la renovación 2026 de la cuenta CECYTEC con  plazo del 14 de Abril al 31 de Diciembre del 2026
SO57978,LUMINET,MAYO,18/5/2026,,,CECILIA NUÑEZ,OSCAR RIVERA,,COLEGIO DE ESTUDIOS CIENTIFICOS Y TECNOLOGICOS DEL ESTADO DE COAHUILA,"2026, SIDP-80, COLEGIO DE ESTUDIOS CIENTIFICOS Y TECNOLOGICOS DEL ESTADO DE COAHUILA, CECYTEC - CASTAÑOS",,"12,381",,"12,381",SÍ,NO,NO,DEDICADO,DEDICADO,80,ON,,,GOBIERNO,OTRO,RENOVACIÓN,NO,0.00,SÍ,,,,,Sitios relacionados a la renovación 2026 de la cuenta CECYTEC con  plazo del 14 de Abril al 31 de Diciembre del 2026
SO57979,LUMINET,MAYO,18/5/2026,,,CECILIA NUÑEZ,OSCAR RIVERA,,COLEGIO DE ESTUDIOS CIENTIFICOS Y TECNOLOGICOS DEL ESTADO DE COAHUILA,"2026, SIDP-80, COLEGIO DE ESTUDIOS CIENTIFICOS Y TECNOLOGICOS DEL ESTADO DE COAHUILA, CECYTEC - MONCLOVA SUR",,"12,381",,"12,381",SÍ,NO,NO,DEDICADO,DEDICADO,80,ON,,,GOBIERNO,OTRO,RENOVACIÓN,NO,0.00,SÍ,,,,,Sitios relacionados a la renovación 2026 de la cuenta CECYTEC con  plazo del 14 de Abril al 31 de Diciembre del 2026
SO57980,LUMINET,MAYO,18/5/2026,,,CECILIA NUÑEZ,OSCAR RIVERA,,COLEGIO DE ESTUDIOS CIENTIFICOS Y TECNOLOGICOS DEL ESTADO DE COAHUILA,"2026, SIDP-80, COLEGIO DE ESTUDIOS CIENTIFICOS Y TECNOLOGICOS DEL ESTADO DE COAHUILA, CECYTEC - MONCLOVA NORTE",,"12,381",,"12,381",SÍ,NO,NO,DEDICADO,DEDICADO,80,ON,,,GOBIERNO,OTRO,RENOVACIÓN,NO,0.00,SÍ,,,,,Sitios relacionados a la renovación 2026 de la cuenta CECYTEC con  plazo del 14 de Abril al 31 de Diciembre del 2026
SO57989,LUMINET,MAYO,18/5/2026,,,CECILIA NUÑEZ,OSCAR RIVERA,,COLEGIO DE ESTUDIOS CIENTIFICOS Y TECNOLOGICOS DEL ESTADO DE COAHUILA,"2026, SIDP-80, COLEGIO DE ESTUDIOS CIENTIFICOS Y TECNOLOGICOS DEL ESTADO DE COAHUILA, EMSAD - ABASOLO",,"12,381",,"12,381",SÍ,NO,NO,DEDICADO,DEDICADO,80,ON,,,GOBIERNO,OTRO,RENOVACIÓN,NO,0.00,SÍ,,,,,Sitios relacionados a la renovación 2026 de la cuenta CECYTEC con  plazo del 14 de Abril al 31 de Diciembre del 2026
SO57993,LUMINET,MAYO,18/5/2026,,,CECILIA NUÑEZ,OSCAR RIVERA,,COLEGIO DE ESTUDIOS CIENTIFICOS Y TECNOLOGICOS DEL ESTADO DE COAHUILA,"2026, SIDP-80, COLEGIO DE ESTUDIOS CIENTIFICOS Y TECNOLOGICOS DEL ESTADO DE COAHUILA, EMSAD - NADADORES",,"12,381",,"12,381",SÍ,NO,NO,DEDICADO,DEDICADO,80,ON,,,GOBIERNO,OTRO,RENOVACIÓN,NO,0.00,SÍ,,,,,Sitios relacionados a la renovación 2026 de la cuenta CECYTEC con  plazo del 14 de Abril al 31 de Diciembre del 2026
SO57995,LUMINET,MAYO,18/5/2026,,,CECILIA NUÑEZ,OSCAR RIVERA,,COLEGIO DE ESTUDIOS CIENTIFICOS Y TECNOLOGICOS DEL ESTADO DE COAHUILA,"2026, SIDP-80, COLEGIO DE ESTUDIOS CIENTIFICOS Y TECNOLOGICOS DEL ESTADO DE COAHUILA, EMSAD - FRONTERA",,"12,381",,"12,381",SÍ,NO,NO,DEDICADO,DEDICADO,80,ON,,,GOBIERNO,OTRO,RENOVACIÓN,NO,0.00,SÍ,,,,,Sitios relacionados a la renovación 2026 de la cuenta CECYTEC con  plazo del 14 de Abril al 31 de Diciembre del 2026
SO57996,LUMINET,MAYO,18/5/2026,,,CECILIA NUÑEZ,OSCAR RIVERA,,COLEGIO DE ESTUDIOS CIENTIFICOS Y TECNOLOGICOS DEL ESTADO DE COAHUILA,"2026, SIDP-80, COLEGIO DE ESTUDIOS CIENTIFICOS Y TECNOLOGICOS DEL ESTADO DE COAHUILA, EMSAD - MONCLOVA AZTECA",,"12,381",,"12,381",SÍ,NO,NO,DEDICADO,DEDICADO,80,ON,,,GOBIERNO,OTRO,RENOVACIÓN,NO,0.00,SÍ,,,,,Sitios relacionados a la renovación 2026 de la cuenta CECYTEC con  plazo del 14 de Abril al 31 de Diciembre del 2026
SO57997,LUMINET,MAYO,18/5/2026,,,CECILIA NUÑEZ,OSCAR RIVERA,,COLEGIO DE ESTUDIOS CIENTIFICOS Y TECNOLOGICOS DEL ESTADO DE COAHUILA,"2026, SIDP-80, COLEGIO DE ESTUDIOS CIENTIFICOS Y TECNOLOGICOS DEL ESTADO DE COAHUILA, CECYTEC - FRONTERA",,"12,381",,"12,381",SÍ,NO,NO,DEDICADO,DEDICADO,80,ON,,,GOBIERNO,OTRO,RENOVACIÓN,NO,0.00,SÍ,,,,,Sitios relacionados a la renovación 2026 de la cuenta CECYTEC con  plazo del 14 de Abril al 31 de Diciembre del 2026
SO57998,LUMINET,MAYO,18/5/2026,,,CECILIA NUÑEZ,OSCAR RIVERA,,COLEGIO DE ESTUDIOS CIENTIFICOS Y TECNOLOGICOS DEL ESTADO DE COAHUILA,"2026, SIDP-80, COLEGIO DE ESTUDIOS CIENTIFICOS Y TECNOLOGICOS DEL ESTADO DE COAHUILA, CECYTEC XOCHIPILLI",,"12,381",,"12,381",SÍ,NO,NO,DEDICADO,DEDICADO,80,ON,,,GOBIERNO,OTRO,RENOVACIÓN,NO,0.00,SÍ,,,,,Sitios relacionados a la renovación 2026 de la cuenta CECYTEC con  plazo del 14 de Abril al 31 de Diciembre del 2026
SO58018,LUMINET,MAYO,18/5/2026,,,CECILIA NUÑEZ,OSCAR RIVERA,,COLEGIO DE ESTUDIOS CIENTIFICOS Y TECNOLOGICOS DEL ESTADO DE COAHUILA,"2026, SIDP-80, COLEGIO DE ESTUDIOS CIENTIFICOS Y TECNOLOGICOS DEL ESTADO DE COAHUILA, CECYTEC - PALAU",,"12,381",,"12,381",SÍ,NO,NO,DEDICADO,DEDICADO,80,ON,,,GOBIERNO,OTRO,RENOVACIÓN,NO,0.00,SÍ,,,,,Sitios relacionados a la renovación 2026 de la cuenta CECYTEC con  plazo del 14 de Abril al 31 de Diciembre del 2026
SO58033,LUMINET,MAYO,18/5/2026,,,CECILIA NUÑEZ,OSCAR RIVERA,,COLEGIO DE ESTUDIOS CIENTIFICOS Y TECNOLOGICOS DEL ESTADO DE COAHUILA,"2026, SIDP-80, COLEGIO DE ESTUDIOS CIENTIFICOS Y TECNOLOGICOS DEL ESTADO DE COAHUILA, CECYTEC - AGUJITA",,"12,381",,"12,381",SÍ,NO,NO,DEDICADO,DEDICADO,80,ON,,,GOBIERNO,OTRO,RENOVACIÓN,NO,0.00,SÍ,,,,,Sitios relacionados a la renovación 2026 de la cuenta CECYTEC con  plazo del 14 de Abril al 31 de Diciembre del 2026
SO58034,LUMINET,MAYO,18/5/2026,,,CECILIA NUÑEZ,OSCAR RIVERA,,COLEGIO DE ESTUDIOS CIENTIFICOS Y TECNOLOGICOS DEL ESTADO DE COAHUILA,"2026, SIDP-80, COLEGIO DE ESTUDIOS CIENTIFICOS Y TECNOLOGICOS DEL ESTADO DE COAHUILA, CECYTEC - SAN BUENAVETURA",,"12,381",,"12,381",SÍ,NO,NO,DEDICADO,DEDICADO,80,ON,,,GOBIERNO,OTRO,RENOVACIÓN,NO,0.00,SÍ,,,,,Sitios relacionados a la renovación 2026 de la cuenta CECYTEC con  plazo del 14 de Abril al 31 de Diciembre del 2026
SO58036,LUMINET,MAYO,18/5/2026,,,CECILIA NUÑEZ,OSCAR RIVERA,,COLEGIO DE ESTUDIOS CIENTIFICOS Y TECNOLOGICOS DEL ESTADO DE COAHUILA,"2026, SIDP-80, COLEGIO DE ESTUDIOS CIENTIFICOS Y TECNOLOGICOS DEL ESTADO DE COAHUILA, CECYTEC - MORELOS",,"12,381",,"12,381",SÍ,NO,NO,DEDICADO,DEDICADO,80,ON,,,GOBIERNO,OTRO,RENOVACIÓN,NO,0.00,SÍ,,,,,Sitios relacionados a la renovación 2026 de la cuenta CECYTEC con  plazo del 14 de Abril al 31 de Diciembre del 2026
SO58037,LUMINET,MAYO,18/5/2026,,,CECILIA NUÑEZ,OSCAR RIVERA,,COLEGIO DE ESTUDIOS CIENTIFICOS Y TECNOLOGICOS DEL ESTADO DE COAHUILA,"2026, SIDP-80, COLEGIO DE ESTUDIOS CIENTIFICOS Y TECNOLOGICOS DEL ESTADO DE COAHUILA, EMSAD - SAN ANTONIO DE LA CASCADA",,"12,381",,"12,381",SÍ,NO,NO,DEDICADO,DEDICADO,80,ON,,,GOBIERNO,OTRO,RENOVACIÓN,NO,0.00,SÍ,,,,,Sitios relacionados a la renovación 2026 de la cuenta CECYTEC con  plazo del 14 de Abril al 31 de Diciembre del 2026
SO58042,LUMINET,MAYO,18/5/2026,,,CECILIA NUÑEZ,OSCAR RIVERA,,COLEGIO DE ESTUDIOS CIENTIFICOS Y TECNOLOGICOS DEL ESTADO DE COAHUILA,"2026, SIDP-80, COLEGIO DE ESTUDIOS CIENTIFICOS Y TECNOLOGICOS DEL ESTADO DE COAHUILA, CECYTEC - SABINAS",,"12,381",,"12,381",SÍ,NO,NO,DEDICADO,DEDICADO,80,ON,,,GOBIERNO,OTRO,RENOVACIÓN,NO,0.00,SÍ,,,,,Sitios relacionados a la renovación 2026 de la cuenta CECYTEC con  plazo del 14 de Abril al 31 de Diciembre del 2026
SO58059,LUMINET,MAYO,18/5/2026,,,CECILIA NUÑEZ,OSCAR RIVERA,,COLEGIO DE ESTUDIOS CIENTIFICOS Y TECNOLOGICOS DEL ESTADO DE COAHUILA,"2026, SIDP-80, COLEGIO DE ESTUDIOS CIENTIFICOS Y TECNOLOGICOS DEL ESTADO DE COAHUILA, CECYTEC - PIEDRAS NEGRAS NORTE",,"12,381",,"12,381",SÍ,NO,NO,DEDICADO,DEDICADO,80,ON,,,GOBIERNO,OTRO,RENOVACIÓN,NO,0.00,SÍ,,,,,Sitios relacionados a la renovación 2026 de la cuenta CECYTEC con  plazo del 14 de Abril al 31 de Diciembre del 2026
SO58061,LUMINET,MAYO,18/5/2026,,,CECILIA NUÑEZ,OSCAR RIVERA,,COLEGIO DE ESTUDIOS CIENTIFICOS Y TECNOLOGICOS DEL ESTADO DE COAHUILA,"2026, SIDP-80, COLEGIO DE ESTUDIOS CIENTIFICOS Y TECNOLOGICOS DEL ESTADO DE COAHUILA, EMSAD - SAN JOSE DEL AURA",,"12,381",,"12,381",SÍ,NO,NO,DEDICADO,DEDICADO,80,ON,,,GOBIERNO,OTRO,RENOVACIÓN,NO,0.00,SÍ,,,,,Sitios relacionados a la renovación 2026 de la cuenta CECYTEC con  plazo del 14 de Abril al 31 de Diciembre del 2026
SO58066,LUMINET,MAYO,18/5/2026,,,CECILIA NUÑEZ,OSCAR RIVERA,,COLEGIO DE ESTUDIOS CIENTIFICOS Y TECNOLOGICOS DEL ESTADO DE COAHUILA,"2026, SIDP-80, COLEGIO DE ESTUDIOS CIENTIFICOS Y TECNOLOGICOS DEL ESTADO DE COAHUILA, EMSAD - GUERRERO",,"12,381",,"12,381",SÍ,NO,NO,DEDICADO,DEDICADO,80,ON,,,GOBIERNO,OTRO,RENOVACIÓN,NO,0.00,SÍ,,,,,Sitios relacionados a la renovación 2026 de la cuenta CECYTEC con  plazo del 14 de Abril al 31 de Diciembre del 2026
SO58080,LUMINET,MAYO,18/5/2026,,,CECILIA NUÑEZ,OSCAR RIVERA,,COLEGIO DE ESTUDIOS CIENTIFICOS Y TECNOLOGICOS DEL ESTADO DE COAHUILA,"2026, SIDP-80, COLEGIO DE ESTUDIOS CIENTIFICOS Y TECNOLOGICOS DEL ESTADO DE COAHUILA, EMSAD - JUAREZ",,"12,381",,"12,381",SÍ,NO,NO,DEDICADO,DEDICADO,80,ON,,,GOBIERNO,OTRO,RENOVACIÓN,NO,0.00,SÍ,,,,,Sitios relacionados a la renovación 2026 de la cuenta CECYTEC con  plazo del 14 de Abril al 31 de Diciembre del 2026
SO58081,LUMINET,MAYO,18/5/2026,,,CECILIA NUÑEZ,OSCAR RIVERA,,COLEGIO DE ESTUDIOS CIENTIFICOS Y TECNOLOGICOS DEL ESTADO DE COAHUILA,"2026, SIDP-80, COLEGIO DE ESTUDIOS CIENTIFICOS Y TECNOLOGICOS DEL ESTADO DE COAHUILA, EMSAD - PIEDRAS NEGRAS 1",,"12,381",,"12,381",SÍ,NO,NO,DEDICADO,DEDICADO,80,ON,,,GOBIERNO,OTRO,RENOVACIÓN,NO,0.00,SÍ,,,,,Sitios relacionados a la renovación 2026 de la cuenta CECYTEC con  plazo del 14 de Abril al 31 de Diciembre del 2026
SO58164,LUMINET,MAYO,18/5/2026,,,CECILIA NUÑEZ,OSCAR RIVERA,,COLEGIO DE ESTUDIOS CIENTIFICOS Y TECNOLOGICOS DEL ESTADO DE COAHUILA,"2026, SIDP-80, COLEGIO DE ESTUDIOS CIENTIFICOS Y TECNOLOGICOS DEL ESTADO DE COAHUILA, EMSAD - NAVA",,"12,381",,"12,381",SÍ,NO,NO,DEDICADO,DEDICADO,80,ON,,,GOBIERNO,OTRO,RENOVACIÓN,NO,0.00,SÍ,,,,,Sitios relacionados a la renovación 2026 de la cuenta CECYTEC con  plazo del 14 de Abril al 31 de Diciembre del 2026
SO58165,LUMINET,MAYO,18/5/2026,,,CECILIA NUÑEZ,OSCAR RIVERA,,COLEGIO DE ESTUDIOS CIENTIFICOS Y TECNOLOGICOS DEL ESTADO DE COAHUILA,"2026, SIDP-80, COLEGIO DE ESTUDIOS CIENTIFICOS Y TECNOLOGICOS DEL ESTADO DE COAHUILA, EMSAD - NUEVA ROSITA",,"12,381",,"12,381",SÍ,NO,NO,DEDICADO,DEDICADO,80,ON,,,GOBIERNO,OTRO,RENOVACIÓN,NO,0.00,SÍ,,,,,Sitios relacionados a la renovación 2026 de la cuenta CECYTEC con  plazo del 14 de Abril al 31 de Diciembre del 2026
SO58166,LUMINET,MAYO,18/5/2026,,,CECILIA NUÑEZ,OSCAR RIVERA,,COLEGIO DE ESTUDIOS CIENTIFICOS Y TECNOLOGICOS DEL ESTADO DE COAHUILA,"2026, SIDP-80, COLEGIO DE ESTUDIOS CIENTIFICOS Y TECNOLOGICOS DEL ESTADO DE COAHUILA, CECYTEC - ACUÑA",,"12,381",,"12,381",SÍ,NO,NO,DEDICADO,DEDICADO,80,ON,,,GOBIERNO,OTRO,RENOVACIÓN,NO,0.00,SÍ,,,,,Sitios relacionados a la renovación 2026 de la cuenta CECYTEC con  plazo del 14 de Abril al 31 de Diciembre del 2026
SO58167,LUMINET,MAYO,18/5/2026,,,CECILIA NUÑEZ,OSCAR RIVERA,,COLEGIO DE ESTUDIOS CIENTIFICOS Y TECNOLOGICOS DEL ESTADO DE COAHUILA,"2026, SIDP-80, COLEGIO DE ESTUDIOS CIENTIFICOS Y TECNOLOGICOS DEL ESTADO DE COAHUILA, SITIO CECYTEC PIEDRAS NEGRAS",,"12,381",,"12,381",SÍ,NO,NO,DEDICADO,DEDICADO,80,ON,,,GOBIERNO,OTRO,RENOVACIÓN,NO,0.00,SÍ,,,,,Sitios relacionados a la renovación 2026 de la cuenta CECYTEC con  plazo del 14 de Abril al 31 de Diciembre del 2026
SO58818,HUUS,MAYO,18/5/2026,30/5/2026,SI,NANCY FUENTES,ADRIANA CABALLERO,FRANCISCO VILLATORO,MINERA REAL DE ANGELES,"HUUS, SIS-50-10-ilimitado, MINERA REAL DE ANGELES, SITIO: CORONEL 2 , ZAC","[SO58818] HUUS, SIS-50-10-ilimitado, MINERA REAL DE ANGELES","5,500",,"5,500",SÍ,SÍ,SÍ,SATELITAL,SATELITAL,50,OFF,Starlink,12,EMPRESARIAL,VENTA DIRECTA,UPSALE,SÍ,"66,000.00",ODC,,,,,
SO55324,XCIEN,MAYO,18/5/2026,,,EDWIN GARZA,DANIEL GONZÁLEZ,,CENTRO DE INSPECCION FITOZOOSANITARIO ACCESSA,"Sandur, SVOZ-SIPT-N2P, CENTRO DE INSPECCION FITOZOOSANITARIO ACCESSA, Sitio: Altamira",,638,,638,SÍ,NO,NO,SERVICIOS ADMINISTRADOS,TELEFONÍA,,OFF,N2P,12,EMPRESARIAL,EAC,MIGRACIÓN,NO,"7,656.00",NO,,,,,
SO58811,XCIEN,MAYO,18/5/2026,,,CECILIA NUÑEZ,OSCAR RIVERA,,"COMISARIA DE SEGURIDAD Y PROTECCION CIUDADANA DEL MUNICIPIO DE SALTILLO, COAHUILA DE ZARAGOZA","Sandur, SST-S, COMISARIA DE SEGURIDAD Y PROTECCION CIUDADANA DEL MUNICIPIO DE SALTILLO, COAHUILA DE ZARAGOZA, Oficinas Principales C2",,0,,0,SÍ,NO,NO,,,,N/A,,,GOBIERNO,OTRO,VENTA DE EQUIPO,NO,0.00,NO,,,,,oportunidad para instalar el grupo 3 de camaras urbanas
SO58284,XCIEN,MAYO,19/5/2026,,,CECILIA NUÑEZ,JORGE DE LA GARZA,JONATHAN TORRES,GAIM REGIOMONTANA,"Sandur, SIMPS-50, GAIM REGIOMONTANA, Sitio: Apodaca","[SO58284] Sandur, SIMPS-50, GAIM REGIOMONTANA","1,400",,"1,400",SÍ,NO,NO,PYME,PYME,50,ON,Rojas,24,EMPRESARIAL,VENTA DIRECTA,UPGRADE,SÍ,"33,600.00",ODC,,,,,
SO58820,HUUS,MAYO,19/5/2026,,,,FRANCISCO VILLATORO,,,,,0,,0,NO,NO,NO,,,,N/A,,,EMPRESARIAL,EAC,CAMBIO RAZÓN SOCIAL,NO,0.00,SÍ,,,,,Se confirma venta para poder facturar el servicio con la nueva razón social
SO55481,XCIEN,MAYO,19/5/2026,,,EDWIN GARZA,IRIS RAMÍREZ,, MAQROMAQ,"Sandur, SVOZ-SIPT-N2P, MAQROMAQ , MAQRO / Sitio: Concordia Bodega 8",,"1,914",,"1,914",SÍ,NO,NO,SERVICIOS ADMINISTRADOS,TELEFONÍA,,OFF,N2P,24,EMPRESARIAL,EAC,MIGRACIÓN,NO,"45,936.00",SÍ,,,,,Migración de AIISA a N2P
SO58738,LUMINET,MAYO,20/5/2026,,,FRANCISCO ALDAY,OSCAR RIVERA,,COMISION ESTATAL DE AGUAS Y SANEAMIENTO DE COAHUILA,"Luminet, SCET-AP, COMISION ESTATAL DE AGUAS Y SANEAMIENTO DE COAHUILA, Piso 2 Centro de Gobierno",,,"5,871","5,871",SÍ,NO,NO,,,,N/A,,,GOBIERNO,OTRO,VENTA DE EQUIPO,NO,0.00,NO,,,,,
SO58883,LUMINET,MAYO,20/5/2026,21/5/2026,SI,SERGIO ABREGO,FELIPE CAZARES,DANIEL GONZÁLEZ,BACKBONE TECHNOLOGIES,"Sandur, SIMP-30, BACKBONE TECHNOLOGIES, SITIO TRANSPORTES COLORADO","[SO58883] Sandur, SIMP-30, BACKBONE TECHNOLOGIES","2,200",,"2,200",SÍ,SÍ,SÍ,PYME,PYME,30,ON,Rep Derramadero,24,EMPRESARIAL,VENTA DIRECTA,UPSALE,SÍ,"52,800.00",SÍ,,,,,
SO58544,XCIEN,MAYO,20/5/2026,,,EDWIN GARZA,ALEJANDRA TELLEZ,,BH INSTALACIONES Y SERVICIOS BUENTELLO,"Sandur, SSIT, BH INSTALACIONES Y SERVICIOS BUENTELLO, PLANTA MONTEMORELOS",,,"5,935","5,935",SÍ,SÍ,NO,,,,N/A,,,OTRO,DISTRIBUIDOR,VENTA DE EQUIPO,NO,0.00,NO,,,,,Solamente se confirma la venta
SO58742,XCIEN,MAYO,20/5/2026,25/5/2026,SI,CECILIA NUÑEZ,GERARDO DE LA GARZA,IRIS RAMÍREZ,CENTRAL DE DROGAS,"Sandur, SIDP-200, CENTRAL DE DROGAS, SITIO LA PERLA","[SO58742] Sandur, SIDP-200, CENTRAL DE DROGAS","2,500",,"2,500",SÍ,NO,NO,DEDICADO,DEDICADO,200,ON,Naucalpan,36,EMPRESARIAL,VENTA DIRECTA,UPGRADE,SÍ,"90,000.00",SÍ,,,,,
SO58872,XCIEN,MAYO,20/5/2026,,,EDWIN GARZA,IRIS RAMÍREZ,,FOMENTO EMPRESARIAL INMOBILIARIO,"Sandur, CDD, FOMENTO EMPRESARIAL INMOBILIARIO, BO BUENA VISTA 5 (EL CARMEN)",,,0,0,SÍ,NO,NO,,,,ON,El Carmen,,EMPRESARIAL,EAC,CAMBIO DE DOMICILIO,NO,0.00,NO,,,,,
SO58877,LUMINET,MAYO,21/5/2026,,,CECILIA NUÑEZ,OSCAR RIVERA,,GOBIERNO DEL ESTADO DE COAHUILA DE ZARAGOZA  ( ORQUESTA FILARMONICA DEL DESIERTO ),"Luminet, SIEV-20-1, GOBIERNO DEL ESTADO DE COAHUILA DE ZARAGOZA  ( ORQUESTA FILARMONICA DEL DESIERTO ), Teatro de la ciudad 5 2026",,,0,0,SÍ,NO,NO,DEDICADO,EVENTUAL,20,ON,Jolla,,GOBIERNO,OTRO,EVENTUAL,NO,0.00,NO,,,,,
SO58897,XCIEN,MAYO,21/5/2026,,,FRANCISCO ALDAY,OSCAR RIVERA,,"COMISARIA DE SEGURIDAD Y PROTECCION CIUDADANA DEL MUNICIPIO DE SALTILLO, COAHUILA DE ZARAGOZA","Sandur, SST-S, COMISARIA DE SEGURIDAD Y PROTECCION CIUDADANA DEL MUNICIPIO DE SALTILLO, COAHUILA DE ZARAGOZA, C2 SALTILLO",,,0,0,SÍ,NO,NO,,,,N/A,,,GOBIERNO,OTRO,VENTA DE EQUIPO,NO,0.00,NO,,,,,Instalación de 5 cámaras más relacionadas al proyecto de comisarías
SO58876,XCIEN,MAYO,21/5/2026,27/5/2026,SI,NANCY FUENTES,CLAUDIA NIETO,LEONARDO RODRÍGUEZ,SERGIO HERNANDEZ TRISTAN,"Sandur, SID-10, SERGIO HERNANDEZ TRISTAN, SITIO LAS MERCEDES",,0,,0,SÍ,NO,NO,DEDICADO,DEDICADO,10,ON,Carretera 57,,OTRO,OTRO,CORTESÍA,NO,0.00,NO,,,,,Cortesía adicional al arrendador de la RB Carretera 57
SO50591,HUUS,MAYO,22/5/2026,,,NANCY FUENTES,ADRIANA CABALLERO,FRANCISCO VILLATORO,SERVICIOS MEDICOS Y LABORATORIO,"HUUS, SIDP-30, SERVICIOS MEDICOS Y LABORATORIOS, Sitio: Narvarte, Benito Juárez Cdmx","[Offnet:SO50591] HUUS, SIDP-30, SERVICIOS MEDICOS Y LABORATORIOS","6,950",,"6,950",NO,SÍ,SÍ,DEDICADO,DEDICADO,30,OFF,BBS RED,12,EMPRESARIAL,VENTA DIRECTA,PRIMERA VENTA,SÍ,"83,400.00",SÍ,,,,,
SO58773,XCIEN,MAYO,22/5/2026,,,CECILIA NUÑEZ,IRIS RAMÍREZ,,ARMANDO NICOLAS RODRIGUEZ CISNEROS,"Sandur, SIMP-20, ARMANDO NICOLAS RODRIGUEZ CISNEROS, SITIO: Plaza Tapatía 185",,-640,,-640,SÍ,NO,NO,PYME,PYME,20,ON,Saltillo Oriente,12,EMPRESARIAL,EAC,DECREMENTO,NO,"-7,680.00",SÍ,,,,,Renovación
SO58936,LUMINET,MAYO,25/5/2026,,,CECILIA NUÑEZ,OSCAR RIVERA,,LUMINET WAN,"Luminet, SIDP-20, LUMINET WAN, VILLA COLONIAL",,0,,0,SÍ,NO,NO,DEDICADO,DEDICADO,20,ON,Loft,,GOBIERNO,OTRO,MIGRACIÓN,NO,0.00,NO,,,,,Se cambia de tecnología tarana a microtik
SO58063,LUMINET,MAYO,25/5/2026,,,CECILIA NUÑEZ,ROSA SOLÍS,LEONARDO RODRÍGUEZ,NEESE DE MEXICO,"Luminet, SIDP-300, NEESE DE MEXICO, SITIO: NEESE DE MÉXICO//","[SO58063] Luminet, SIDP-300, NEESE DE MEXICO","7,750",,"7,750",SÍ,NO,NO,DEDICADO,DEDICADO,300,ON,Piedras Negras,36,EMPRESARIAL,VENTA DIRECTA,UPGRADE,SÍ,"279,000.00",SÍ,,,,,Se va a entregar 300mb por FO con una redundancia de 100 mb por MO
SO58882,HUUS,MAYO,25/5/2026,,,NANCY FUENTES,ANA GARZA,,MARIA DEL CARMEN DE LA GARZA,"HUUS, SIMP-20, MARIA DEL CARMEN DE LA GARZA MORALES, Sitio: Casa",,-399,,-399,SÍ,NO,NO,PYME,PYME,20,ON,Santa Isabel,24,EMPRESARIAL,EAC,DECREMENTO,NO,"-9,576.00",SÍ,,,,,Decremento de costo por renovación
SO58874,HUUS,MAYO,25/5/2026,,,NANCY FUENTES,FRANCISCO VILLATORO,,I.N.G.E.T.E.K.N.O.S. ESTRUCTURALES,"HUUS, SIDP-100, I.N.G.E.T.E.K.N.O.S. ESTRUCTURALES, SITIO GARCIA",,0,,0,SÍ,NO,NO,DEDICADO,DEDICADO,100,ON,Mitras,36,EMPRESARIAL,EAC,DEMO,NO,0.00,NO,,,,,Se hara incremento a cliente por 15 días para prueba de servicio
SO58907,HUUS,MAYO,25/5/2026,26/5/2026,SI,NANCY FUENTES,RAFAEL PÉREZ,FRANCISCO VILLATORO,GRUPO IYOLIC,"HUUS, SIDP-50, GRUPO IYOLIC, SITIO: TEPOTZOTLAN BODEGA 2","[SO58907] HUUS, SIDP-50, GRUPO IYOLIC","3,100",,"3,100",SÍ,NO,NO,DEDICADO,DEDICADO,50,ON,Coyotepec,36,EMPRESARIAL,VENTA DIRECTA,UPGRADE,SÍ,"111,600.00",SÍ,,,,,
SO58976,XCIEN,MAYO,26/5/2026,,,FRANCISCO ALDAY,OSCAR RIVERA,,"COMISARIA DE SEGURIDAD Y PROTECCION CIUDADANA DEL MUNICIPIO DE SALTILLO, COAHUILA DE ZARAGOZA","Sandur, SST-S, COMISARIA DE SEGURIDAD Y PROTECCION CIUDADANA DEL MUNICIPIO DE SALTILLO, COAHUILA DE ZARAGOZA, C2 SALTILLO",,,0,0,SÍ,NO,NO,,,,N/A,,,GOBIERNO,OTRO,VENTA DE EQUIPO,NO,0.00,NO,,,,,oportunidad para instalar el grupo 3 de camaras urbanas
SO58971,HUUS,MAYO,26/5/2026,,,NANCY FUENTES,GERARDO DE LA PUENTE,FRANCISCO VILLATORO, PLASTIHOME WL,"HUUS, SST-R, PLASTIHOME WL, SITIO TEPOTZOTLAN",,,0,0,SÍ,NO,NO,,,,N/A,,,EMPRESARIAL,VENTA DIRECTA,VENTA DE EQUIPO,NO,0.00,NO,,,,,Cambio de marcación para el cliente sin costo
SO58576,XCIEN,MAYO,27/5/2026,,,KEVIN TORRES,PEDRO MARTÍNEZ,LEONARDO RODRÍGUEZ,"KINGSPAN INSULATED PANELS,","SIDP-500, KINGSPAN INSULATED PANELS, SITIO: PABELLON M","[SO58576] Sandur, SIDP-500, KINGSPAN INSULATED PANELS","10,000",,"10,000",SÍ,NO,NO,DEDICADO,DEDICADO,500,ON,Pabellon M,36,EMPRESARIAL,VENTA DIRECTA,UPGRADE,SÍ,"360,000.00",SÍ,,,,,
SO58578,XCIEN,MAYO,27/5/2026,28/5/2026,SI,EDWIN GARZA,JONATHAN TORRES,,PINTURAS BEREL,"Sandur, SIDP-50, PINTURAS BEREL, SITIO BEREL EDIFICIO VAO",,"-2,700",,"-2,700",SÍ,NO,NO,DEDICADO,DEDICADO,50,ON,Nimiw,36,EMPRESARIAL,EAC,DECREMENTO,NO,"-97,200.00",SÍ,,,,,Incremento de velocidad sin incremento de costo por renovación de servicio
SO52103,XCIEN,MAYO,27/5/2026,,,KEVIN TORRES,PEDRO PAEZ,,AGUIRRE EXPRESS REFRIGERADOS,"Sandur, SIDP-50, AGUIRRE EXPRESS REFRIGERADOS, CARR. A SALINAS VICTORIA KM. 6, #585, 65500 SALINAS VICTORIA, N.L.","[SO52103] Sandur, SIDP-50, AGUIRRE EXPRESS REFRIGERADOS","5,000",,"5,000",NO,SÍ,SÍ,DEDICADO,DEDICADO,50,ON,Norte,36,EMPRESARIAL,VENTA DIRECTA,PRIMERA VENTA,SÍ,"180,000.00",SÍ,,,,,
SO57718,LUMINET,MAYO,27/5/2026,30/5/2026,SI,FRANCISCO ALDAY,JULIO PUENTE,,PUBLICIDAD Y EVENTOS FILM,"Luminet, SIEV-100, PUBLICIDAD Y EVENTOS FILM, UAdeC Arteaga","[SO57718], Luminet, SIEV-100, PUBLICIDAD Y EVENTOS FILM",,"38,590","38,590",NO,SÍ,NO,DEDICADO,EVENTUAL,100,ON,Saltillo Oriente,,EMPRESARIAL,VENTA DIRECTA,EVENTUAL,NO,0.00,NO,,,,,Eventual del 1 al 4 de junio
SO58406,XCIEN,MAYO,27/5/2026,,,KEVIN TORRES,JAIME GARZA,,FOMENTO EMPRESARIAL INMOBILIARIO,"Sandur, SIDP-50, FOMENTO EMPRESARIAL INMOBILIARIO, CV Ankara Queretaro","[Offnet:SO58406] Sandur, SIDP-50, FOMENTO EMPRESARIAL INMOBILIARIO","6,271",,"6,271",SÍ,NO,SÍ,DEDICADO,DEDICADO,50,ON,NOC NetBIT,36,EMPRESARIAL,VENTA DIRECTA,UPSALE,SÍ,"225,756.00",SÍ,,,,,
SO58868,HUUS,MAYO,27/5/2026,,,,ANA GARZA,,CONCRETOS TECNICOS DE MEXICO,,,"3,200",,"3,200",SÍ,NO,NO,,,,N/A,,36,EMPRESARIAL,EAC,RENOVACIÓN,NO,"115,200.00",SÍ,,,,,
SO58863,HUUS,MAYO,27/5/2026,,,,ANA GARZA,,CONCRETOS TECNICOS DE MEXICO,,,"3,200",,"3,200",SÍ,NO,NO,,,,N/A,,36,EMPRESARIAL,EAC,RENOVACIÓN,NO,"115,200.00",SÍ,,,,,
SO58867,HUUS,MAYO,27/5/2026,,,,ANA GARZA,,CONCRETOS TECNICOS DE MEXICO,,,"4,348",,"4,348",SÍ,NO,NO,,,,N/A,,36,EMPRESARIAL,EAC,RENOVACIÓN,NO,"156,528.00",SÍ,,,,,
SO58869,HUUS,MAYO,27/5/2026,,,,ANA GARZA,,CONCRETOS TECNICOS DE MEXICO,,,"4,328",,"4,328",SÍ,NO,NO,,,,N/A,,36,EMPRESARIAL,EAC,RENOVACIÓN,NO,"155,808.00",SÍ,,,,,
SO58822,XCIEN,MAYO,27/5/2026,,,EDWIN GARZA,JONATHAN TORRES,,TODO EMPAQUE EF,"Sandur, CDD, TODO EMPAQUE EF , BODEGA ESCOBEDO",,,0,0,SÍ,NO,NO,,,,N/A,,,EMPRESARIAL,EAC,CAMBIO DE DOMICILIO,NO,0.00,NO,,,,,Sin costo por incremento de la cuenta
SO57838,XCIEN,MAYO,27/5/2026,,,KEVIN TORRES,DAVID REYES,,FRATERNA ADMINISTRADORA DE PROYECTOS,"Sandur, SA-WIFI-A, FRATERNA ADMINISTRADORA DE PROYECTOS, Semillero Purisima","[SO57838] Sandur, SA-WIFI-A, FRATERNA ADMINISTRADORA DE PROYECTOS","19,500","148,776","168,276",NO,SÍ,SÍ,SERVICIOS ADMINISTRADOS,WIFI ADMINISTRADO,,ON,Purisima,12,EMPRESARIAL,VENTA DIRECTA,PRIMERA VENTA,SÍ,"234,000.00",SÍ,,,,,Se pasa a habilitarsin CSF actualizada y estando ambos servicios en la misma oportunidad
SO58823,HUUS,MAYO,27/5/2026,,,NANCY FUENTES,FRANCISCO VILLATORO,,PROYECTOS AGRICOLAS,"HUUS, CDD, PROYECTOS AGRICOLAS, SITIO BENJAMIN FRANKLIN",,,"2,990","2,990",SÍ,NO,NO,,,,N/A,,,EMPRESARIAL,EAC,CAMBIO DE DOMICILIO,NO,0.00,NO,,,,,
SO57787,HUUS,MAYO,27/5/2026,,,NANCY FUENTES,RAFAEL PÉREZ,,DPS GESTION DOCUMENTAL,"HUUS, HWiFi-eero, DPS GESTION DOCUMENTAL, SITIO:  Toluca 2000",,,"1,490","1,490",SÍ,NO,NO,SERVICIOS ADMINISTRADOS,WIFI ADMINISTRADO,,N/A,,,EMPRESARIAL,VENTA DIRECTA,VENTA DE EQUIPO,NO,0.00,NO,,,,,
SO58655,HUUS,MAYO,27/5/2026,,,,ANA GARZA,,LEONARDO RODRIGUEZ PARAS,,,"1,188",,"1,188",SÍ,NO,NO,,,,N/A,,18,EMPRESARIAL,EAC,RENOVACIÓN,NO,"21,384.00",ODC,,,,,
SO58961,XCIEN,MAYO,27/5/2026,,,KEVIN TORRES,JAIME GARZA,IRIS RAMÍREZ,FOMENTO EMPRESARIAL INMOBILIARIO,"Sandur, SIE-100x30-500G, FOMENTO EMPRESARIAL INMOBILIARIO, SITIO BO SORRENTO","[SO58961] Sandur, SIE-100x30-500G, FOMENTO EMPRESARIAL INMOBILIARIO","5,899",,"5,899",SÍ,NO,SÍ,SATELITAL,SATELITAL,100,OFF,Starlink,36,EMPRESARIAL,VENTA DIRECTA,UPSALE,SÍ,"212,364.00",ODC,,,,,
SO58962,XCIEN,MAYO,27/5/2026,,,KEVIN TORRES,JAIME GARZA,IRIS RAMÍREZ,FOMENTO EMPRESARIAL INMOBILIARIO,"Sandur, SSA-40F-UTP, FOMENTO EMPRESARIAL INMOBILIARIO, SITIO BO SORRENTO",,0,,0,SÍ,NO,NO,SERVICIOS ADMINISTRADOS,HILLSTONE,,ON,,36,EMPRESARIAL,VENTA DIRECTA,VENTA DE EQUIPO,NO,0.00,ODC,,,,,
SO56842,XCIEN,MAYO,27/5/2026,,,KEVIN TORRES,JAIME GARZA,IRIS RAMÍREZ,FOMENTO EMPRESARIAL INMOBILIARIO,"Sandur, SIE-100x30-500G, FOMENTO EMPRESARIAL INMOBILIARIO, SITIO GENOVA","[SO56842] Sandur, SIE-100x30-500G, FOMENTO EMPRESARIAL INMOBILIARIO","5,899",,"5,899",SÍ,NO,SÍ,SATELITAL,SATELITAL,100,OFF,Starlink,36,EMPRESARIAL,VENTA DIRECTA,UPSALE,SÍ,"212,364.00",ODC,,,,,
SO56839,XCIEN,MAYO,27/5/2026,,,KEVIN TORRES,JAIME GARZA,IRIS RAMÍREZ,FOMENTO EMPRESARIAL INMOBILIARIO,"Sandur, SIE-100x30-500G, FOMENTO EMPRESARIAL INMOBILIARIO, CV Balkan Qro.","[SO56839] Sandur, SIE-100x30-500G, FOMENTO EMPRESARIAL INMOBILIARIO","5,899",,"5,899",SÍ,NO,SÍ,SATELITAL,SATELITAL,100,OFF,Starlink,36,EMPRESARIAL,VENTA DIRECTA,UPSALE,SÍ,"212,364.00",ODC,,,,,
SO56841,XCIEN,MAYO,27/5/2026,,,KEVIN TORRES,JAIME GARZA,IRIS RAMÍREZ,FOMENTO EMPRESARIAL INMOBILIARIO,"Sandur, SSA-40F-UTP, FOMENTO EMPRESARIAL INMOBILIARIO, CV Balkan Qro.",,0,,0,SÍ,NO,NO,SERVICIOS ADMINISTRADOS,HILLSTONE,,ON,,36,EMPRESARIAL,VENTA DIRECTA,VENTA DE EQUIPO,NO,0.00,ODC,,,,,
SO56838,XCIEN,MAYO,27/5/2026,,,KEVIN TORRES,JAIME GARZA,IRIS RAMÍREZ,FOMENTO EMPRESARIAL INMOBILIARIO,"Sandur, SSA-40F-UTP, FOMENTO EMPRESARIAL INMOBILIARIO, CV VALENCIA",,0,,0,SÍ,NO,NO,SERVICIOS ADMINISTRADOS,HILLSTONE,,ON,,36,EMPRESARIAL,VENTA DIRECTA,VENTA DE EQUIPO,NO,0.00,ODC,,,,,
SO56835,XCIEN,MAYO,27/5/2026,,,KEVIN TORRES,JAIME GARZA,IRIS RAMÍREZ,FOMENTO EMPRESARIAL INMOBILIARIO,"Sandur, SIE-100x30-500G, FOMENTO EMPRESARIAL INMOBILIARIO, CV Ankara Queretaro..","[SO56835] Sandur, SIE-100x30-500G, FOMENTO EMPRESARIAL INMOBILIARIO","5,899",,"5,899",SÍ,NO,SÍ,SATELITAL,SATELITAL,100,OFF,Starlink,36,EMPRESARIAL,VENTA DIRECTA,UPSALE,SÍ,"212,364.00",ODC,,,,,
SO56836,XCIEN,MAYO,27/5/2026,,,KEVIN TORRES,JAIME GARZA,IRIS RAMÍREZ,FOMENTO EMPRESARIAL INMOBILIARIO,"Sandur, SSA-40F-UTP, FOMENTO EMPRESARIAL INMOBILIARIO, CV Ankara Queretaro..",,0,,0,SÍ,NO,NO,SERVICIOS ADMINISTRADOS,HILLSTONE,,ON,,36,EMPRESARIAL,VENTA DIRECTA,VENTA DE EQUIPO,NO,0.00,ODC,,,,,
SO56822,XCIEN,MAYO,27/5/2026,,,KEVIN TORRES,JAIME GARZA,IRIS RAMÍREZ,FOMENTO EMPRESARIAL INMOBILIARIO,"Sandur, SIE-100x30-500G, FOMENTO EMPRESARIAL INMOBILIARIO, SITIO LENNA QUERÉTARO","[SO56822] Sandur, SIE-100x30-500G, FOMENTO EMPRESARIAL INMOBILIARIO","5,899",,"5,899",SÍ,NO,SÍ,SATELITAL,SATELITAL,100,OFF,Starlink,36,EMPRESARIAL,VENTA DIRECTA,UPSALE,SÍ,"212,364.00",ODC,,,,,
SO56823,XCIEN,MAYO,27/5/2026,,,KEVIN TORRES,JAIME GARZA,IRIS RAMÍREZ,FOMENTO EMPRESARIAL INMOBILIARIO,"Sandur, SSA-40F-UTP, FOMENTO EMPRESARIAL INMOBILIARIO, SITIO LENNA QUERÉTARO",,0,,0,SÍ,NO,NO,SERVICIOS ADMINISTRADOS,HILLSTONE,,ON,,36,EMPRESARIAL,VENTA DIRECTA,VENTA DE EQUIPO,NO,0.00,ODC,,,,,
SO56804,XCIEN,MAYO,27/5/2026,,,KEVIN TORRES,JAIME GARZA,IRIS RAMÍREZ,FOMENTO EMPRESARIAL INMOBILIARIO,"Sandur, SSA-40F-UTP, FOMENTO EMPRESARIAL INMOBILIARIO, SITIO CV ANTALIA",,0,,0,SÍ,NO,NO,SERVICIOS ADMINISTRADOS,HILLSTONE,,ON,,36,EMPRESARIAL,VENTA DIRECTA,VENTA DE EQUIPO,NO,0.00,ODC,,,,,
SO56800,XCIEN,MAYO,27/5/2026,,,KEVIN TORRES,JAIME GARZA,IRIS RAMÍREZ,FOMENTO EMPRESARIAL INMOBILIARIO,"Sandur, SIE-100x30-500G, FOMENTO EMPRESARIAL INMOBILIARIO, CV ZEVANA","[SO56800] Sandur, SIE-100x30-500G, FOMENTO EMPRESARIAL INMOBILIARIO","5,899",,"5,899",SÍ,NO,SÍ,SATELITAL,SATELITAL,100,OFF,Starlink,36,EMPRESARIAL,VENTA DIRECTA,UPSALE,SÍ,"212,364.00",ODC,,,,,
SO56803,XCIEN,MAYO,27/5/2026,,,KEVIN TORRES,JAIME GARZA,IRIS RAMÍREZ,FOMENTO EMPRESARIAL INMOBILIARIO,"Sandur, SSA-40F-UTP, FOMENTO EMPRESARIAL INMOBILIARIO, CV ZEVANA",,0,,0,SÍ,NO,NO,SERVICIOS ADMINISTRADOS,HILLSTONE,,ON,,36,EMPRESARIAL,VENTA DIRECTA,VENTA DE EQUIPO,NO,0.00,ODC,,,,,
SO56796,XCIEN,MAYO,27/5/2026,,,KEVIN TORRES,JAIME GARZA,IRIS RAMÍREZ,FOMENTO EMPRESARIAL INMOBILIARIO,"Sandur, SIE-100x30-500G, FOMENTO EMPRESARIAL INMOBILIARIO, CV ZENICA","[SO56796] Sandur, SIE-100x30-500G, FOMENTO EMPRESARIAL INMOBILIARIO","5,899",,"5,899",SÍ,NO,SÍ,SATELITAL,SATELITAL,100,OFF,Starlink,36,EMPRESARIAL,VENTA DIRECTA,UPSALE,SÍ,"212,364.00",ODC,,,,,
SO56797,XCIEN,MAYO,27/5/2026,,,KEVIN TORRES,JAIME GARZA,IRIS RAMÍREZ,FOMENTO EMPRESARIAL INMOBILIARIO,"Sandur, SSA-40F-UTP, FOMENTO EMPRESARIAL INMOBILIARIO, CV ZENICA",,0,,0,SÍ,NO,NO,SERVICIOS ADMINISTRADOS,HILLSTONE,,ON,,36,EMPRESARIAL,VENTA DIRECTA,VENTA DE EQUIPO,NO,0.00,ODC,,,,,
SO56792,XCIEN,MAYO,27/5/2026,,,KEVIN TORRES,JAIME GARZA,IRIS RAMÍREZ,FOMENTO EMPRESARIAL INMOBILIARIO,"Sandur, SIE-100x30-500G, FOMENTO EMPRESARIAL INMOBILIARIO, CV Santa Luz","[SO56792] Sandur, SIE-100x30-500G, FOMENTO EMPRESARIAL INMOBILIARIO","5,899",,"5,899",SÍ,NO,SÍ,SATELITAL,SATELITAL,100,OFF,Starlink,36,EMPRESARIAL,VENTA DIRECTA,UPSALE,SÍ,"212,364.00",ODC,,,,,
SO56793,XCIEN,MAYO,27/5/2026,,,KEVIN TORRES,JAIME GARZA,IRIS RAMÍREZ,FOMENTO EMPRESARIAL INMOBILIARIO,"Sandur, SSA-40F-UTP, FOMENTO EMPRESARIAL INMOBILIARIO, CV Santa Luz",,0,,0,SÍ,NO,NO,SERVICIOS ADMINISTRADOS,HILLSTONE,,ON,,36,EMPRESARIAL,VENTA DIRECTA,VENTA DE EQUIPO,NO,0.00,ODC,,,,,
SO56790,XCIEN,MAYO,27/5/2026,,,KEVIN TORRES,JAIME GARZA,IRIS RAMÍREZ,FOMENTO EMPRESARIAL INMOBILIARIO,"Sandur, SIE-100x30-500G, FOMENTO EMPRESARIAL INMOBILIARIO, CV Nayenh Qro.","[SO56790] Sandur, SIE-100x30-500G, FOMENTO EMPRESARIAL INMOBILIARIO","5,899",,"5,899",SÍ,NO,SÍ,SATELITAL,SATELITAL,100,OFF,Starlink,36,EMPRESARIAL,VENTA DIRECTA,UPSALE,SÍ,"212,364.00",ODC,,,,,
SO56791,XCIEN,MAYO,27/5/2026,,,KEVIN TORRES,JAIME GARZA,IRIS RAMÍREZ,FOMENTO EMPRESARIAL INMOBILIARIO,"Sandur, SSA-40F-UTP, FOMENTO EMPRESARIAL INMOBILIARIO, CV Nayenh Qro.",,0,,0,SÍ,NO,NO,SERVICIOS ADMINISTRADOS,HILLSTONE,,ON,,36,EMPRESARIAL,VENTA DIRECTA,VENTA DE EQUIPO,NO,0.00,ODC,,,,,
SO58996,XCIEN,MAYO,28/5/2026,,,FRANCISCO ALDAY,OSCAR RIVERA,,,"Sandur, SST-S, COMISARIA DE SEGURIDAD Y PROTECCION CIUDADANA DEL MUNICIPIO DE SALTILLO, COAHUILA DE ZARAGOZA, Oficinas Principales C2",,0,,0,SÍ,NO,NO,,,,N/A,,,GOBIERNO,OTRO,VENTA DE EQUIPO,NO,0.00,NO,,,,,Instalación de 9 cámaras más al proyecto de comisarías.
SO59011,XCIEN,MAYO,28/5/2026,,,KEVIN TORRES,JAIME GARZA,IRIS RAMÍREZ,FOMENTO EMPRESARIAL INMOBILIARIO,"Sandur, INST-T-TZ30-21, FOMENTO EMPRESARIAL INMOBILIARIO, BO ROMANA",,,"31,643","31,643",SÍ,NO,NO,,,,OFF,,,EMPRESARIAL,VENTA DIRECTA,VENTA DE EQUIPO,NO,0.00,ODC,,,,,
SO58892,XCIEN,MAYO,28/5/2026,,,KEVIN TORRES,JAIME GARZA,IRIS RAMÍREZ,FOMENTO EMPRESARIAL INMOBILIARIO,"Sandur, SPAP-RadioA-RadioB, FOMENTO EMPRESARIAL INMOBILIARIO, BO ROMANA",,,"30,000","30,000",SÍ,NO,NO,SERVICIOS ADMINISTRADOS,PUNTO A PUNTO,,ON,,,EMPRESARIAL,VENTA DIRECTA,VENTA DE EQUIPO,NO,0.00,ODC,,,,,Equipos para punto a punto
SO56802,XCIEN,MAYO,28/5/2026,,,KEVIN TORRES,JAIME GARZA,IRIS RAMÍREZ,FOMENTO EMPRESARIAL INMOBILIARIO,"Sandur, SIE-100x30-500G, FOMENTO EMPRESARIAL INMOBILIARIO, SITIO CV ANTALIA","[SO56802] Sandur, SIE-100x30-500G, FOMENTO EMPRESARIAL INMOBILIARIO","5,899",,"5,899",SÍ,NO,SÍ,SATELITAL,SATELITAL,100,OFF,Starlink,36,EMPRESARIAL,VENTA DIRECTA,UPSALE,SÍ,"212,364.00",ODC,,,,,
SO57836,HUUS,MAYO,28/5/2026,,,NANCY FUENTES,ROBERTO GALINDO,FRANCISCO VILLATORO,CARMI LOGISTICS GLOBAL,"HUUS, SVOZ-SIPT-N2P, CARMI LOGISTICS GLOBAL, SITIO NUEVO LAREDO","[SO57836] HUUS, SVOZ-SIPT-N2P, CARMI LOGISTICS GLOBAL","5,844",,"5,844",SÍ,SÍ,NO,SERVICIOS ADMINISTRADOS,TELEFONÍA,,OFF,N2P,36,EMPRESARIAL,VENTA DIRECTA,UPSALE,SÍ,"210,384.00",SÍ,,,,,
SO59020,HUUS,MAYO,28/5/2026,,,NANCY FUENTES,MARIO LOMELÍ,,ANA PRISCILLA FONT NOGUEIRA,"HUUS, SIEV-10-1, ANA PRISCILLA FONT NOGUEIRA, ARTZ Pedregal",,,"2,500","2,500",SÍ,SÍ,NO,DEDICADO,EVENTUAL,100,OFF,Hub networks,,EMPRESARIAL,VENTA DIRECTA,EVENTUAL,NO,0.00,NO,,,,,Extensión de servicio ya instalado por una semana más
SO58945,HUUS,MAYO,29/5/2026,,,NANCY FUENTES,FRANCISCO VILLATORO,,UNIDAD DE VERIFICACION ALTEÑA,"HUUS, SIDP-40, UNIDAD DE VERIFICACION ALTEÑA, SITIO: TEPATITLAN","[Offnet:SO58945] HUUS, SIDP-40, UNIDAD DE VERIFICACION ALTEÑA",581,,581,SÍ,NO,NO,DEDICADO,DEDICADO,40,OFF,Assetel,36,EMPRESARIAL,EAC,UPGRADE,SÍ,"20,918.88",SÍ,,,,,
SO58774,HUUS,MAYO,29/5/2026,29/5/2026,SI,NANCY FUENTES,FRANCISCO VILLATORO,, LOGIC PALACIOS,"HUUS, SID-20, LOGIC PALACIOS, Sitio: Tultitlan",,"3,199",,"3,199",SÍ,NO,NO,DEDICADO,DEDICADO,20,ON,Cuautitlán,36,EMPRESARIAL,EAC,RENOVACIÓN,NO,"115,164.00",SÍ,,,,,Incremento de velocidad sin incremento de costo por renovación de la cuenta
SO58364,XCIEN,MAYO,29/5/2026,,,KEVIN TORRES,DANIEL GONZÁLEZ,,J & J TRACTO SOLUTIONS,"Sandur, SIMP-15, J & J TRACTO SOLUTIONS, SITIO: Salinas Victoria",,-159,,-159,SÍ,NO,NO,PYME,PYME,15,ON,,36,EMPRESARIAL,EAC,DECREMENTO,NO,"-5,724.00",SÍ,,,,,
SO58925,XCIEN,MAYO,29/5/2026,,,KEVIN TORRES,GERARDO DE LA GARZA,,ONE CALL MX OPERATIONS,"Sandur, SVOZ-EXT-N2P, ONE CALL MX OPERATIONS, SITIO: CX MONTERREY Recepción","[SO58925] Sandur, SVOZ-EXT-N2P, ONE CALL MX OPERATIONS",360,,360,NO,SÍ,SÍ,SERVICIOS ADMINISTRADOS,TELEFONÍA,,OFF,N2P,12,EMPRESARIAL,VENTA DIRECTA,PRIMERA VENTA,SÍ,"4,320.00",SÍ,,,,,
SO58772,HUUS,MAYO,29/5/2026,,,NANCY FUENTES,FRANCISCO VILLATORO,,VERIFICENTRO FEDERAL NAVARRO,"HUUS, SID-20, VERIFICENTRO FEDERAL NAVARRO, SITIO: AV. MEXIQUENSE",,"3,671",,"3,671",SÍ,NO,NO,DEDICADO,DEDICADO,20,ON,Rep Xochimiquia,36,EMPRESARIAL,EAC,RENOVACIÓN,NO,"132,153.12",SÍ,,,,,
SO58891,XCIEN,MAYO,29/5/2026,,,EDWIN GARZA,TIRSO ROMERO,CARLOS ALONSO,TRANSPORTES MONTERREY,"Sandur, SIDP-100, TRANSPORTES MONTERREY, SITIO: GTM TOLUCA","[SO58891] Sandur, SIDP-100, TRANSPORTES MONTERREY","10,000",,"10,000",SÍ,NO,SÍ,DEDICADO,DEDICADO,100,ON,Totoltepec,36,EMPRESARIAL,VENTA DIRECTA,UPSALE,SÍ,"360,000.00",SÍ,,,,,
SO58914,XCIEN,MAYO,29/5/2026,,,EDWIN GARZA,TIRSO ROMERO,CARLOS ALONSO,TALLERES Y REFACCIONES MONTERREY,"Sandur, SIDP-100, TALLERES Y REFACCIONES MONTERREY, SITIO: TYR CIENEGA DE FLORES","[SO58914] Sandur, SIDP-100, TALLERES Y REFACCIONES MONTERREY",0,,0,SÍ,NO,NO,DEDICADO,DEDICADO,100,ON,Rojas,36,EMPRESARIAL,VENTA DIRECTA,UPSALE,SÍ,0.00,SÍ,,,,,
SO58606,XCIEN,MAYO,29/5/2026,,,SERGIO ABREGO,JUAN ESCAMILLA,,DISTRIBUCION CONFIABLE,"Sandur, SIDP-20, DISTRIBUCION CONFIABLE, Sitio:Andalucia","[SO58606] Sandur, SIDP-20, DISTRIBUCION CONFIABLE","2,100",,"2,100",NO,SÍ,SÍ,DEDICADO,DEDICADO,20,ON,Industrial Apodaca,36,EMPRESARIAL,VENTA DIRECTA,PRIMERA VENTA,SÍ,"75,600.00",SÍ,,,,,
SO59017,LUMINET,MAYO,29/5/2026,,,CECILIA NUÑEZ,FELIPE CAZARES,DANIEL GONZÁLEZ,BACKBONE TECHNOLOGIES,"Sandur, SIMP-50, BACKBONE TECHNOLOGIES, SITIO DRP INDUSTRIES PARQUE VYNMSA","[SO59017] Sandur, SIMP-50, BACKBONE TECHNOLOGIES","3,200",,"3,200",SÍ,SÍ,SÍ,PYME,PYME,50,ON,Mecsa Ramos,24,EMPRESARIAL,VENTA DIRECTA,UPSALE,SÍ,"76,800.00",SÍ,,,,,
SO59032,HUUS,MAYO,29/5/2026,,,NANCY FUENTES,ROBERTO GALINDO,FRANCISCO VILLATORO,CARMI LOGISTICS GLOBAL,"HUUS, SIPHA-IPv4, CARMI LOGISTICS GLOBAL, SITIO NUEVO LAREDO","[Offnet:SO59032] HUUS, SIPHA-IPv4, CARMI LOGISTICS GLOBAL","3,200",,"3,200",SÍ,SÍ,NO,SERVICIOS ADMINISTRADOS,IP ADICIONAL,,OFF,Alestra,36,EMPRESARIAL,VENTA DIRECTA,UPSALE,SÍ,"115,200.00",SÍ,,,,,
SO58963,XCIEN,MAYO,30/5/2026,,,KEVIN TORRES,JUAN ESCAMILLA,, EMPRESAS GRAÑA,"Sandur, SIMPS-100, EMPRESAS GRAÑA, Sitio:Canada","[SO58963] Sandur, SIMPS-100, EMPRESAS GRAÑA","5,000",,"5,000",NO,SÍ,SÍ,PYME,PYME,100,OFF,Sendero,36,EMPRESARIAL,VENTA DIRECTA,PRIMERA VENTA,SÍ,"180,000.00",SÍ,,,,,
SO58964,XCIEN,MAYO,30/5/2026,,,KEVIN TORRES,JUAN ESCAMILLA,, EMPRESAS GRAÑA,"Sandur, SVOZ-SIPT-N2P, EMPRESAS GRAÑA, Sitio:Canada","[SO58964] Sandur, SVOZ-SIPT-N2P, EMPRESAS GRAÑA",500,,500,SÍ,SÍ,NO,SERVICIOS ADMINISTRADOS,TELEFONÍA,,OFF,N2P,36,EMPRESARIAL,VENTA DIRECTA,UPSALE,SÍ,"18,000.00",SÍ,,,,,
SO58656,HUUS,MAYO,30/5/2026,,,NANCY FUENTES,GERARDO DE LA PUENTE,FRANCISCO VILLATORO,DEREMATE.COM DE MEXICO,"HUUS, SIDP-500, DEREMATE.COM DE MEXICO, SITIO: MXNL02","[SO58656] HUUS, SIDP-500, DEREMATE.COM DE MEXICO","37,800",,"37,800",SÍ,SÍ,SÍ,DEDICADO,DEDICADO,500,ON,,36,EMPRESARIAL,DISTRIBUIDOR,UPSALE,SÍ,"1,360,800.00",SÍ,,,,,
SO58815,XCIEN,JUNIO,1/6/2026,,,CECILIA NUÑEZ,OSCAR RIVERA,,TRIBUNAL DE JUSTICIA ADMINISTRATIVA DE COAHUILA DE ZARAGOZA,"Sandur, SIDP-200, TRIBUNAL DE JUSTICIA ADMINISTRATIVA DE COAHUILA DE ZARAGOZA, Tribunal Coss",,"9,741",,"9,741",SÍ,NO,NO,DEDICADO,DEDICADO,200,ON,Loft,24,GOBIERNO,OTRO,UPSALE,SÍ,"233,784.00",NO,,,,,
SO59030,XCIEN,JUNIO,1/6/2026,,,CECILIA NUÑEZ,JORGE DE LA GARZA,,ALQUIMIA DETERGENTES,"Sandur, SIMP-10, ALQUIMIA DETERGENTES, Sitio: Bosques las Misiones","[SO59030] Sandur, SIMP-10, ALQUIMIA DETERGENTES",959,,959,NO,SÍ,SÍ,PYME,PYME,10,,Santiago II,24,EMPRESARIAL,VENTA DIRECTA,PRIMERA VENTA,SÍ,"23,016.00",SÍ,,,,,
SO56837,XCIEN,JUNIO,1/6/2026,,,KEVIN TORRES,JAIME GARZA,IRIS RAMÍREZ,FOMENTO EMPRESARIAL INMOBILIARIO,"Sandur, SIE-100x30-500G, FOMENTO EMPRESARIAL INMOBILIARIO, CV VALENCIA","[SO56837] Sandur, SIE-100x30-500G, FOMENTO EMPRESARIAL INMOBILIARIO","5,899",,"5,899",SÍ,NO,SÍ,SATELITAL,SATELITAL,100,OFF,Starflink,36,EMPRESARIAL,VENTA DIRECTA,UPSALE,SÍ,"212,364.00",ODC,,,,,
SO56843,XCIEN,JUNIO,1/6/2026,,,KEVIN TORRES,JAIME GARZA,IRIS RAMÍREZ,FOMENTO EMPRESARIAL INMOBILIARIO,"Sandur, SSA-40F-UTP, FOMENTO EMPRESARIAL INMOBILIARIO, SITIO GENOVA",,0,,0,SÍ,NO,NO,SERVICIOS ADMINISTRADOS,ALTA DISPONIBILIDAD,,ON,,36,EMPRESARIAL,VENTA DIRECTA,UPSALE,SÍ,0.00,ODC,,,,,
SO56875,XCIEN,JUNIO,1/6/2026,,,EDWIN GARZA,DANIEL GONZÁLEZ,,BLUE NET SERVICIOS,"Sandur, SVOZ-SIPT-N2P, BLUE NET SERVICIOS, SITIO LUIS DONALDO COLOSIO LINEAS DE VOZ",,638,,638,SÍ,NO,NO,SERVICIOS ADMINISTRADOS,TELEFONÍA,,OFF,N2P,24,EMPRESARIAL,EAC,MIGRACIÓN,NO,"15,312.00",NO,,,,,
SO58968,LUMINET,JUNIO,1/6/2026,,,CECILIA NUÑEZ,ROSA SOLÍS,LEONARDO RODRÍGUEZ,NEESE DE MÉXICO,"Luminet, SIDP-100, NEESE DE MEXICO, SITIO: NEESE DE MÉXICO//",,0,,0,SÍ,NO,NO,DEDICADO,DEDICADO,100,ON,Piedras Negras,36,EMPRESARIAL,VENTA DIRECTA,UPGRADE,SÍ,0.00,NO,,,,,
SO59013,HUUS,JUNIO,2/6/2026,,,,FRANCISCO VILLATORO,,CONTENEDORES INDUSTRIALES GRECO,,,"3,009",,"3,009",SÍ,NO,NO,DEDICADO,DEDICADO,20,N/A,,36,EMPRESARIAL,EAC,RENOVACIÓN,NO,"108,324.00",NO,,,,,
SO58895,XCIEN,JUNIO,2/6/2026,,,FRANCISCO ALDAY,OSCAR RIVERA,,COMISARIA DE SEGURIDAD Y PROTECCION CIUDADANA DEL MUNICIPIO DE SALTILLO,"Sandur, SST-S, COMISARIA DE SEGURIDAD Y PROTECCION CIUDADANA DEL MUNICIPIO DE SALTILLO, COAHUILA DE ZARAGOZA, C2 SALTILLO",,0,,0,SÍ,NO,NO,,,,N/A,,,GOBIERNO,OTRO,VENTA DE EQUIPO,NO,0.00,NO,,,,,
SO58581,XCIEN,JUNIO,2/6/2026,,,FRANCISCO ALDAY,OSCAR RIVERA,,COMISARIA DE SEGURIDAD Y PROTECCION CIUDADANA DEL MUNICIPIO DE SALTILLO,"Sandur, SST-S, COMISARIA DE SEGURIDAD Y PROTECCION CIUDADANA DEL MUNICIPIO DE SALTILLO, COAHUILA DE ZARAGOZA, Bomberos (Oriente)",,0,,0,SÍ,NO,NO,,,,N/A,,,GOBIERNO,OTRO,VENTA DE EQUIPO,NO,0.00,NO,,,,,
SO58579,XCIEN,JUNIO,2/6/2026,,,FRANCISCO ALDAY,OSCAR RIVERA,,COMISARIA DE SEGURIDAD Y PROTECCION CIUDADANA DEL MUNICIPIO DE SALTILLO,"Sandur, SST-S, COMISARIA DE SEGURIDAD Y PROTECCION CIUDADANA DEL MUNICIPIO DE SALTILLO, COAHUILA DE ZARAGOZA, Cristo de las galeras",,0,,0,SÍ,NO,NO,,,,N/A,,,GOBIERNO,OTRO,VENTA DE EQUIPO,NO,0.00,NO,,,,,
SO58582,XCIEN,JUNIO,2/6/2026,,,FRANCISCO ALDAY,OSCAR RIVERA,,COMISARIA DE SEGURIDAD Y PROTECCION CIUDADANA DEL MUNICIPIO DE SALTILLO,"Sandur, SST-S, COMISARIA DE SEGURIDAD Y PROTECCION CIUDADANA DEL MUNICIPIO DE SALTILLO, COAHUILA DE ZARAGOZA, Lomas del Refugio",,0,,0,SÍ,NO,NO,,,,N/A,,,GOBIERNO,OTRO,VENTA DE EQUIPO,NO,0.00,NO,,,,,
SO58580,XCIEN,JUNIO,2/6/2026,,,FRANCISCO ALDAY,OSCAR RIVERA,,COMISARIA DE SEGURIDAD Y PROTECCION CIUDADANA DEL MUNICIPIO DE SALTILLO,"Sandur, SST-S, COMISARIA DE SEGURIDAD Y PROTECCION CIUDADANA DEL MUNICIPIO DE SALTILLO, COAHUILA DE ZARAGOZA, Pozo III (Boca del Oso)",,0,,0,SÍ,NO,NO,,,,N/A,,,GOBIERNO,OTRO,VENTA DE EQUIPO,NO,0.00,NO,,,,,
SO58541,XCIEN,JUNIO,2/6/2026,,,FRANCISCO ALDAY,OSCAR RIVERA,,COMISARIA DE SEGURIDAD Y PROTECCION CIUDADANA DEL MUNICIPIO DE SALTILLO,"Sandur, SST-S, COMISARIA DE SEGURIDAD Y PROTECCION CIUDADANA DEL MUNICIPIO DE SALTILLO, COAHUILA DE ZARAGOZA, delegacion sur",,0,,0,SÍ,NO,NO,,,,N/A,,,GOBIERNO,OTRO,VENTA DE EQUIPO,NO,0.00,NO,,,,,
SO59077,XCIEN,JUNIO,2/6/2026,,,FRANCISCO ALDAY,OSCAR RIVERA,,COMISARIA DE SEGURIDAD Y PROTECCION CIUDADANA DEL MUNICIPIO DE SALTILLO,"Sandur, SST-S, COMISARIA DE SEGURIDAD Y PROTECCION CIUDADANA DEL MUNICIPIO DE SALTILLO, COAHUILA DE ZARAGOZA, C2 SALTILLO",,0,,0,SÍ,NO,NO,,,,N/A,,,GOBIERNO,OTRO,VENTA DE EQUIPO,NO,0.00,NO,,,,,
SO59038,XCIEN,JUNIO,2/6/2026,3/6/2026,SI,CECILIA NUÑEZ,DAVID REYES,LEONARDO RODRÍGUEZ,SERVICIO PETRO JUNIPERO,"Sandur, SIDP-30, Servicio Petro Junipero, Servicio Petro Junipero Queretaro","[SO59038] Sandur, SIDP-30, SERVICIO PETRO JUNIPERO","2,000",,"2,000",NO,SÍ,SÍ,DEDICADO,DEDICADO,30,ON,Penal II,36,EMPRESARIAL,VENTA DIRECTA,PRIMERA VENTA,SÍ,"72,000.00",SÍ,,,,,
SO58845,XCIEN,JUNIO,2/6/2026,,,CECILIA NUÑEZ,OSCAR RIVERA,,PARTIDO REVOLUCIONARIO INSTITUCIONAL,"Sandur, SIMPS-200, PARTIDO REVOLUCIONARIO INSTITUCIONAL, Oficinas PRI Torreon",,"4,310",,"4,310",SÍ,NO,NO,PYME,PYME,200,ON,Rep Cerro de las Noas,,GOBIERNO,OTRO,EVENTUAL,NO,0.00,NO,,,,,Incremento temporal por 15 días//se pagara en efectivo
SO59082,XCIEN,JUNIO,2/6/2026,,,FRANCISCO ALDAY,OSCAR RIVERA,,PARTIDO REVOLUCIONARIO INSTITUCIONAL,"Planta baja, SIS-100-10-ilimitado, PARTIDO REVOLUCIONARIO INSTITUCIONAL, Oficinas PRI Torreon",,0,,0,SÍ,NO,NO,SATELITAL,SATELITAL,100,OFF,Starlink,,GOBIERNO,OTRO,EVENTUAL,NO,0.00,NO,,,,,"Instalacion de 2 servicios  starlink  para las oficinas del PRI en Torreón por un plazo de 20 dias, se solicitó como apoyo para las elecciones que están en puerta este 7 de Junio."
SO59081,XCIEN,JUNIO,2/6/2026,,,FRANCISCO ALDAY,OSCAR RIVERA,,PARTIDO REVOLUCIONARIO INSTITUCIONAL,"Planta alta, SIS-100-10-ilimitado, PARTIDO REVOLUCIONARIO INSTITUCIONAL, Oficinas PRI Torreon",,0,,0,SÍ,NO,NO,SATELITAL,SATELITAL,100,OFF,Starlink,,GOBIERNO,OTRO,EVENTUAL,NO,0.00,NO,,,,,"Instalacion de 2 servicios  starlink  para las oficinas del PRI en Torreón por un plazo de 20 dias, se solicitó como apoyo para las elecciones que están en puerta este 7 de Junio."
SO59102,XCIEN,JUNIO,3/6/2026,,,FRANCISCO ALDAY,OSCAR RIVERA,,PARTIDO REVOLUCIONARIO INSTITUCIONAL,"Sandur, SIEV-200-1, PARTIDO REVOLUCIONARIO INSTITUCIONAL, Oficinas Partido",,0,,0,SÍ,NO,NO,DEDICADO,EVENTUAL,200,ON,Loft,,GOBIERNO,OTRO,EVENTUAL,NO,0.00,NO,,,,,Cortesía por un día
SO58569,XCIEN,JUNIO,3/6/2026,4/6/2026,SI,EDWIN GARZA,PEDRO PAEZ,JONATHAN TORRES, STAHL DE MONTERREY,"Sandur, SIDP-30, STAHL DE MONTERREY, SITIO CIÉNEGA DE FLORES","[SO58569] Sandur, SIDP-30, STAHL DE MONTERREY",304,,304,SÍ,NO,NO,DEDICADO,DEDICADO,30,ON,Rojas,24,EMPRESARIAL,VENTA DIRECTA,UPGRADE,SÍ,"7,296.00",SÍ,,,,,
SO58948,XCIEN,JUNIO,3/6/2026,,,NANCY FUENTES,CARLOS ALONSO,,BOE VISION ELECTRONIC TECHNOLOGY MEXICO,"Sandur, S-REUB-EQ, BOE VISION ELECTRONIC TECHNOLOGY MEXICO, sitio tijuana IT SITE",,,"1,990","1,990",SÍ,NO,NO,,,,OFF,KONECTA DE MÉXICO,,EMPRESARIAL,EAC,CAMBIO DE DOMICILIO,NO,0.00,NO,,,,,
SO59110,XCIEN,JUNIO,3/6/2026,,,CECILIA NUÑEZ,IRIS RAMÍREZ,,"FOMENTO DEPORTIVO, SOCIAL Y CULTURAL","Sandur, SID-20, FOMENTO DEPORTIVO, SOCIAL Y CULTURAL, SITIO DEPORTIVO",,"-2,899",,"-2,899",SÍ,NO,NO,DEDICADO,DEDICADO,20,ON,Juárez,6,EMPRESARIAL,EAC,DECREMENTO,NO,"-17,394.00",SÍ,,,,,
,,,,,,,,,,,,,,0,,,,,,,,,,,,,NO,0.00,,,,,,
,,,,,,,,,,,,,,0,,,,,,,,,,,,,NO,0.00,,,,,,
,,,,,,,,,,,,,,,,,,,,,,,,,,,NO,0.00,,,,,,
,,,,,,,,,,,,,,,,,,,,,,,,,,,NO,0.00,,,,,,
,,,,,,,,,,,,,,,,,,,,,,,,,,,NO,0.00,,,,,,
,,,,,,,,,,,,,,,,,,,,,,,,,,,NO,0.00,,,,,,
,,,,,,,,,,,,,,,,,,,,,,,,,,,NO,0.00,,,,,,
,,,,,,,,,,,,,,,,,,,,,,,,,,,NO,,,,,,,
,,,,,,,,,,,,,,,,,,,,,,,,,,,NO,,,,,,,
,,,,,,,,,,,,,,,,,,,,,,,,,,,NO,,,,,,,
,,,,,,,,,,,,,,,,,,,,,,,,,,,NO,,,,,,,
,,,,,,,,,,,,,,,,,,,,,,,,,,,NO,,,,,,,
,,,,,,,,,,,,,,,,,,,,,,,,,,,NO,,,,,,,
,,,,,,,,,,,,,,,,,,,,,,,,,,,NO,,,,,,,
,,,,,,,,,,,,,,,,,,,,,,,,,,,NO,,,,,,,
,,,,,,,,,,,,,,,,,,,,,,,,,,,NO,,,,,,,
,,,,,,,,,,,,,,,,,,,,,,,,,,,NO,,,,,,,
,,,,,,,,,,,,,,,,,,,,,,,,,,,NO,,,,,,,
,,,,,,,,,,,,,,,,,,,,,,,,,,,NO,,,,,,,
,,,,,,,,,,,,,,,,,,,,,,,,,,,NO,,,,,,,
,,,,,,,,,,,,,,,,,,,,,,,,,,,NO,,,,,,,
,,,,,,,,,,,,,,,,,,,,,,,,,,,NO,,,,,,,
,,,,,,,,,,,,,,,,,,,,,,,,,,,NO,,,,,,,
,,,,,,,,,,,,,,,,,,,,,,,,,,,NO,,,,,,,
,,,,,,,,,,,,,,,,,,,,,,,,,,,NO,,,,,,,
,,,,,,,,,,,,,,,,,,,,,,,,,,,NO,,,,,,,
,,,,,,,,,,,,,,,,,,,,,,,,,,,NO,,,,,,,
,,,,,,,,,,,,,,,,,,,,,,,,,,,NO,,,,,,,
,,,,,,,,,,,,,,,,,,,,,,,,,,,NO,,,,,,,
,,,,,,,,,,,,,,,,,,,,,,,,,,,NO,,,,,,,
,,,,,,,,,,,,,,,,,,,,,,,,,,,NO,,,,,,,
,,,,,,,,,,,,,,,,,,,,,,,,,,,NO,,,,,,,
,,,,,,,,,,,,,,,,,,,,,,,,,,,NO,,,,,,,
,,,,,,,,,,,,,,,,,,,,,,,,,,,NO,,,,,,,
,,,,,,,,,,,,,,,,,,,,,,,,,,,NO,,,,,,,
,,,,,,,,,,,,,,,,,,,,,,,,,,,NO,,,,,,,
,,,,,,,,,,,,,,,,,,,,,,,,,,,NO,,,,,,,
,,,,,,,,,,,,,,,,,,,,,,,,,,,NO,,,,,,,
,,,,,,,,,,,,,,,,,,,,,,,,,,,NO,,,,,,,
,,,,,,,,,,,,,,,,,,,,,,,,,,,NO,,,,,,,
,,,,,,,,,,,,,,,,,,,,,,,,,,,NO,,,,,,,
,,,,,,,,,,,,,,,,,,,,,,,,,,,NO,,,,,,,
,,,,,,,,,,,,,,,,,,,,,,,,,,,NO,,,,,,,
,,,,,,,,,,,,,,,,,,,,,,,,,,,NO,,,,,,,
,,,,,,,,,,,,,,,,,,,,,,,,,,,NO,,,,,,,
,,,,,,,,,,,,,,,,,,,,,,,,,,,NO,,,,,,,
,,,,,,,,,,,,,,,,,,,,,,,,,,,NO,,,,,,,
,,,,,,,,,,,,,,,,,,,,,,,,,,,NO,,,,,,,
,,,,,,,,,,,,,,,,,,,,,,,,,,,NO,,,,,,,
,,,,,,,,,,,,,,,,,,,,,,,,,,,NO,,,,,,,
,,,,,,,,,,,,,,,,,,,,,,,,,,,NO,,,,,,,
,,,,,,,,,,,,,,,,,,,,,,,,,,,NO,,,,,,,
,,,,,,,,,,,,,,,,,,,,,,,,,,,NO,,,,,,,
,,,,,,,,,,,,,,,,,,,,,,,,,,,NO,,,,,,,
,,,,,,,,,,,,,,,,,,,,,,,,,,,NO,,,,,,,
,,,,,,,,,,,,,,,,,,,,,,,,,,,NO,,,,,,,
,,,,,,,,,,,,,,,,,,,,,,,,,,,NO,,,,,,,
,,,,,,,,,,,,,,,,,,,,,,,,,,,NO,,,,,,,
,,,,,,,,,,,,,,,,,,,,,,,,,,,NO,,,,,,,
,,,,,,,,,,,,,,,,,,,,,,,,,,,NO,,,,,,,
,,,,,,,,,,,,,,,,,,,,,,,,,,,NO,,,,,,,
,,,,,,,,,,,,,,,,,,,,,,,,,,,NO,,,,,,,
,,,,,,,,,,,,,,,,,,,,,,,,,,,NO,,,,,,,
,,,,,,,,,,,,,,,,,,,,,,,,,,,NO,,,,,,,
,,,,,,,,,,,,,,,,,,,,,,,,,,,NO,,,,,,,
,,,,,,,,,,,,,,,,,,,,,,,,,,,NO,,,,,,,
,,,,,,,,,,,,,,,,,,,,,,,,,,,NO,,,,,,,
,,,,,,,,,,,,,,,,,,,,,,,,,,,NO,,,,,,,
,,,,,,,,,,,,,,,,,,,,,,,,,,,NO,,,,,,,
,,,,,,,,,,,,,,,,,,,,,,,,,,,NO,,,,,,,
,,,,,,,,,,,,,,,,,,,,,,,,,,,NO,,,,,,,
,,,,,,,,,,,,,,,,,,,,,,,,,,,NO,,,,,,,
,,,,,,,,,,,,,,,,,,,,,,,,,,,NO,,,,,,,
,,,,,,,,,,,,,,,,,,,,,,,,,,,NO,,,,,,,
,,,,,,,,,,,,,,,,,,,,,,,,,,,NO,,,,,,,
,,,,,,,,,,,,,,,,,,,,,,,,,,,NO,,,,,,,
,,,,,,,,,,,,,,,,,,,,,,,,,,,NO,,,,,,,
,,,,,,,,,,,,,,,,,,,,,,,,,,,NO,,,,,,,
,,,,,,,,,,,,,,,,,,,,,,,,,,,NO,,,,,,,
,,,,,,,,,,,,,,,,,,,,,,,,,,,NO,,,,,,,
,,,,,,,,,,,,,,,,,,,,,,,,,,,NO,,,,,,,
,,,,,,,,,,,,,,,,,,,,,,,,,,,NO,,,,,,,
,,,,,,,,,,,,,,,,,,,,,,,,,,,NO,,,,,,,
,,,,,,,,,,,,,,,,,,,,,,,,,,,NO,,,,,,,
,,,,,,,,,,,,,,,,,,,,,,,,,,,NO,,,,,,,
,,,,,,,,,,,,,,,,,,,,,,,,,,,NO,,,,,,,
,,,,,,,,,,,,,,,,,,,,,,,,,,,NO,,,,,,,
,,,,,,,,,,,,,,,,,,,,,,,,,,,NO,,,,,,,
,,,,,,,,,,,,,,,,,,,,,,,,,,,NO,,,,,,,
,,,,,,,,,,,,,,,,,,,,,,,,,,,NO,,,,,,,
,,,,,,,,,,,,,,,,,,,,,,,,,,,NO,,,,,,,
,,,,,,,,,,,,,,,,,,,,,,,,,,,NO,,,,,,,
,,,,,,,,,,,,,,,,,,,,,,,,,,,NO,,,,,,,
,,,,,,,,,,,,,,,,,,,,,,,,,,,NO,,,,,,,
,,,,,,,,,,,,,,,,,,,,,,,,,,,NO,,,,,,,
,,,,,,,,,,,,,,,,,,,,,,,,,,,NO,,,,,,,
,,,,,,,,,,,,,,,,,,,,,,,,,,,NO,,,,,,,
,,,,,,,,,,,,,,,,,,,,,,,,,,,NO,,,,,,,
,,,,,,,,,,,,,,,,,,,,,,,,,,,NO,,,,,,,
,,,,,,,,,,,,,,,,,,,,,,,,,,,NO,,,,,,,
,,,,,,,,,,,,,,,,,,,,,,,,,,,NO,,,,,,,
,,,,,,,,,,,,,,,,,,,,,,,,,,,NO,,,,,,,
,,,,,,,,,,,,,,,,,,,,,,,,,,,NO,,,,,,,
,,,,,,,,,,,,,,,,,,,,,,,,,,,NO,,,,,,,
,,,,,,,,,,,,,,,,,,,,,,,,,,,NO,,,,,,,
,,,,,,,,,,,,,,,,,,,,,,,,,,,NO,,,,,,,
,,,,,,,,,,,,,,,,,,,,,,,,,,,NO,,,,,,,
,,,,,,,,,,,,,,,,,,,,,,,,,,,NO,,,,,,,
,,,,,,,,,,,,,,,,,,,,,,,,,,,NO,,,,,,,
,,,,,,,,,,,,,,,,,,,,,,,,,,,NO,,,,,,,
,,,,,,,,,,,,,,,,,,,,,,,,,,,NO,,,,,,,
,,,,,,,,,,,,,,,,,,,,,,,,,,,NO,,,,,,,
,,,,,,,,,,,,,,,,,,,,,,,,,,,NO,,,,,,,
,,,,,,,,,,,,,,,,,,,,,,,,,,,NO,,,,,,,
,,,,,,,,,,,,,,,,,,,,,,,,,,,NO,,,,,,,
,,,,,,,,,,,,,,,,,,,,,,,,,,,NO,,,,,,,
,,,,,,,,,,,,,,,,,,,,,,,,,,,NO,,,,,,,
,,,,,,,,,,,,,,,,,,,,,,,,,,,NO,,,,,,,
,,,,,,,,,,,,,,,,,,,,,,,,,,,NO,,,,,,,
,,,,,,,,,,,,,,,,,,,,,,,,,,,NO,,,,,,,
,,,,,,,,,,,,,,,,,,,,,,,,,,,NO,,,,,,,
,,,,,,,,,,,,,,,,,,,,,,,,,,,NO,,,,,,,
,,,,,,,,,,,,,,,,,,,,,,,,,,,NO,,,,,,,
,,,,,,,,,,,,,,,,,,,,,,,,,,,NO,,,,,,,
,,,,,,,,,,,,,,,,,,,,,,,,,,,NO,,,,,,,
,,,,,,,,,,,,,,,,,,,,,,,,,,,NO,,,,,,,